IDRegion;RegionName;TitleId;JobTitleName;N;TotalApplications;Mean;P50
8;Barcelona;591;Receptionist;374;48888;131;122
8;Barcelona;669;Waiter;358;30642;86;80
7;Islas Baleares;221;Cook;326;15324;47;29
7;Islas Baleares;669;Waiter;270;26366;98;76
7;Islas Baleares;552;Chambermaid;268;19830;74;38
8;Barcelona;221;Cook;248;18132;73;73
28;Madrid;669;Waiter;229;19485;85;63
28;Madrid;591;Receptionist;215;38381;179;155
7;Islas Baleares;591;Receptionist;175;18486;106;92
7;Islas Baleares;257;Chef de Partie;174;5284;30;20
28;Madrid;221;Cook;171;10543;62;41
35;Las Palmas;552;Chambermaid;155;5917;38;30
8;Barcelona;552;Chambermaid;132;12473;94;92
8;Barcelona;584;Hotel Receptionist;121;12797;106;82
7;Islas Baleares;668;Waiter Assistant;121;7120;59;29
29;Málaga;552;Chambermaid;117;9946;85;57
29;Málaga;669;Waiter;117;7376;63;49
38;Santa Cruz de Tenerife;552;Chambermaid;117;3803;33;26
7;Islas Baleares;494;Maintenance Technician;114;3672;32;27
7;Islas Baleares;243;Kitchen Assistant;112;6947;62;39
147;Porto;669;Waiter;110;7005;64;47
38;Santa Cruz de Tenerife;668;Waiter Assistant;109;1964;18;12
29;Málaga;221;Cook;108;4555;42;33
132;Lisboa;591;Receptionist;105;10218;97;98
132;Lisboa;669;Waiter;105;9698;92;84
35;Las Palmas;221;Cook;101;2519;25;20
7;Islas Baleares;561;Housekeeping Staff;101;2963;29;19
8;Barcelona;243;Kitchen Assistant;98;11206;114;106
35;Las Palmas;669;Waiter;98;4004;41;29
38;Santa Cruz de Tenerife;243;Kitchen Assistant;93;2290;25;21
147;Porto;221;Cook;91;3923;43;32
7;Islas Baleares;652;Head Waiter;91;4234;47;38
8;Barcelona;668;Waiter Assistant;90;8056;90;93
8;Barcelona;494;Maintenance Technician;89;3554;40;39
28;Madrid;243;Kitchen Assistant;89;6654;75;71
8;Barcelona;561;Housekeeping Staff;86;12770;148;140
29;Málaga;591;Receptionist;84;10786;128;101
28;Madrid;668;Waiter Assistant;82;6839;83;76
3;Alicante;669;Waiter;81;4346;54;37
46;Valencia;591;Receptionist;80;14602;183;139
28;Madrid;584;Hotel Receptionist;79;8792;111;79
3;Alicante;552;Chambermaid;78;5547;71;44
7;Islas Baleares;254;Sous Chef;78;2131;27;23
132;Lisboa;584;Hotel Receptionist;75;6151;82;61
46;Valencia;669;Waiter;74;5974;81;62
28;Madrid;572;Bellboy;74;4769;64;65
28;Madrid;590;Reception Assistant;70;7732;110;73
8;Barcelona;572;Bellboy;69;3679;53;56
38;Santa Cruz de Tenerife;221;Cook;69;1320;19;17
7;Islas Baleares;218;Chef;68;3442;51;44
147;Porto;591;Receptionist;67;7526;112;108
38;Santa Cruz de Tenerife;669;Waiter;66;2644;40;32
28;Madrid;552;Chambermaid;66;8891;135;120
28;Madrid;494;Maintenance Technician;66;1859;28;22
35;Las Palmas;243;Kitchen Assistant;66;1871;28;22
7;Islas Baleares;551;Assistant Executive Housekeeper;65;1722;26;20
41;Sevilla;669;Waiter;65;5035;77;59
46;Valencia;221;Cook;65;3782;58;42
7;Islas Baleares;590;Reception Assistant;62;4024;65;62
7;Islas Baleares;580;Front Office Manager;59;2752;47;38
3;Alicante;221;Cook;58;2355;41;27
17;Girona;669;Waiter;58;1605;28;19
132;Lisboa;221;Cook;58;4475;77;68
35;Las Palmas;668;Waiter Assistant;57;2617;46;27
3;Alicante;591;Receptionist;56;5869;105;77
8;Barcelona;226;Dishwasher;56;5028;90;81
8;Barcelona;589;Night Receptionist;55;3980;72;61
7;Islas Baleares;584;Hotel Receptionist;51;4517;89;76
7;Islas Baleares;572;Bellboy;51;2860;56;40
28;Madrid;561;Housekeeping Staff;50;5251;105;95
29;Málaga;243;Kitchen Assistant;48;2498;52;42
7;Islas Baleares;664;Restaurant Section Head;48;1161;24;20
17;Girona;221;Cook;48;1597;33;37
17;Girona;552;Chambermaid;48;1480;31;26
17;Girona;591;Receptionist;47;2446;52;42
41;Sevilla;221;Cook;47;3149;67;55
132;Lisboa;494;Maintenance Technician;46;1115;24;23
7;Islas Baleares;577;Concierge;46;2001;44;36
35;Las Palmas;591;Receptionist;46;2679;58;49
28;Madrid;257;Chef de Partie;46;1775;39;31
8;Barcelona;124;Actor;45;0;0;0
8;Barcelona;587;Night Auditor;44;1874;43;39
8;Barcelona;580;Front Office Manager;44;2337;53;53
11;Cádiz;221;Cook;43;1139;26;23
8;Barcelona;119;Reservation Agent;42;2940;70;60
7;Islas Baleares;489;Maintenance Manager;42;1066;25;20
29;Málaga;668;Waiter Assistant;42;1547;37;33
7;Islas Baleares;653;Host/Hostess;41;2940;72;32
7;Islas Baleares;661;Restaurant Manager;39;886;23;19
7;Islas Baleares;226;Dishwasher;39;3601;92;76
8;Barcelona;551;Assistant Executive Housekeeper;39;1624;42;36
15;A Coruña;221;Cook;39;529;14;12
38;Santa Cruz de Tenerife;177;GEX - Guest Experience Assistant;39;1047;27;22
38;Santa Cruz de Tenerife;226;Dishwasher;38;780;21;14
38;Santa Cruz de Tenerife;494;Maintenance Technician;38;712;19;19
8;Barcelona;590;Reception Assistant;38;1875;49;37
8;Barcelona;657;Bartender;36;2395;67;69
3;Alicante;584;Hotel Receptionist;36;3868;107;70
8;Barcelona;218;Chef;35;1753;50;54
29;Málaga;572;Bellboy;35;1149;33;30
35;Las Palmas;257;Chef de Partie;35;688;20;18
35;Las Palmas;177;GEX - Guest Experience Assistant;35;975;28;22
41;Sevilla;591;Receptionist;35;5779;165;119
43;Tarragona;552;Chambermaid;35;3302;94;88
29;Málaga;257;Chef de Partie;34;1125;33;29
29;Málaga;226;Dishwasher;34;1465;43;26
7;Islas Baleares;657;Bartender;34;1702;50;35
8;Barcelona;652;Head Waiter;33;1433;43;39
8;Barcelona;597;Intern in Reception;33;691;21;22
17;Girona;243;Kitchen Assistant;33;1368;41;44
35;Las Palmas;630;Assistant Head Waiter;33;597;18;13
46;Valencia;494;Maintenance Technician;33;957;29;27
46;Valencia;122;Activities Assistant;32;1;0;0
132;Lisboa;587;Night Auditor;32;1331;42;35
132;Lisboa;657;Bartender;32;2084;65;39
35;Las Palmas;561;Housekeeping Staff;32;1361;43;31
28;Madrid;113;Travel Agent;32;2186;68;63
18;Granada;221;Cook;32;1138;36;27
28;Madrid;301;Sales Intern;31;451;15;14
8;Barcelona;593;Human Resources Intern;31;326;11;8
7;Islas Baleares;550;Assistant Hotel Manager;31;1375;44;27
41;Sevilla;552;Chambermaid;31;3793;122;97
38;Santa Cruz de Tenerife;591;Receptionist;31;1533;49;49
132;Lisboa;113;Travel Agent;30;2257;75;75
7;Islas Baleares;564;Laundry Attendant;30;1123;37;22
7;Islas Baleares;630;Assistant Head Waiter;30;679;23;19
28;Madrid;119;Reservation Agent;30;2002;67;40
35;Las Palmas;551;Assistant Executive Housekeeper;30;523;17;17
35;Las Palmas;493;Maintenance Officer;29;579;20;18
29;Málaga;590;Reception Assistant;29;2791;96;77
7;Islas Baleares;23;Administrative;29;601;21;20
8;Barcelona;113;Travel Agent;29;2442;84;71
17;Girona;561;Housekeeping Staff;29;851;29;26
11;Cádiz;669;Waiter;29;1088;38;33
137;Faro;591;Receptionist;29;1207;42;31
131;Ciudad de México;113;Travel Agent;28;703;25;26
46;Valencia;552;Chambermaid;28;4162;149;143
35;Las Palmas;664;Restaurant Section Head;28;353;13;13
35;Las Palmas;226;Dishwasher;28;998;36;23
35;Las Palmas;590;Reception Assistant;27;1219;45;32
28;Madrid;652;Head Waiter;27;803;30;27
8;Barcelona;257;Chef de Partie;27;1261;47;48
3;Alicante;668;Waiter Assistant;27;1254;46;37
3;Alicante;257;Chef de Partie;27;720;27;23
137;Faro;669;Waiter;27;658;24;21
38;Santa Cruz de Tenerife;257;Chef de Partie;26;552;21;19
41;Sevilla;243;Kitchen Assistant;26;1898;73;70
147;Porto;652;Head Waiter;26;795;31;23
7;Islas Baleares;634;Bar Manager;26;676;26;23
7;Islas Baleares;589;Night Receptionist;26;1339;52;47
8;Barcelona;653;Host/Hostess;26;1840;71;65
28;Madrid;489;Maintenance Manager;26;792;30;22
28;Madrid;657;Bartender;25;1286;51;46
28;Madrid;589;Night Receptionist;25;2212;88;91
8;Barcelona;489;Maintenance Manager;25;707;28;24
7;Islas Baleares;557;Executive Housekeeper;25;818;33;24
7;Islas Baleares;492;Maintenance Assistant;25;602;24;16
147;Porto;657;Bartender;25;617;25;22
322;Canillo;652;Head Waiter;25;690;28;24
147;Porto;561;Housekeeping Staff;24;1488;62;64
48;Vizcaya;591;Receptionist;24;1693;71;81
48;Vizcaya;669;Waiter;24;1407;59;54
43;Tarragona;591;Receptionist;24;2652;111;121
132;Lisboa;653;Host/Hostess;24;2035;85;49
8;Barcelona;493;Maintenance Officer;24;567;24;21
8;Barcelona;661;Restaurant Manager;24;950;40;30
28;Madrid;226;Dishwasher;24;1528;64;50
35;Las Palmas;584;Hotel Receptionist;24;970;40;43
35;Las Palmas;498;Swimming Pool Maintenance;24;455;19;17
29;Málaga;561;Housekeeping Staff;24;1937;81;47
29;Málaga;551;Assistant Executive Housekeeper;24;918;38;31
29;Málaga;119;Reservation Agent;24;1955;81;60
29;Málaga;494;Maintenance Technician;23;951;41;37
29;Málaga;652;Head Waiter;23;1110;48;38
35;Las Palmas;550;Assistant Hotel Manager;23;929;40;40
35;Las Palmas;254;Sous Chef;23;445;19;18
28;Madrid;661;Restaurant Manager;23;533;23;24
7;Islas Baleares;631;Assistant Restaurant Manager;23;645;28;17
3;Alicante;494;Maintenance Technician;23;624;27;26
132;Lisboa;80;Hotel Manager;23;1135;49;38
43;Tarragona;669;Waiter;23;1281;56;54
38;Santa Cruz de Tenerife;590;Reception Assistant;23;1087;47;39
43;Tarragona;221;Cook;22;1143;52;60
137;Faro;221;Cook;22;406;18;16
147;Porto;552;Chambermaid;22;1288;59;44
7;Islas Baleares;587;Night Auditor;22;1342;61;42
28;Madrid;580;Front Office Manager;22;1628;74;63
28;Madrid;551;Assistant Executive Housekeeper;22;1042;47;43
28;Madrid;293;Sales Agent;21;1102;52;35
29;Málaga;580;Front Office Manager;21;1431;68;52
30;Murcia;221;Cook;21;348;17;14
7;Islas Baleares;650;Food and Beverage Manager;21;804;38;30
8;Barcelona;1;Accountant;21;98;5;1
3;Alicante;243;Kitchen Assistant;21;686;33;30
7;Islas Baleares;79;Hotel Director;21;1265;60;72
8;Barcelona;630;Assistant Head Waiter;21;568;27;22
8;Barcelona;557;Executive Housekeeper;21;688;33;28
9;Burgos;669;Waiter;21;442;21;19
8;Barcelona;492;Maintenance Assistant;21;805;38;40
8;Barcelona;301;Sales Intern;21;283;13;13
8;Barcelona;166;Customer Service Agent;21;543;26;21
147;Porto;584;Hotel Receptionist;21;1851;88;74
147;Porto;243;Kitchen Assistant;21;1024;49;39
132;Lisboa;580;Front Office Manager;21;733;35;32
132;Lisboa;561;Housekeeping Staff;21;3912;186;158
132;Lisboa;166;Customer Service Agent;21;375;18;16
38;Santa Cruz de Tenerife;584;Hotel Receptionist;21;939;45;46
41;Sevilla;584;Hotel Receptionist;20;2211;111;98
50;Zaragoza;669;Waiter;20;459;23;8
147;Porto;218;Chef;20;487;24;24
8;Barcelona;577;Concierge;20;1855;93;78
11;Cádiz;552;Chambermaid;20;1449;72;59
17;Girona;494;Maintenance Technician;20;301;15;11
3;Alicante;652;Head Waiter;20;486;24;26
29;Málaga;657;Bartender;20;743;37;31
28;Madrid;286;Rental Sales Consultant;19;292;15;16
28;Madrid;492;Maintenance Assistant;19;582;31;16
28;Madrid;493;Maintenance Officer;19;349;18;16
28;Madrid;533;Marketing Intern;19;419;22;18
18;Granada;552;Chambermaid;19;1770;93;70
3;Alicante;580;Front Office Manager;19;1057;56;59
7;Islas Baleares;26;Administrative Assistant;19;957;50;49
7;Islas Baleares;570;Assistant Head of Reception;19;789;42;34
7;Islas Baleares;177;GEX - Guest Experience Assistant;19;397;21;14
17;Girona;551;Assistant Executive Housekeeper;19;264;14;13
8;Barcelona;254;Sous Chef;19;1198;63;66
8;Barcelona;286;Rental Sales Consultant;19;200;11;9
8;Barcelona;293;Sales Agent;19;782;41;31
46;Valencia;243;Kitchen Assistant;19;1381;73;46
46;Valencia;572;Bellboy;19;1254;66;60
48;Vizcaya;221;Cook;18;1028;57;52
132;Lisboa;218;Chef;18;956;53;35
135;Setúbal;669;Waiter;18;416;23;20
147;Porto;80;Hotel Manager;18;825;46;29
8;Barcelona;6;Accounting Intern;18;70;4;0
7;Islas Baleares;80;Hotel Manager;18;495;28;19
3;Alicante;589;Night Receptionist;18;1131;63;39
18;Granada;669;Waiter;18;998;55;30
17;Girona;668;Waiter Assistant;18;1126;63;54
28;Madrid;653;Host/Hostess;18;1311;73;43
28;Madrid;337;Purchasing Intern;18;192;11;10
28;Madrid;165;Customer Service Advisor;18;428;24;19
29;Málaga;587;Night Auditor;18;828;46;43
35;Las Palmas;489;Maintenance Manager;18;524;29;19
35;Las Palmas;572;Bellboy;18;519;29;23
36;Pontevedra;669;Waiter;17;568;33;25
35;Las Palmas;293;Sales Agent;17;230;14;14
35;Las Palmas;130;Children's Animator;17;493;29;25
29;Málaga;664;Restaurant Section Head;17;274;16;15
29;Málaga;630;Assistant Head Waiter;17;399;23;26
30;Murcia;552;Chambermaid;17;740;44;38
29;Málaga;254;Sous Chef;17;815;48;37
28;Madrid;218;Chef;17;798;47;38
28;Madrid;254;Sous Chef;17;643;38;34
28;Madrid;6;Accounting Intern;17;207;12;11
28;Madrid;587;Night Auditor;17;1244;73;57
18;Granada;591;Receptionist;17;1960;115;145
7;Islas Baleares;715;Spa Therapist;17;721;42;41
8;Barcelona;570;Assistant Head of Reception;17;789;46;45
147;Porto;572;Bellboy;17;468;28;17
322;Canillo;669;Waiter;17;1256;74;52
132;Lisboa;119;Reservation Agent;17;1656;97;100
47;Valladolid;669;Waiter;17;558;33;27
38;Santa Cruz de Tenerife;653;Host/Hostess;17;473;28;35
38;Santa Cruz de Tenerife;572;Bellboy;17;331;19;22
38;Santa Cruz de Tenerife;550;Assistant Hotel Manager;16;531;33;28
38;Santa Cruz de Tenerife;293;Sales Agent;16;203;13;12
38;Santa Cruz de Tenerife;254;Sous Chef;16;275;17;16
132;Lisboa;489;Maintenance Manager;16;293;18;16
147;Porto;630;Assistant Head Waiter;16;323;20;19
147;Porto;226;Dishwasher;16;795;50;34
8;Barcelona;650;Food and Beverage Manager;16;551;34;35
9;Burgos;221;Cook;16;197;12;12
17;Girona;254;Sous Chef;16;380;24;16
8;Barcelona;10;Accounts Manager;16;55;3;0
7;Islas Baleares;647;Food and Beverage Assistant;16;418;26;22
7;Islas Baleares;628;Assistant Bar Manager;16;454;28;14
7;Islas Baleares;503;Warehouse Stock Handler;16;575;36;21
7;Islas Baleares;460;Airport Guide;16;80;5;0
3;Alicante;561;Housekeeping Staff;16;664;42;38
3;Alicante;254;Sous Chef;16;481;30;24
7;Islas Baleares;2;Accounting Assistant;16;318;20;20
28;Madrid;570;Assistant Head of Reception;16;1036;65;54
28;Madrid;593;Human Resources Intern;16;201;13;7
28;Madrid;557;Executive Housekeeper;16;615;38;34
28;Madrid;630;Assistant Head Waiter;16;389;24;22
28;Madrid;486;Facilities Technician;16;238;15;13
29;Málaga;177;GEX - Guest Experience Assistant;16;652;41;31
29;Málaga;589;Night Receptionist;16;1405;88;66
29;Málaga;584;Hotel Receptionist;16;718;45;39
36;Pontevedra;221;Cook;16;433;27;25
29;Málaga;653;Host/Hostess;15;842;56;47
30;Murcia;669;Waiter;15;719;48;41
3;Alicante;590;Reception Assistant;15;945;63;35
3;Alicante;630;Assistant Head Waiter;15;244;16;14
7;Islas Baleares;242;Sushiman;15;312;21;21
7;Islas Baleares;248;Pastry Chef;15;334;22;19
17;Girona;159;Tourist Animator;15;1629;109;78
11;Cádiz;254;Sous Chef;15;319;21;14
8;Barcelona;631;Assistant Restaurant Manager;15;330;22;18
8;Barcelona;337;Purchasing Intern;15;166;11;12
8;Barcelona;181;GEX - Guest Experience Coordinator;15;631;42;37
132;Lisboa;652;Head Waiter;15;274;18;15
135;Setúbal;221;Cook;15;310;21;20
132;Lisboa;23;Administrative;15;917;61;56
38;Santa Cruz de Tenerife;664;Restaurant Section Head;15;219;15;14
43;Tarragona;668;Waiter Assistant;15;1102;73;67
43;Tarragona;551;Assistant Executive Housekeeper;14;422;30;25
46;Valencia;584;Hotel Receptionist;14;1969;141;154
46;Valencia;668;Waiter Assistant;14;645;46;27
132;Lisboa;177;GEX - Guest Experience Assistant;14;414;30;27
132;Lisboa;254;Sous Chef;14;466;33;30
147;Porto;653;Host/Hostess;14;980;70;80
148;Braga;669;Waiter;14;520;37;35
322;Canillo;243;Kitchen Assistant;14;711;51;48
8;Barcelona;533;Marketing Intern;14;330;24;21
11;Cádiz;257;Chef de Partie;14;200;14;12
11;Cádiz;243;Kitchen Assistant;14;279;20;18
11;Cádiz;668;Waiter Assistant;14;372;27;20
7;Islas Baleares;165;Customer Service Advisor;14;73;5;0
7;Islas Baleares;501;Technical Services Officer;14;311;22;20
7;Islas Baleares;493;Maintenance Officer;14;243;17;19
8;Barcelona;80;Hotel Manager;14;907;65;42
3;Alicante;551;Assistant Executive Housekeeper;14;364;26;25
29;Málaga;577;Concierge;14;848;61;61
29;Málaga;557;Executive Housekeeper;14;767;55;44
29;Málaga;570;Assistant Head of Reception;14;723;52;52
35;Las Palmas;492;Maintenance Assistant;14;339;24;23
28;Madrid;79;Hotel Director;14;699;50;27
28;Madrid;192;Call Center Agent;14;414;30;26
20;Guipúzcoa;221;Cook;14;307;22;16
18;Granada;226;Dishwasher;14;477;34;17
25;Lleida;221;Cook;14;425;30;19
26;La Rioja;552;Chambermaid;14;231;17;16
25;Lleida;552;Chambermaid;13;987;76;74
20;Guipúzcoa;552;Chambermaid;13;659;51;59
28;Madrid;177;GEX - Guest Experience Assistant;13;721;55;38
28;Madrid;577;Concierge;13;1801;139;98
35;Las Palmas;218;Chef;13;558;43;44
29;Málaga;286;Rental Sales Consultant;13;256;20;17
29;Málaga;218;Chef;13;587;45;35
3;Alicante;661;Restaurant Manager;13;328;25;21
7;Islas Baleares;130;Children's Animator;13;364;28;18
7;Islas Baleares;181;GEX - Guest Experience Coordinator;13;652;50;32
7;Islas Baleares;251;Pizzaiolo;13;307;24;20
8;Barcelona;647;Food and Beverage Assistant;13;298;23;20
322;Canillo;572;Bellboy;13;650;50;44
132;Lisboa;570;Assistant Head of Reception;13;727;56;30
132;Lisboa;552;Chambermaid;13;1243;96;75
137;Faro;657;Bartender;13;189;15;13
46;Valencia;657;Bartender;13;395;30;35
43;Tarragona;243;Kitchen Assistant;13;1091;84;87
41;Sevilla;668;Waiter Assistant;13;931;72;55
46;Valencia;226;Dishwasher;13;923;71;55
38;Santa Cruz de Tenerife;697;Masseur;13;254;20;11
41;Sevilla;572;Bellboy;13;994;76;56
41;Sevilla;494;Maintenance Technician;13;415;32;28
38;Santa Cruz de Tenerife;181;GEX - Guest Experience Coordinator;13;426;33;23
38;Santa Cruz de Tenerife;561;Housekeeping Staff;13;307;24;20
41;Sevilla;561;Housekeeping Staff;12;939;78;88
43;Tarragona;561;Housekeeping Staff;12;546;46;37
132;Lisboa;661;Restaurant Manager;12;270;23;20
135;Setúbal;591;Receptionist;12;562;47;31
132;Lisboa;243;Kitchen Assistant;12;1895;158;121
50;Zaragoza;221;Cook;12;212;18;17
322;Canillo;591;Receptionist;12;636;53;51
322;Canillo;552;Chambermaid;12;1306;109;114
8;Barcelona;632;Bakery Attendant;12;655;55;47
8;Barcelona;550;Assistant Hotel Manager;12;379;32;31
8;Barcelona;165;Customer Service Advisor;12;62;5;0
8;Barcelona;192;Call Center Agent;12;703;59;55
11;Cádiz;590;Reception Assistant;12;702;59;51
11;Cádiz;591;Receptionist;12;1452;121;113
17;Girona;580;Front Office Manager;12;541;45;39
7;Islas Baleares;293;Sales Agent;12;184;15;14
7;Islas Baleares;692;Lifesaver;12;428;36;27
3;Alicante;572;Bellboy;12;464;39;39
3;Alicante;293;Sales Agent;12;269;22;15
29;Málaga;489;Maintenance Manager;12;330;28;27
35;Las Palmas;494;Maintenance Technician;12;280;23;23
35;Las Palmas;577;Concierge;12;272;23;23
18;Granada;572;Bellboy;12;412;34;16
17;Girona;652;Head Waiter;12;351;29;28
20;Guipúzcoa;669;Waiter;12;301;25;15
22;Huesca;669;Waiter;12;100;8;4
22;Huesca;221;Cook;11;127;12;10
28;Madrid;664;Restaurant Section Head;11;252;23;25
28;Madrid;650;Food and Beverage Manager;11;428;39;33
28;Madrid;45;Chief Executive Officer (CEO);11;294;27;25
27;Lugo;8;Accounting Technician;11;57;5;4
35;Las Palmas;580;Front Office Manager;11;363;33;30
35;Las Palmas;557;Executive Housekeeper;11;191;17;17
36;Pontevedra;552;Chambermaid;11;230;21;18
29;Málaga;181;GEX - Guest Experience Coordinator;11;475;43;43
7;Islas Baleares;89;Valet Parking;11;263;24;21
7;Islas Baleares;593;Human Resources Intern;11;122;11;11
8;Barcelona;89;Valet Parking;11;526;48;43
8;Barcelona;23;Administrative;11;573;52;55
8;Barcelona;8;Accounting Technician;11;145;13;14
7;Islas Baleares;690;Holistic Therapist;11;187;17;17
7;Islas Baleares;761;Technical Services Assistant;11;136;12;6
7;Islas Baleares;286;Rental Sales Consultant;11;182;17;15
7;Islas Baleares;180;GEX - Guest Experience Manager;11;205;19;17
7;Islas Baleares;502;Technical Services Specialist;11;257;23;21
17;Girona;557;Executive Housekeeper;11;243;22;23
14;Córdoba;669;Waiter;11;492;45;63
15;A Coruña;668;Waiter Assistant;11;345;31;26
14;Córdoba;552;Chambermaid;11;823;75;97
8;Barcelona;177;GEX - Guest Experience Assistant;11;451;41;22
8;Barcelona;316;Store Sales Assistant;11;801;73;74
322;Canillo;221;Cook;11;559;51;39
147;Porto;557;Executive Housekeeper;11;237;22;25
147;Porto;494;Maintenance Technician;11;251;23;20
132;Lisboa;79;Hotel Director;11;534;49;24
132;Lisboa;634;Bar Manager;11;322;29;20
46;Valencia;590;Reception Assistant;11;826;75;18
46;Valencia;257;Chef de Partie;11;563;51;36
41;Sevilla;652;Head Waiter;11;305;28;35
39;Cantabria;552;Chambermaid;11;220;20;13
38;Santa Cruz de Tenerife;589;Night Receptionist;11;344;31;40
38;Santa Cruz de Tenerife;551;Assistant Executive Housekeeper;11;241;22;20
38;Santa Cruz de Tenerife;489;Maintenance Manager;10;205;21;22
41;Sevilla;589;Night Receptionist;10;460;46;38
47;Valladolid;221;Cook;10;107;11;7
43;Tarragona;218;Chef;10;389;39;36
43;Tarragona;584;Hotel Receptionist;10;875;88;81
133;Leiria;669;Waiter;10;178;18;17
137;Faro;248;Pastry Chef;10;80;8;8
137;Faro;494;Maintenance Technician;10;144;14;15
132;Lisboa;267;Commercial Manager;10;231;23;24
112;Jalisco;113;Travel Agent;10;90;9;10
113;Estado de México;113;Travel Agent;10;156;16;14
117;Nuevo León;113;Travel Agent;10;115;12;10
147;Porto;113;Travel Agent;10;758;76;73
146;Vila Real;591;Receptionist;10;1334;133;139
387;Serzedo;669;Waiter;10;59;6;3
9;Burgos;584;Hotel Receptionist;10;359;36;34
17;Girona;584;Hotel Receptionist;10;350;35;35
17;Girona;257;Chef de Partie;10;338;34;33
17;Girona;218;Chef;10;357;36;41
7;Islas Baleares;482;Electrical Maintenance Technician;10;140;14;15
7;Islas Baleares;125;Animation Assistant;10;480;48;43
7;Islas Baleares;119;Reservation Agent;10;654;65;36
8;Barcelona;26;Administrative Assistant;10;680;68;73
7;Islas Baleares;498;Swimming Pool Maintenance;10;108;11;10
7;Islas Baleares;1;Accountant;10;207;21;18
3;Alicante;657;Bartender;10;306;31;24
29;Málaga;493;Maintenance Officer;10;308;31;27
29;Málaga;761;Technical Services Assistant;10;116;12;14
35;Las Palmas;567;Linen Keeper;10;128;13;11
35;Las Palmas;167;Customer Service Assistant;10;275;28;25
33;Asturias;286;Rental Sales Consultant;10;32;3;2
33;Asturias;669;Waiter;10;135;14;13
28;Madrid;23;Administrative;10;416;42;30
28;Madrid;181;GEX - Guest Experience Coordinator;10;340;34;27
28;Madrid;248;Pastry Chef;10;311;31;29
28;Madrid;220;Commis Chef;10;374;37;39
28;Madrid;628;Assistant Bar Manager;10;248;25;15
21;Huelva;668;Waiter Assistant;10;305;31;35
21;Huelva;552;Chambermaid;10;522;52;48
18;Granada;218;Chef;10;276;28;26
20;Guipúzcoa;591;Receptionist;10;449;45;43
18;Granada;257;Chef de Partie;9;163;18;16
18;Granada;494;Maintenance Technician;9;222;25;22
21;Huelva;221;Cook;9;221;25;20
21;Huelva;243;Kitchen Assistant;9;215;24;11
24;León;590;Reception Assistant;9;209;23;22
28;Madrid;631;Assistant Restaurant Manager;9;195;22;23
28;Madrid;611;Human Resources Coordinator;9;223;25;16
28;Madrid;436;Groups & Events Coordinator;9;449;50;54
28;Madrid;267;Commercial Manager;9;174;19;23
28;Madrid;89;Valet Parking;9;624;69;57
28;Madrid;80;Hotel Manager;9;576;64;45
28;Madrid;59;Business Development Director;9;294;33;20
28;Madrid;1;Accountant;9;179;20;17
33;Asturias;6;Accounting Intern;9;0;0;0
35;Las Palmas;165;Customer Service Advisor;9;57;6;0
35;Las Palmas;570;Assistant Head of Reception;9;217;24;25
35;Las Palmas;286;Rental Sales Consultant;9;146;16;11
30;Murcia;561;Housekeeping Staff;9;160;18;13
30;Murcia;591;Receptionist;9;499;55;67
29;Málaga;492;Maintenance Assistant;9;438;49;40
3;Alicante;220;Commis Chef;9;250;28;24
3;Alicante;631;Assistant Restaurant Manager;9;211;23;21
3;Alicante;226;Dishwasher;9;351;39;27
7;Islas Baleares;611;Human Resources Coordinator;9;184;20;17
7;Islas Baleares;665;Sommelier;9;188;21;16
8;Barcelona;79;Hotel Director;9;750;83;95
7;Islas Baleares;753;Head of Technical Services;9;150;17;18
7;Islas Baleares;316;Store Sales Assistant;9;755;84;49
7;Islas Baleares;228;Executive Chef;9;222;25;18
7;Islas Baleares;346;Supply Department Manager;9;254;28;22
11;Cádiz;494;Maintenance Technician;9;121;13;14
11;Cádiz;226;Dishwasher;9;302;34;26
10;Cáceres;552;Chambermaid;9;396;44;48
8;Barcelona;532;Marketing Director;9;262;29;32
8;Barcelona;213;Event Chef;9;606;67;53
8;Barcelona;180;GEX - Guest Experience Manager;9;444;49;39
387;Serzedo;657;Bartender;9;67;7;5
419;Mallorca;669;Waiter;9;720;80;50
333;Islas Canarias;221;Cook;9;130;14;14
333;Islas Canarias;669;Waiter;9;177;20;21
146;Vila Real;669;Waiter;9;107;12;13
147;Porto;587;Night Auditor;9;262;29;23
420;Santo António;669;Waiter;9;116;13;15
50;Zaragoza;243;Kitchen Assistant;9;127;14;0
132;Lisboa;172;Customer Support Assistant;9;363;40;35
132;Lisboa;26;Administrative Assistant;9;781;87;53
137;Faro;10;Accounts Manager;9;75;8;10
137;Faro;584;Hotel Receptionist;9;202;22;20
132;Lisboa;572;Bellboy;9;248;28;24
43;Tarragona;226;Dishwasher;9;599;67;43
45;Toledo;43;Casino Staff;9;72;8;6
48;Vizcaya;572;Bellboy;9;238;26;24
46;Valencia;286;Rental Sales Consultant;9;87;10;5
46;Valencia;630;Assistant Head Waiter;9;198;22;15
46;Valencia;561;Housekeeping Staff;9;880;98;63
41;Sevilla;590;Reception Assistant;9;1074;119;113
41;Sevilla;218;Chef;9;439;49;45
38;Santa Cruz de Tenerife;492;Maintenance Assistant;9;172;19;23
38;Santa Cruz de Tenerife;493;Maintenance Officer;9;174;19;19
38;Santa Cruz de Tenerife;630;Assistant Head Waiter;9;165;18;20
38;Santa Cruz de Tenerife;159;Tourist Animator;9;475;53;47
38;Santa Cruz de Tenerife;218;Chef;9;283;31;32
37;Salamanca;669;Waiter;8;143;18;20
38;Santa Cruz de Tenerife;2;Accounting Assistant;8;212;27;22
38;Santa Cruz de Tenerife;23;Administrative;8;262;33;36
38;Santa Cruz de Tenerife;26;Administrative Assistant;8;302;38;31
38;Santa Cruz de Tenerife;119;Reservation Agent;8;204;26;26
38;Santa Cruz de Tenerife;124;Actor;8;289;36;33
38;Santa Cruz de Tenerife;286;Rental Sales Consultant;8;101;13;13
38;Santa Cruz de Tenerife;300;Sales Host;8;121;15;17
38;Santa Cruz de Tenerife;302;Sales Manager;8;140;18;18
41;Sevilla;226;Dishwasher;8;458;57;62
41;Sevilla;257;Chef de Partie;8;403;50;36
48;Vizcaya;584;Hotel Receptionist;8;271;34;30
47;Valladolid;552;Chambermaid;8;175;22;23
45;Toledo;669;Waiter;8;179;22;22
46;Valencia;79;Hotel Director;8;860;108;114
132;Lisboa;557;Executive Housekeeper;8;480;60;55
132;Lisboa;474;Tourist Information Guide;8;227;28;24
132;Lisboa;628;Assistant Bar Manager;8;384;48;27
132;Lisboa;589;Night Receptionist;8;319;40;37
132;Lisboa;665;Sommelier;8;95;12;13
135;Setúbal;584;Hotel Receptionist;8;121;15;11
137;Faro;653;Host/Hostess;8;113;14;13
132;Lisboa;293;Sales Agent;8;234;29;23
50;Zaragoza;113;Travel Agent;8;726;91;104
420;Santo António;591;Receptionist;8;134;17;15
147;Porto;634;Bar Manager;8;399;50;26
147;Porto;254;Sous Chef;8;188;24;26
147;Porto;166;Customer Service Agent;8;410;51;34
322;Canillo;248;Pastry Chef;8;144;18;22
322;Canillo;257;Chef de Partie;8;296;37;37
182;Madeira;10;Accounts Manager;8;60;8;8
148;Braga;552;Chambermaid;8;352;44;39
148;Braga;221;Cook;8;159;20;23
333;Islas Canarias;591;Receptionist;8;467;58;39
387;Serzedo;591;Receptionist;8;161;20;14
322;Canillo;714;Spa Receptionist;8;555;69;80
419;Mallorca;552;Chambermaid;8;594;74;34
390;Comporta;486;Facilities Technician;8;90;11;11
390;Comporta;669;Waiter;8;110;14;13
8;Barcelona;120;Reservations Manager;8;284;36;37
8;Barcelona;302;Sales Manager;8;164;21;22
8;Barcelona;438;Groups & Events Sales Manager;8;278;35;29
8;Barcelona;600;Revenue Agent;8;202;25;23
10;Cáceres;591;Receptionist;8;153;19;0
11;Cádiz;218;Chef;8;221;28;25
14;Córdoba;221;Cook;8;185;23;22
14;Córdoba;591;Receptionist;8;501;63;61
17;Girona;560;Cleaning Manager;8;86;11;12
15;A Coruña;669;Waiter;8;131;16;21
7;Islas Baleares;345;Supply Department Assistant;8;131;16;15
7;Islas Baleares;487;Gardener;8;162;20;19
7;Islas Baleares;504;Painter;8;150;19;19
7;Islas Baleares;530;Marketing Assistant;8;236;30;22
7;Islas Baleares;275;Marketing and Sales Manager;8;284;36;35
7;Islas Baleares;159;Tourist Animator;8;188;24;0
7;Islas Baleares;755;IT Manager;8;117;15;15
8;Barcelona;28;Administrative Intern;8;104;13;16
8;Barcelona;49;Revenue Manager;8;258;32;23
8;Barcelona;50;Operations Specialist;8;119;15;14
7;Islas Baleares;636;Barback;8;276;35;14
3;Alicante;218;Chef;8;399;50;54
3;Alicante;124;Actor;8;297;37;29
3;Alicante;177;GEX - Guest Experience Assistant;8;301;38;38
3;Alicante;242;Sushiman;8;110;14;11
29;Málaga;293;Sales Agent;8;212;27;29
29;Málaga;302;Sales Manager;8;184;23;24
35;Las Palmas;652;Head Waiter;8;161;20;21
35;Las Palmas;725;Security Guard;8;47;6;5
35;Las Palmas;79;Hotel Director;8;417;52;41
28;Madrid;10;Accounts Manager;8;104;13;10
28;Madrid;78;Hotel Development Director;8;122;15;18
28;Madrid;166;Customer Service Agent;8;157;20;15
28;Madrid;170;Customer Service Manager;8;0;0;0
28;Madrid;302;Sales Manager;8;186;23;25
28;Madrid;647;Food and Beverage Assistant;8;152;19;14
25;Lleida;591;Receptionist;8;792;99;101
18;Granada;254;Sous Chef;8;278;35;34
17;Girona;634;Bar Manager;8;215;27;28
20;Guipúzcoa;630;Assistant Head Waiter;8;118;15;10
20;Guipúzcoa;494;Maintenance Technician;7;83;12;11
17;Girona;697;Masseur;7;210;30;35
25;Lleida;669;Waiter;7;469;67;61
25;Lleida;226;Dishwasher;7;345;49;44
28;Madrid;634;Bar Manager;7;209;30;26
28;Madrid;505;Car Washer;7;216;31;30
31;Navarra;669;Waiter;7;64;9;4
35;Las Palmas;159;Tourist Animator;7;373;53;53
35;Las Palmas;180;GEX - Guest Experience Manager;7;156;22;25
35;Las Palmas;611;Human Resources Coordinator;7;97;14;14
35;Las Palmas;518;Public Relations Director;7;143;20;18
35;Las Palmas;538;Public Relations Assistant;7;122;17;16
29;Málaga;301;Sales Intern;7;178;25;25
29;Málaga;166;Customer Service Agent;7;194;28;12
29;Málaga;89;Valet Parking;7;340;49;59
28;Madrid;713;Spa Manager;7;223;32;30
30;Murcia;550;Assistant Hotel Manager;7;271;39;46
30;Murcia;494;Maintenance Technician;7;113;16;15
29;Málaga;650;Food and Beverage Manager;7;225;32;27
29;Málaga;550;Assistant Hotel Manager;7;441;63;69
3;Alicante;286;Rental Sales Consultant;7;203;29;19
3;Alicante;438;Groups & Events Sales Manager;7;257;37;30
3;Alicante;557;Executive Housekeeper;7;342;49;43
3;Alicante;505;Car Washer;7;153;22;23
1;Álava;669;Waiter;7;157;22;10
3;Alicante;6;Accounting Intern;7;52;7;5
4;Almería;494;Maintenance Technician;7;93;13;11
7;Islas Baleares;637;Barista;7;213;30;22
7;Islas Baleares;618;Occupational Risk Prevention Technician;7;43;6;7
7;Islas Baleares;485;Facilities Assistant;7;167;24;12
15;A Coruña;552;Chambermaid;7;253;36;24
15;A Coruña;584;Hotel Receptionist;7;422;60;54
16;Cuenca;669;Waiter;7;39;6;4
15;A Coruña;286;Rental Sales Consultant;7;41;6;5
17;Girona;166;Customer Service Agent;7;187;27;16
11;Cádiz;652;Head Waiter;7;222;32;22
9;Burgos;243;Kitchen Assistant;7;228;33;10
8;Barcelona;628;Assistant Bar Manager;7;193;28;16
8;Barcelona;637;Barista;7;516;74;80
8;Barcelona;486;Facilities Technician;7;125;18;19
8;Barcelona;503;Warehouse Stock Handler;7;464;66;39
8;Barcelona;273;Key Account Manager;7;76;11;1
8;Barcelona;248;Pastry Chef;7;294;42;32
419;Mallorca;293;Sales Agent;7;175;25;27
420;Santo António;221;Cook;7;54;8;9
420;Santo António;561;Housekeeping Staff;7;170;24;27
322;Canillo;650;Food and Beverage Manager;7;149;21;29
147;Porto;580;Front Office Manager;7;515;74;61
147;Porto;628;Assistant Bar Manager;7;128;18;13
147;Porto;661;Restaurant Manager;7;138;20;20
427;Arroios;591;Receptionist;7;783;112;104
132;Lisboa;313;Sales Assistant;7;310;44;41
131;Ciudad de México;105;Business Travel Agent;7;142;20;24
137;Faro;647;Food and Beverage Assistant;7;249;36;18
142;Coimbra;221;Cook;7;198;28;33
142;Coimbra;669;Waiter;7;185;26;28
135;Setúbal;580;Front Office Manager;7;91;13;16
135;Setúbal;254;Sous Chef;7;121;17;18
132;Lisboa;654;Ice Cream Shop Attendant;7;713;102;59
132;Lisboa;631;Assistant Restaurant Manager;7;305;44;32
132;Lisboa;463;Driver Tour Guide;7;223;32;32
43;Tarragona;159;Tourist Animator;7;719;103;112
41;Sevilla;661;Restaurant Manager;7;190;27;19
43;Tarragona;652;Head Waiter;7;336;48;57
43;Tarragona;590;Reception Assistant;7;884;126;130
47;Valladolid;591;Receptionist;7;200;29;21
48;Vizcaya;668;Waiter Assistant;7;208;30;12
41;Sevilla;580;Front Office Manager;7;361;52;43
41;Sevilla;593;Human Resources Intern;7;130;19;17
38;Santa Cruz de Tenerife;580;Front Office Manager;7;215;31;24
38;Santa Cruz de Tenerife;570;Assistant Head of Reception;7;310;44;43
38;Santa Cruz de Tenerife;130;Children's Animator;7;243;35;28
38;Santa Cruz de Tenerife;80;Hotel Manager;6;183;31;27
38;Santa Cruz de Tenerife;577;Concierge;6;166;28;26
38;Santa Cruz de Tenerife;631;Assistant Restaurant Manager;6;40;7;5
41;Sevilla;653;Host/Hostess;6;605;101;85
40;Segovia;584;Hotel Receptionist;6;160;27;31
38;Santa Cruz de Tenerife;652;Head Waiter;6;145;24;28
48;Vizcaya;552;Chambermaid;6;485;81;77
47;Valladolid;584;Hotel Receptionist;6;246;41;35
46;Valencia;652;Head Waiter;6;190;32;31
43;Tarragona;6;Accounting Intern;6;25;4;0
46;Valencia;218;Chef;6;246;41;42
44;Teruel;669;Waiter;6;69;12;6
45;Toledo;221;Cook;6;103;17;19
44;Teruel;584;Hotel Receptionist;6;81;14;7
132;Lisboa;471;Tour Guide;6;134;22;24
132;Lisboa;630;Assistant Head Waiter;6;165;28;25
132;Lisboa;650;Food and Beverage Manager;6;196;33;36
135;Setúbal;657;Bartender;6;89;15;14
135;Setúbal;494;Maintenance Technician;6;64;11;12
137;Faro;715;Spa Therapist;6;69;12;12
137;Faro;634;Bar Manager;6;48;8;7
137;Faro;80;Hotel Manager;6;154;26;20
137;Faro;572;Bellboy;6;79;13;14
137;Faro;551;Assistant Executive Housekeeper;6;82;14;16
121;Quintana Roo;270;Group Sales Manager;6;27;5;4
147;Porto;632;Bakery Attendant;6;142;24;21
147;Porto;293;Sales Agent;6;117;20;22
147;Porto;8;Accounting Technician;6;158;26;27
146;Vila Real;221;Cook;6;33;6;0
322;Canillo;551;Assistant Executive Housekeeper;6;169;28;29
322;Canillo;697;Masseur;6;143;24;23
387;Serzedo;552;Chambermaid;6;124;21;28
322;Canillo;665;Sommelier;6;75;13;12
419;Mallorca;218;Chef;6;463;77;84
390;Comporta;587;Night Auditor;6;40;7;7
390;Comporta;221;Cook;6;107;18;17
417;Cascais;669;Waiter;6;150;25;22
8;Barcelona;432;Events Sales Executive;6;157;26;29
8;Barcelona;415;Conference & Events Trainee;6;83;14;14
8;Barcelona;665;Sommelier;6;152;25;22
8;Barcelona;615;Human Resources Technician;6;59;10;8
8;Barcelona;611;Human Resources Coordinator;6;74;12;12
8;Barcelona;771;Bus Driver;6;166;28;28
11;Cádiz;690;Holistic Therapist;6;62;10;6
12;Castellón;552;Chambermaid;6;236;39;31
11;Cádiz;551;Assistant Executive Housekeeper;6;452;75;74
11;Cádiz;630;Assistant Head Waiter;6;162;27;16
11;Cádiz;572;Bellboy;6;185;31;31
17;Girona;165;Customer Service Advisor;6;0;0;0
17;Girona;489;Maintenance Manager;6;181;30;33
7;Islas Baleares;484;Facilities Manager;6;54;9;12
7;Islas Baleares;510;Brand Manager;6;27;5;4
7;Islas Baleares;479;Window Cleaner;6;29;5;5
7;Islas Baleares;439;Groups and MICE Coordinator;6;87;15;10
7;Islas Baleares;141;Entertainment Manager;6;234;39;42
7;Islas Baleares;302;Sales Manager;6;109;18;18
7;Islas Baleares;247;Pastry Assistant;6;136;23;20
7;Islas Baleares;615;Human Resources Technician;6;79;13;12
7;Islas Baleares;565;Laundry Manager;6;104;17;15
8;Barcelona;105;Business Travel Agent;6;510;85;103
4;Almería;492;Maintenance Assistant;6;161;27;33
4;Almería;243;Kitchen Assistant;6;395;66;67
3;Alicante;650;Food and Beverage Manager;6;116;19;21
3;Alicante;698;Nursing professionals;6;20;3;3
6;Badajoz;584;Hotel Receptionist;6;198;33;33
7;Islas Baleares;8;Accounting Technician;6;102;17;19
7;Islas Baleares;45;Chief Executive Officer (CEO);6;174;29;14
7;Islas Baleares;48;Operations Manager;6;171;29;12
2;Albacete;669;Waiter;6;57;10;5
3;Alicante;180;GEX - Guest Experience Manager;6;210;35;33
3;Alicante;165;Customer Service Advisor;6;54;9;0
3;Alicante;119;Reservation Agent;6;245;41;15
3;Alicante;533;Marketing Intern;6;46;8;5
3;Alicante;550;Assistant Hotel Manager;6;141;24;21
3;Alicante;628;Assistant Bar Manager;6;80;13;14
29;Málaga;634;Bar Manager;6;226;38;27
29;Málaga;713;Spa Manager;6;307;51;53
29;Málaga;753;Head of Technical Services;6;86;14;16
30;Murcia;551;Assistant Executive Housekeeper;6;80;13;13
28;Madrid;761;Technical Services Assistant;6;55;9;11
29;Málaga;79;Hotel Director;6;457;76;101
29;Málaga;300;Sales Host;6;150;25;19
29;Málaga;180;GEX - Guest Experience Manager;6;166;28;27
29;Málaga;192;Call Center Agent;6;173;29;26
35;Las Palmas;589;Night Receptionist;6;130;22;24
35;Las Palmas;653;Host/Hostess;6;199;33;22
35;Las Palmas;696;Massage Therapist;6;149;25;25
35;Las Palmas;697;Masseur;6;121;20;23
36;Pontevedra;584;Hotel Receptionist;6;229;38;38
35;Las Palmas;300;Sales Host;6;114;19;14
33;Asturias;591;Receptionist;6;457;76;60
35;Las Palmas;59;Business Development Director;6;122;20;24
35;Las Palmas;23;Administrative;6;124;21;22
28;Madrid;471;Tour Guide;6;379;63;60
28;Madrid;482;Electrical Maintenance Technician;6;80;13;12
28;Madrid;323;Buyer;6;97;16;7
28;Madrid;271;Hotel Sales Manager;6;253;42;29
28;Madrid;273;Key Account Manager;6;116;19;15
28;Madrid;597;Intern in Reception;6;191;32;31
28;Madrid;550;Assistant Hotel Manager;6;167;28;35
28;Madrid;142;Events Coordinator;6;195;33;26
28;Madrid;32;Amusement Park Staff;6;163;27;21
28;Madrid;49;Revenue Manager;6;126;21;18
26;La Rioja;591;Receptionist;6;198;33;23
26;La Rioja;669;Waiter;6;150;25;18
21;Huelva;226;Dishwasher;6;103;17;9
17;Girona;590;Reception Assistant;6;409;68;67
17;Girona;657;Bartender;6;287;48;32
18;Granada;243;Kitchen Assistant;6;212;35;33
18;Granada;652;Head Waiter;6;126;21;22
18;Granada;697;Masseur;5;177;35;37
18;Granada;561;Housekeeping Staff;5;391;78;58
18;Granada;551;Assistant Executive Housekeeper;5;222;44;35
18;Granada;630;Assistant Head Waiter;5;64;13;8
18;Granada;489;Maintenance Manager;5;102;20;28
21;Huelva;218;Chef;5;150;30;18
25;Lleida;707;Sauna Assistant;5;105;21;24
25;Lleida;243;Kitchen Assistant;5;406;81;86
23;Jaén;669;Waiter;5;76;15;14
28;Madrid;50;Operations Specialist;5;86;17;17
28;Madrid;26;Administrative Assistant;5;361;72;66
28;Madrid;48;Operations Manager;5;327;65;39
28;Madrid;105;Business Travel Agent;5;315;63;65
28;Madrid;636;Barback;5;79;16;15
28;Madrid;637;Barista;5;193;39;12
28;Madrid;697;Masseur;5;187;37;46
28;Madrid;415;Conference & Events Trainee;5;131;26;17
35;Las Palmas;26;Administrative Assistant;5;199;40;35
31;Navarra;552;Chambermaid;5;173;35;36
35;Las Palmas;181;GEX - Guest Experience Coordinator;5;99;20;23
35;Las Palmas;182;Service Manager;5;84;17;9
35;Las Palmas;166;Customer Service Agent;5;185;37;36
35;Las Palmas;141;Entertainment Manager;5;231;46;49
36;Pontevedra;572;Bellboy;5;42;8;8
36;Pontevedra;591;Receptionist;5;266;53;41
37;Salamanca;218;Chef;5;92;18;10
36;Pontevedra;243;Kitchen Assistant;5;166;33;35
36;Pontevedra;113;Travel Agent;5;110;22;21
35;Las Palmas;501;Technical Services Officer;5;102;20;19
35;Las Palmas;504;Painter;5;85;17;12
35;Las Palmas;487;Gardener;5;116;23;17
35;Las Palmas;488;Gardening Assistant;5;98;20;19
35;Las Palmas;483;Electrician;5;82;16;21
29;Málaga;316;Store Sales Assistant;5;155;31;33
29;Málaga;498;Swimming Pool Maintenance;5;139;28;27
29;Málaga;501;Technical Services Officer;5;129;26;26
29;Málaga;486;Facilities Technician;5;96;19;21
29;Málaga;80;Hotel Manager;5;389;78;92
28;Madrid;715;Spa Therapist;5;189;38;33
28;Madrid;773;Cabin Crew;5;46;9;2
30;Murcia;668;Waiter Assistant;5;140;28;24
29;Málaga;697;Masseur;5;137;27;28
29;Málaga;665;Sommelier;5;117;23;21
29;Málaga;505;Car Washer;5;134;27;22
29;Málaga;593;Human Resources Intern;5;94;19;17
3;Alicante;653;Host/Hostess;5;130;26;17
3;Alicante;593;Human Resources Intern;5;53;11;8
3;Alicante;436;Groups & Events Coordinator;5;167;33;26
3;Alicante;587;Night Auditor;5;258;52;48
3;Alicante;570;Assistant Head of Reception;5;262;52;56
3;Alicante;248;Pastry Chef;5;192;38;31
3;Alicante;300;Sales Host;5;149;30;26
3;Alicante;181;GEX - Guest Experience Coordinator;5;105;21;9
3;Alicante;228;Executive Chef;5;201;40;32
3;Alicante;23;Administrative;5;14;3;4
3;Alicante;79;Hotel Director;5;334;67;47
7;Islas Baleares;49;Revenue Manager;5;117;23;25
7;Islas Baleares;55;Controller;5;84;17;13
7;Islas Baleares;30;Administrative Technician;5;165;33;17
7;Islas Baleares;46;Chief Financial Officer (CFO);5;71;14;13
6;Badajoz;669;Waiter;5;176;35;38
4;Almería;669;Waiter;5;323;65;77
3;Alicante;680;Body Treatment Specialist;5;62;12;7
3;Alicante;697;Masseur;5;135;27;25
4;Almería;591;Receptionist;5;527;105;104
8;Barcelona;88;Office Manager;5;0;0;0
8;Barcelona;45;Chief Executive Officer (CEO);5;491;98;110
8;Barcelona;2;Accounting Assistant;5;156;31;15
7;Islas Baleares;767;Airport Operations Manager;5;128;26;32
7;Islas Baleares;600;Revenue Agent;5;106;21;14
7;Islas Baleares;244;Meat Cutter;5;38;8;10
7;Islas Baleares;220;Commis Chef;5;171;34;37
7;Islas Baleares;210;Assistant Baker;5;26;5;3
7;Islas Baleares;213;Event Chef;5;336;67;73
7;Islas Baleares;167;Customer Service Assistant;5;197;39;21
7;Islas Baleares;168;Customer Service Coordinator;5;75;15;12
7;Islas Baleares;471;Tour Guide;5;92;18;20
7;Islas Baleares;358;Food and Beverage Consultant;5;24;5;7
7;Islas Baleares;486;Facilities Technician;5;117;23;9
7;Islas Baleares;490;Air Conditioning Maintenance Technician;5;40;8;9
17;Girona;286;Rental Sales Consultant;5;89;18;8
11;Cádiz;561;Housekeeping Staff;5;526;105;96
11;Cádiz;489;Maintenance Manager;5;52;10;7
11;Cádiz;492;Maintenance Assistant;5;127;25;17
8;Barcelona;745;Software Developer;5;52;10;11
8;Barcelona;642;Cocktail Bar Manager;5;182;36;39
8;Barcelona;544;Social Media Manager;5;144;29;31
8;Barcelona;535;Marketing Specialist;5;78;16;18
8;Barcelona;314;Salesperson Call Center;5;35;7;1
8;Barcelona;345;Supply Department Assistant;5;174;35;31
8;Barcelona;437;Groups & Events Manager;5;276;55;31
8;Barcelona;111;Travel Agencies Account Manager;5;73;15;17
8;Barcelona;142;Events Coordinator;5;234;47;42
419;Mallorca;165;Customer Service Advisor;5;0;0;0
390;Comporta;561;Housekeeping Staff;5;120;24;26
387;Serzedo;221;Cook;5;33;7;4
322;Canillo;653;Host/Hostess;5;208;42;30
322;Canillo;577;Concierge;5;223;45;45
322;Canillo;507;Advertising Manager;5;97;19;22
182;Madeira;591;Receptionist;5;116;23;21
147;Porto;715;Spa Therapist;5;133;27;33
147;Porto;23;Administrative;5;607;121;91
147;Porto;220;Commis Chef;5;150;30;30
147;Porto;313;Sales Assistant;5;132;26;28
147;Porto;489;Maintenance Manager;5;56;11;8
147;Porto;650;Food and Beverage Manager;5;260;52;55
147;Porto;551;Assistant Executive Housekeeper;5;197;39;25
458;Avenidas Novas;591;Receptionist;5;713;143;140
458;Avenidas Novas;669;Waiter;5;533;107;75
122;San Luis Potosí;113;Travel Agent;5;34;7;8
50;Zaragoza;591;Receptionist;5;513;103;66
131;Ciudad de México;764;Air Traffic Controller;5;71;14;10
137;Faro;561;Housekeeping Staff;5;269;54;21
137;Faro;489;Maintenance Manager;5;40;8;10
137;Faro;243;Kitchen Assistant;5;127;25;21
137;Faro;254;Sous Chef;5;85;17;20
137;Faro;218;Chef;5;86;17;14
137;Faro;652;Head Waiter;5;124;25;24
143;Aveiro;669;Waiter;5;140;28;19
135;Setúbal;561;Housekeeping Staff;5;317;63;45
132;Lisboa;762;Technologist brewing;5;99;20;16
132;Lisboa;647;Food and Beverage Assistant;5;118;24;24
132;Lisboa;615;Human Resources Technician;5;220;44;39
132;Lisboa;632;Bakery Attendant;5;198;40;31
132;Lisboa;486;Facilities Technician;5;101;20;22
45;Toledo;218;Chef;5;60;12;11
45;Toledo;584;Hotel Receptionist;5;197;39;37
43;Tarragona;10;Accounts Manager;5;0;0;0
43;Tarragona;79;Hotel Director;5;339;68;73
43;Tarragona;492;Maintenance Assistant;5;392;78;71
43;Tarragona;494;Maintenance Technician;5;130;26;23
46;Valencia;653;Host/Hostess;5;404;81;46
46;Valencia;557;Executive Housekeeper;5;146;29;14
46;Valencia;489;Maintenance Manager;5;200;40;31
48;Vizcaya;218;Chef;5;139;28;31
48;Vizcaya;494;Maintenance Technician;5;100;20;25
48;Vizcaya;551;Assistant Executive Housekeeper;5;163;33;21
48;Vizcaya;243;Kitchen Assistant;5;412;82;81
48;Vizcaya;254;Sous Chef;5;116;23;24
39;Cantabria;669;Waiter;5;37;7;7
41;Sevilla;80;Hotel Manager;5;386;77;89
40;Segovia;668;Waiter Assistant;5;0;0;0
41;Sevilla;630;Assistant Head Waiter;5;228;46;61
38;Santa Cruz de Tenerife;615;Human Resources Technician;5;85;17;18
38;Santa Cruz de Tenerife;557;Executive Housekeeper;5;160;32;33
38;Santa Cruz de Tenerife;505;Car Washer;5;75;15;17
38;Santa Cruz de Tenerife;150;Multifunctional Animator;5;58;12;0
38;Santa Cruz de Tenerife;79;Hotel Director;5;70;14;13
38;Santa Cruz de Tenerife;220;Commis Chef;5;180;36;27
38;Santa Cruz de Tenerife;228;Executive Chef;5;221;44;41
38;Santa Cruz de Tenerife;248;Pastry Chef;5;85;17;19
38;Santa Cruz de Tenerife;180;GEX - Guest Experience Manager;5;124;25;29
38;Santa Cruz de Tenerife;167;Customer Service Assistant;4;186;47;54
38;Santa Cruz de Tenerife;1;Accountant;4;50;13;12
37;Salamanca;192;Call Center Agent;4;138;35;32
38;Santa Cruz de Tenerife;125;Animation Assistant;4;98;25;25
38;Santa Cruz de Tenerife;498;Swimming Pool Maintenance;4;32;8;5
38;Santa Cruz de Tenerife;483;Electrician;4;57;14;15
38;Santa Cruz de Tenerife;518;Public Relations Director;4;107;27;27
38;Santa Cruz de Tenerife;593;Human Resources Intern;4;49;12;12
38;Santa Cruz de Tenerife;650;Food and Beverage Manager;4;126;32;33
41;Sevilla;628;Assistant Bar Manager;4;136;34;29
41;Sevilla;632;Bakery Attendant;4;125;31;36
41;Sevilla;557;Executive Housekeeper;4;252;63;65
41;Sevilla;503;Warehouse Stock Handler;4;102;26;28
41;Sevilla;166;Customer Service Agent;4;160;40;2
41;Sevilla;286;Rental Sales Consultant;4;70;18;18
41;Sevilla;254;Sous Chef;4;114;29;23
41;Sevilla;492;Maintenance Assistant;4;119;30;25
38;Santa Cruz de Tenerife;661;Restaurant Manager;4;62;16;11
48;Vizcaya;652;Head Waiter;4;111;28;29
47;Valladolid;45;Chief Executive Officer (CEO);4;312;78;41
46;Valencia;551;Assistant Executive Housekeeper;4;75;19;13
46;Valencia;665;Sommelier;4;153;38;38
46;Valencia;587;Night Auditor;4;249;62;56
46;Valencia;589;Night Receptionist;4;454;114;120
43;Tarragona;557;Executive Housekeeper;4;153;38;34
43;Tarragona;665;Sommelier;4;49;12;16
43;Tarragona;580;Front Office Manager;4;170;43;40
45;Toledo;591;Receptionist;4;205;51;53
45;Toledo;165;Customer Service Advisor;4;0;0;0
44;Teruel;79;Hotel Director;4;288;72;80
132;Lisboa;503;Warehouse Stock Handler;4;148;37;25
132;Lisboa;473;Tourism Agent;4;193;48;38
132;Lisboa;637;Barista;4;305;76;49
133;Leiria;218;Chef;4;86;22;23
133;Leiria;221;Cook;4;59;15;14
134;Santarém;669;Waiter;4;152;38;34
135;Setúbal;587;Night Auditor;4;79;20;15
135;Setúbal;218;Chef;4;86;22;24
135;Setúbal;652;Head Waiter;4;60;15;12
143;Aveiro;552;Chambermaid;4;284;71;68
143;Aveiro;584;Hotel Receptionist;4;65;16;17
137;Faro;630;Assistant Head Waiter;4;59;15;16
137;Faro;257;Chef de Partie;4;71;18;15
137;Faro;165;Customer Service Advisor;4;0;0;0
137;Faro;552;Chambermaid;4;90;23;23
137;Faro;577;Concierge;4;51;13;13
137;Faro;580;Front Office Manager;4;60;15;16
137;Faro;564;Laundry Attendant;4;47;12;14
132;Lisboa;1;Accountant;4;91;23;21
132;Lisboa;50;Operations Specialist;4;87;22;15
125;Tabasco;113;Travel Agent;4;66;17;18
131;Ciudad de México;293;Sales Agent;4;106;27;22
132;Lisboa;114;Travel Coordinator;4;193;48;43
50;Zaragoza;6;Accounting Intern;4;0;0;0
128;Veracruz;113;Travel Agent;4;39;10;11
458;Avenidas Novas;494;Maintenance Technician;4;156;39;35
147;Porto;613;Human Resources Manager;4;129;32;33
147;Porto;665;Sommelier;4;36;9;10
147;Porto;631;Assistant Restaurant Manager;4;68;17;15
147;Porto;636;Barback;4;142;36;32
147;Porto;467;Museum Guide;4;110;28;28
147;Porto;473;Tourism Agent;4;160;40;30
147;Porto;396;Sommelier Consultant;4;41;10;9
147;Porto;401;Tourist Management Consultant;4;185;46;43
147;Porto;198;Call Center Technician;4;23;6;7
147;Porto;250;Pastry Shop Manager;4;47;12;12
147;Porto;10;Accounts Manager;4;93;23;25
146;Vila Real;248;Pastry Chef;4;0;0;0
147;Porto;771;Bus Driver;4;53;13;13
148;Braga;243;Kitchen Assistant;4;165;41;42
147;Porto;809;Skipper;4;46;12;12
150;Açores;669;Waiter;4;77;19;15
322;Canillo;242;Sushiman;4;89;22;22
322;Canillo;436;Groups & Events Coordinator;4;98;25;27
322;Canillo;250;Pastry Shop Manager;4;72;18;18
322;Canillo;206;Quality Specialist;4;76;19;21
322;Canillo;119;Reservation Agent;4;268;67;59
322;Canillo;634;Bar Manager;4;101;25;21
322;Canillo;657;Bartender;4;159;40;39
333;Islas Canarias;561;Housekeeping Staff;4;150;38;33
387;Serzedo;561;Housekeeping Staff;4;138;35;40
387;Serzedo;630;Assistant Head Waiter;4;24;6;1
387;Serzedo;631;Assistant Restaurant Manager;4;14;4;0
387;Serzedo;634;Bar Manager;4;39;10;7
387;Serzedo;584;Hotel Receptionist;4;87;22;24
417;Cascais;584;Hotel Receptionist;4;145;36;37
390;Comporta;652;Head Waiter;4;36;9;9
390;Comporta;657;Bartender;4;45;11;12
417;Cascais;221;Cook;4;77;19;17
419;Mallorca;221;Cook;4;218;55;39
419;Mallorca;302;Sales Manager;4;72;18;21
417;Cascais;657;Bartender;4;76;19;19
419;Mallorca;551;Assistant Executive Housekeeper;4;130;33;25
419;Mallorca;572;Bellboy;4;198;50;32
419;Mallorca;591;Receptionist;4;349;87;101
8;Barcelona;114;Travel Coordinator;4;135;34;29
8;Barcelona;117;Travel guide;4;228;57;58
8;Barcelona;123;Activities Supervisor;4;71;18;21
8;Barcelona;479;Window Cleaner;4;40;10;12
8;Barcelona;519;Public Relations and Communication Director;4;77;19;22
8;Barcelona;436;Groups & Events Coordinator;4;132;33;33
8;Barcelona;420;Events and Banquets Director;4;139;35;37
8;Barcelona;358;Food and Beverage Consultant;4;38;10;10
8;Barcelona;796;Rider;4;205;51;48
9;Burgos;591;Receptionist;4;145;36;44
10;Cáceres;630;Assistant Head Waiter;4;59;15;14
10;Cáceres;669;Waiter;4;142;36;36
11;Cádiz;584;Hotel Receptionist;4;343;86;72
11;Cádiz;634;Bar Manager;4;155;39;23
11;Cádiz;165;Customer Service Advisor;4;0;0;0
11;Cádiz;80;Hotel Manager;4;47;12;12
11;Cádiz;664;Restaurant Section Head;4;54;14;15
14;Córdoba;243;Kitchen Assistant;4;154;39;43
14;Córdoba;584;Hotel Receptionist;4;316;79;80
17;Girona;589;Night Receptionist;4;111;28;17
17;Girona;630;Assistant Head Waiter;4;84;21;22
17;Girona;631;Assistant Restaurant Manager;4;43;11;6
17;Girona;226;Dishwasher;4;143;36;35
17;Girona;177;GEX - Guest Experience Assistant;4;134;34;35
15;A Coruña;473;Tourism Agent;4;47;12;13
15;A Coruña;6;Accounting Intern;4;0;0;0
14;Córdoba;668;Waiter Assistant;4;83;21;13
15;A Coruña;10;Accounts Manager;4;0;0;0
17;Girona;10;Accounts Manager;4;0;0;0
7;Islas Baleares;535;Marketing Specialist;4;62;16;16
7;Islas Baleares;335;Purchasing Coordinator;4;23;6;4
7;Islas Baleares;163;Fitness Animator;4;170;43;41
7;Islas Baleares;166;Customer Service Agent;4;111;28;18
7;Islas Baleares;122;Activities Assistant;4;131;33;30
7;Islas Baleares;608;Human Resources Assistant;4;74;19;14
7;Islas Baleares;640;Cashier;4;207;52;41
7;Islas Baleares;707;Sauna Assistant;4;121;30;32
7;Islas Baleares;711;Spa Assistant;4;73;18;18
8;Barcelona;5;Accounting Director;4;14;4;0
7;Islas Baleares;725;Security Guard;4;81;20;18
8;Barcelona;7;Accounting Manager;4;0;0;0
8;Barcelona;30;Administrative Technician;4;107;27;21
8;Barcelona;48;Operations Manager;4;194;49;37
8;Barcelona;59;Business Development Director;4;119;30;33
8;Barcelona;68;Financial Intern;4;26;7;7
4;Almería;550;Assistant Hotel Manager;4;130;33;28
4;Almería;552;Chambermaid;4;375;94;80
4;Almería;221;Cook;4;221;55;54
4;Almería;652;Head Waiter;4;263;66;67
6;Badajoz;243;Kitchen Assistant;4;89;22;22
7;Islas Baleares;6;Accounting Intern;4;27;7;6
7;Islas Baleares;32;Amusement Park Staff;4;92;23;24
3;Alicante;130;Children's Animator;4;120;30;16
3;Alicante;302;Sales Manager;4;111;28;28
3;Alicante;486;Facilities Technician;4;50;13;14
3;Alicante;492;Maintenance Assistant;4;84;21;25
3;Alicante;647;Food and Beverage Assistant;4;70;18;17
29;Málaga;567;Linen Keeper;4;147;37;43
29;Málaga;661;Restaurant Manager;4;72;18;21
29;Málaga;631;Assistant Restaurant Manager;4;139;35;26
29;Málaga;680;Body Treatment Specialist;4;114;29;27
29;Málaga;690;Holistic Therapist;4;93;23;27
29;Málaga;715;Spa Therapist;4;105;26;27
31;Navarra;221;Cook;4;43;11;12
30;Murcia;570;Assistant Head of Reception;4;91;23;21
30;Murcia;43;Casino Staff;4;50;13;12
29;Málaga;1;Accountant;4;79;20;18
29;Málaga;26;Administrative Assistant;4;190;48;50
28;Madrid;711;Spa Assistant;4;185;46;47
29;Málaga;167;Customer Service Assistant;4;122;31;26
29;Málaga;159;Tourist Animator;4;466;117;97
29;Málaga;436;Groups & Events Coordinator;4;80;20;23
29;Málaga;504;Painter;4;56;14;12
29;Málaga;270;Group Sales Manager;4;110;28;30
29;Málaga;213;Event Chef;4;82;21;17
29;Málaga;220;Commis Chef;4;87;22;20
29;Málaga;228;Executive Chef;4;233;58;42
35;Las Palmas;495;Mason;4;27;7;7
35;Las Palmas;636;Barback;4;50;13;12
35;Las Palmas;665;Sommelier;4;63;16;18
36;Pontevedra;218;Chef;4;62;16;15
36;Pontevedra;286;Rental Sales Consultant;4;37;9;6
35;Las Palmas;731;Pool Attendant;4;61;15;13
36;Pontevedra;494;Maintenance Technician;4;58;15;15
35;Las Palmas;124;Actor;4;147;37;34
35;Las Palmas;220;Commis Chef;4;55;14;15
35;Las Palmas;248;Pastry Chef;4;58;15;15
35;Las Palmas;266;Commercial and Marketing Manager;4;56;14;14
35;Las Palmas;251;Pizzaiolo;4;54;14;14
33;Asturias;221;Cook;4;83;21;27
35;Las Palmas;119;Reservation Agent;4;301;75;53
28;Madrid;347;Warehouse Management Technician;4;90;23;18
28;Madrid;473;Tourism Agent;4;151;38;21
28;Madrid;501;Technical Services Officer;4;82;21;20
28;Madrid;277;MICE Sales Manager;4;95;24;26
28;Madrid;376;Hospitality Consultant;4;113;28;12
28;Madrid;300;Sales Host;4;157;39;22
28;Madrid;665;Sommelier;4;26;7;6
28;Madrid;530;Marketing Assistant;4;59;15;17
28;Madrid;102;Business Intelligence Specialist;4;64;16;15
28;Madrid;111;Travel Agencies Account Manager;4;157;39;38
28;Madrid;104;Data Analytics Specialist;4;45;11;14
28;Madrid;130;Children's Animator;4;137;34;4
28;Madrid;247;Pastry Assistant;4;57;14;13
28;Madrid;180;GEX - Guest Experience Manager;4;317;79;47
28;Madrid;14;Accounts Payable Intern;4;31;8;6
28;Madrid;7;Accounting Manager;4;79;20;24
24;León;584;Hotel Receptionist;4;106;27;26
25;Lleida;6;Accounting Intern;4;0;0;0
25;Lleida;561;Housekeeping Staff;4;227;57;53
25;Lleida;503;Warehouse Stock Handler;4;195;49;53
22;Huesca;584;Hotel Receptionist;4;37;9;7
18;Granada;170;Customer Service Manager;4;0;0;0
17;Girona;661;Restaurant Manager;4;68;17;20
17;Girona;647;Food and Beverage Assistant;4;78;20;8
17;Girona;650;Food and Beverage Manager;4;150;38;38
18;Granada;79;Hotel Director;4;436;109;121
18;Granada;570;Assistant Head of Reception;4;274;69;65
20;Guipúzcoa;561;Housekeeping Staff;4;101;25;27
20;Guipúzcoa;286;Rental Sales Consultant;4;18;5;3
20;Guipúzcoa;79;Hotel Director;4;304;76;83
20;Guipúzcoa;166;Customer Service Agent;4;30;8;5
20;Guipúzcoa;243;Kitchen Assistant;3;62;21;19
18;Granada;650;Food and Beverage Manager;3;164;55;51
20;Guipúzcoa;584;Hotel Receptionist;3;108;36;15
18;Granada;580;Front Office Manager;3;285;95;106
18;Granada;661;Restaurant Manager;3;76;25;25
18;Granada;664;Restaurant Section Head;3;15;5;0
18;Granada;668;Waiter Assistant;3;186;62;59
17;Girona;724;Nightwatchman;3;75;25;26
18;Granada;23;Administrative;3;273;91;86
18;Granada;438;Groups & Events Sales Manager;3;81;27;32
18;Granada;441;Head Waiter for Catering & Events;3;80;27;30
22;Huesca;580;Front Office Manager;3;55;18;19
22;Huesca;243;Kitchen Assistant;3;30;10;0
22;Huesca;552;Chambermaid;3;26;9;7
21;Huelva;669;Waiter;3;126;42;29
20;Guipúzcoa;690;Holistic Therapist;3;52;17;15
20;Guipúzcoa;652;Head Waiter;3;26;9;7
21;Huelva;167;Customer Service Assistant;3;90;30;30
25;Lleida;551;Assistant Executive Housekeeper;3;90;30;31
25;Lleida;257;Chef de Partie;3;125;42;33
25;Lleida;590;Reception Assistant;3;74;25;27
25;Lleida;10;Accounts Manager;3;0;0;0
24;León;669;Waiter;3;85;28;8
25;Lleida;248;Pastry Chef;3;23;8;7
25;Lleida;119;Reservation Agent;3;239;80;77
27;Lugo;221;Cook;3;26;9;7
27;Lugo;473;Tourism Agent;3;22;7;6
26;La Rioja;492;Maintenance Assistant;3;24;8;9
28;Madrid;43;Casino Staff;3;78;26;27
28;Madrid;55;Controller;3;84;28;29
28;Madrid;213;Event Chef;3;158;53;60
28;Madrid;228;Executive Chef;3;133;44;26
28;Madrid;114;Travel Coordinator;3;266;89;77
28;Madrid;117;Travel guide;3;134;45;47
28;Madrid;513;Content Marketing Manager;3;73;24;13
28;Madrid;518;Public Relations Director;3;64;21;17
28;Madrid;532;Marketing Director;3;66;22;22
28;Madrid;539;Public Relations Intern;3;22;7;9
28;Madrid;600;Revenue Agent;3;84;28;24
28;Madrid;642;Cocktail Bar Manager;3;69;23;19
28;Madrid;620;Personnel Recruitment Technician;3;33;11;14
28;Madrid;615;Human Resources Technician;3;88;29;26
28;Madrid;314;Salesperson Call Center;3;49;16;15
28;Madrid;251;Pizzaiolo;3;66;22;30
28;Madrid;503;Warehouse Stock Handler;3;187;62;70
28;Madrid;509;B2B Marketing Specialist;3;26;9;11
28;Madrid;510;Brand Manager;3;50;17;16
28;Madrid;485;Facilities Assistant;3;42;14;14
28;Madrid;438;Groups & Events Sales Manager;3;143;48;44
28;Madrid;420;Events and Banquets Director;3;72;24;26
35;Las Palmas;113;Travel Agent;3;98;33;24
35;Las Palmas;89;Valet Parking;3;22;7;7
33;Asturias;218;Chef;3;105;35;36
33;Asturias;243;Kitchen Assistant;3;51;17;15
32;Ourense;669;Waiter;3;79;26;13
31;Navarra;113;Travel Agent;3;25;8;11
31;Navarra;561;Housekeeping Staff;3;85;28;27
35;Las Palmas;460;Airport Guide;3;4;1;0
35;Las Palmas;128;Animation Supervisor;3;149;50;45
35;Las Palmas;207;Quality Technician;3;19;6;7
35;Las Palmas;125;Animation Assistant;3;236;79;75
37;Salamanca;243;Kitchen Assistant;3;5;2;0
37;Salamanca;489;Maintenance Manager;3;43;14;15
37;Salamanca;584;Hotel Receptionist;3;93;31;24
36;Pontevedra;170;Customer Service Manager;3;0;0;0
35;Las Palmas;628;Assistant Bar Manager;3;68;23;28
35;Las Palmas;491;Kitchen Machinery Maintenance Technician;3;32;11;11
35;Las Palmas;505;Car Washer;3;54;18;16
35;Las Palmas;544;Social Media Manager;3;38;13;18
29;Málaga;235;Grill Chef;3;67;22;22
29;Málaga;242;Sushiman;3;81;27;39
29;Málaga;271;Hotel Sales Manager;3;104;35;25
29;Málaga;273;Key Account Manager;3;22;7;6
29;Málaga;248;Pastry Chef;3;95;32;26
29;Málaga;266;Commercial and Marketing Manager;3;95;32;31
29;Málaga;267;Commercial Manager;3;113;38;35
29;Málaga;490;Air Conditioning Maintenance Technician;3;59;20;20
29;Málaga;345;Supply Department Assistant;3;115;38;13
29;Málaga;377;Hospitality Trainer;3;28;9;8
29;Málaga;432;Events Sales Executive;3;96;32;32
29;Málaga;438;Groups & Events Sales Manager;3;83;28;24
29;Málaga;142;Events Coordinator;3;87;29;26
29;Málaga;170;Customer Service Manager;3;7;2;0
28;Madrid;725;Security Guard;3;17;6;5
28;Madrid;732;Helpdesk Analyst;3;27;9;9
28;Madrid;763;Business Intelligence Analyst;3;28;9;8
29;Málaga;23;Administrative;3;200;67;52
29;Málaga;28;Administrative Intern;3;52;17;14
29;Málaga;2;Accounting Assistant;3;77;26;30
30;Murcia;8;Accounting Technician;3;15;5;5
30;Murcia;79;Hotel Director;3;203;68;89
30;Murcia;483;Electrician;3;22;7;9
30;Murcia;489;Maintenance Manager;3;49;16;16
30;Murcia;254;Sous Chef;3;46;15;8
31;Navarra;10;Accounts Manager;3;0;0;0
29;Málaga;714;Spa Receptionist;3;130;43;35
29;Málaga;606;Head of Human Resources;3;26;9;6
29;Málaga;600;Revenue Agent;3;39;13;9
29;Málaga;615;Human Resources Technician;3;43;14;8
3;Alicante;616;Labor Administrative;3;104;35;22
3;Alicante;600;Revenue Agent;3;20;7;5
3;Alicante;577;Concierge;3;71;24;13
3;Alicante;560;Cleaning Manager;3;145;48;26
3;Alicante;487;Gardener;3;103;34;34
3;Alicante;267;Commercial Manager;3;85;28;36
3;Alicante;141;Entertainment Manager;3;76;25;25
3;Alicante;151;Musician;3;21;7;3
3;Alicante;159;Tourist Animator;3;109;36;20
3;Alicante;113;Travel Agent;3;65;22;24
1;Álava;591;Receptionist;3;154;51;31
1;Álava;221;Cook;3;11;4;3
7;Islas Baleares;57;Controller Assistant;3;7;2;0
7;Islas Baleares;47;Chief Operations Officer (COO);3;284;95;75
7;Islas Baleares;68;Financial Intern;3;21;7;5
7;Islas Baleares;74;Head of Accounting;3;47;16;11
7;Islas Baleares;76;Head of Finance;3;37;12;13
7;Islas Baleares;28;Administrative Intern;3;46;15;17
6;Badajoz;661;Restaurant Manager;3;8;3;1
6;Badajoz;221;Cook;3;34;11;12
5;Ávila;584;Hotel Receptionist;3;39;13;11
4;Almería;286;Rental Sales Consultant;3;34;11;8
3;Alicante;691;Hydrotherapy Specialist;3;19;6;9
8;Barcelona;96;Supply Chain Manager;3;102;34;14
8;Barcelona;47;Chief Operations Officer (COO);3;201;67;66
8;Barcelona;55;Controller;3;190;63;54
7;Islas Baleares;731;Pool Attendant;3;170;57;47
7;Islas Baleares;733;IT Helpdesk Analyst;3;21;7;4
7;Islas Baleares;714;Spa Receptionist;3;130;43;24
7;Islas Baleares;778;Car Driver;3;34;11;9
7;Islas Baleares;696;Massage Therapist;3;160;53;61
7;Islas Baleares;697;Masseur;3;125;42;35
7;Islas Baleares;642;Cocktail Bar Manager;3;116;39;40
7;Islas Baleares;609;Human Resources Business Partner;3;144;48;26
7;Islas Baleares;613;Human Resources Manager;3;25;8;7
7;Islas Baleares;596;Recruitment Technician;3;59;20;14
7;Islas Baleares;544;Social Media Manager;3;93;31;31
7;Islas Baleares;127;Animation Manager;3;187;62;66
7;Islas Baleares;150;Multifunctional Animator;3;112;37;44
7;Islas Baleares;171;Customer Service Specialist;3;28;9;0
7;Islas Baleares;200;Customer Support Technician;3;34;11;11
7;Islas Baleares;232;Garde Manger Chef;3;87;29;20
7;Islas Baleares;235;Grill Chef;3;153;51;33
7;Islas Baleares;443;Maitre in Charge of Room and Events;3;57;19;19
7;Islas Baleares;432;Events Sales Executive;3;101;34;31
7;Islas Baleares;436;Groups & Events Coordinator;3;64;21;22
7;Islas Baleares;505;Car Washer;3;90;30;34
7;Islas Baleares;438;Groups & Events Sales Manager;3;81;27;23
15;A Coruña;8;Accounting Technician;3;28;9;13
15;A Coruña;301;Sales Intern;3;47;16;6
15;A Coruña;561;Housekeeping Staff;3;155;52;57
15;A Coruña;111;Travel Agencies Account Manager;3;57;19;20
15;A Coruña;243;Kitchen Assistant;3;71;24;20
17;Girona;213;Event Chef;3;81;27;22
17;Girona;473;Tourism Agent;3;66;22;20
17;Girona;587;Night Auditor;3;71;24;23
17;Girona;492;Maintenance Assistant;3;87;29;24
14;Córdoba;170;Customer Service Manager;3;0;0;0
13;Ciudad Real;661;Restaurant Manager;3;8;3;3
14;Córdoba;80;Hotel Manager;3;119;40;32
14;Córdoba;257;Chef de Partie;3;102;34;10
11;Cádiz;661;Restaurant Manager;3;72;24;23
11;Cádiz;692;Lifesaver;3;83;28;26
12;Castellón;669;Waiter;3;36;12;18
11;Cádiz;181;GEX - Guest Experience Coordinator;3;154;51;38
11;Cádiz;167;Customer Service Assistant;3;108;36;34
11;Cádiz;631;Assistant Restaurant Manager;3;35;12;5
11;Cádiz;580;Front Office Manager;3;166;55;35
10;Cáceres;587;Night Auditor;3;99;33;39
9;Burgos;494;Maintenance Technician;3;29;10;10
10;Cáceres;493;Maintenance Officer;3;12;4;5
8;Barcelona;778;Car Driver;3;111;37;31
10;Cáceres;221;Cook;3;88;29;29
9;Burgos;254;Sous Chef;3;32;11;14
8;Barcelona;714;Spa Receptionist;3;175;58;24
8;Barcelona;715;Spa Therapist;3;129;43;40
8;Barcelona;761;Technical Services Assistant;3;29;10;10
8;Barcelona;686;Esthetician;3;40;13;10
8;Barcelona;697;Masseur;3;78;26;26
8;Barcelona;712;Spa Coordinator;3;30;10;10
8;Barcelona;529;Graphic Designer Intern;3;61;20;16
8;Barcelona;530;Marketing Assistant;3;118;39;26
8;Barcelona;560;Cleaning Manager;3;131;44;33
8;Barcelona;596;Recruitment Technician;3;55;18;22
8;Barcelona;636;Barback;3;212;71;80
8;Barcelona;622;Recruitment Consultant;3;22;7;7
8;Barcelona;399;Sustainable Tourism Consultant;3;40;13;17
8;Barcelona;346;Supply Department Manager;3;182;61;46
8;Barcelona;350;Chef Consultant;3;53;18;10
8;Barcelona;333;Purchasing and Warehouse Manager;3;103;34;45
8;Barcelona;334;Purchasing Assistant;3;120;40;15
8;Barcelona;313;Sales Assistant;3;18;6;6
8;Barcelona;323;Buyer;3;54;18;15
8;Barcelona;515;Digital Marketing Director;3;50;17;17
8;Barcelona;502;Technical Services Specialist;3;19;6;8
8;Barcelona;497;Building Repairer;3;55;18;20
8;Barcelona;482;Electrical Maintenance Technician;3;71;24;31
8;Barcelona;483;Electrician;3;41;14;17
8;Barcelona;446;MICE Manager;3;113;38;42
8;Barcelona;485;Facilities Assistant;3;37;12;17
8;Barcelona;104;Data Analytics Specialist;3;86;29;31
8;Barcelona;200;Customer Support Technician;3;43;14;17
8;Barcelona;267;Commercial Manager;3;44;15;17
8;Barcelona;270;Group Sales Manager;3;163;54;55
8;Barcelona;274;Marketing and Sales Director;3;71;24;23
8;Barcelona;275;Marketing and Sales Manager;3;140;47;49
8;Barcelona;277;MICE Sales Manager;3;42;14;16
8;Barcelona;235;Grill Chef;3;118;39;32
8;Barcelona;220;Commis Chef;3;148;49;38
420;Santo António;243;Kitchen Assistant;3;62;21;14
420;Santo António;248;Pastry Chef;3;11;4;0
419;Mallorca;652;Head Waiter;3;74;25;33
390;Comporta;218;Chef;3;44;15;15
390;Comporta;653;Host/Hostess;3;74;25;25
412;San Miguel de Abona;669;Waiter;3;49;16;16
417;Cascais;80;Hotel Manager;3;46;15;17
417;Cascais;591;Receptionist;3;85;28;35
419;Mallorca;79;Hotel Director;3;185;62;57
387;Serzedo;652;Head Waiter;3;34;11;10
390;Comporta;591;Receptionist;3;201;67;30
390;Comporta;628;Assistant Bar Manager;3;59;20;28
390;Comporta;632;Bakery Attendant;3;37;12;11
387;Serzedo;577;Concierge;3;37;12;16
387;Serzedo;226;Dishwasher;3;359;120;128
387;Serzedo;278;National Sales Executive;3;0;0;0
333;Islas Canarias;661;Restaurant Manager;3;60;20;19
333;Islas Canarias;494;Maintenance Technician;3;57;19;19
333;Islas Canarias;550;Assistant Hotel Manager;3;42;14;13
333;Islas Canarias;551;Assistant Executive Housekeeper;3;79;26;24
333;Islas Canarias;552;Chambermaid;3;103;34;39
333;Islas Canarias;302;Sales Manager;3;44;15;12
333;Islas Canarias;243;Kitchen Assistant;3;77;26;24
317;Cataluña;221;Cook;3;55;18;21
322;Canillo;226;Dishwasher;3;306;102;144
322;Canillo;494;Maintenance Technician;3;58;19;25
322;Canillo;254;Sous Chef;3;42;14;11
322;Canillo;503;Warehouse Stock Handler;3;88;29;42
150;Açores;715;Spa Therapist;3;39;13;12
150;Açores;221;Cook;3;54;18;15
150;Açores;552;Chambermaid;3;63;21;16
150;Açores;242;Sushiman;3;59;20;26
149;Viana do Castelo;221;Cook;3;35;12;10
147;Porto;804;Ship Captain;3;5;2;2
146;Vila Real;561;Housekeeping Staff;3;256;85;52
147;Porto;26;Administrative Assistant;3;181;60;54
147;Porto;48;Operations Manager;3;100;33;31
146;Vila Real;653;Host/Hostess;3;0;0;0
147;Porto;79;Hotel Director;3;158;53;33
147;Porto;119;Reservation Agent;3;237;79;111
147;Porto;248;Pastry Chef;3;40;13;12
147;Porto;177;GEX - Guest Experience Assistant;3;67;22;20
147;Porto;316;Store Sales Assistant;3;142;47;44
147;Porto;257;Chef de Partie;3;65;22;23
147;Porto;459;Adventure Tour Guide;3;45;15;13
147;Porto;483;Electrician;3;12;4;3
147;Porto;486;Facilities Technician;3;31;10;10
147;Porto;570;Assistant Head of Reception;3;88;29;25
458;Avenidas Novas;652;Head Waiter;3;59;20;23
427;Arroios;580;Front Office Manager;3;106;35;33
120;Querétaro;2;Accounting Assistant;3;6;2;2
121;Quintana Roo;95;Supplies Manager;3;9;3;3
50;Zaragoza;165;Customer Service Advisor;3;0;0;0
52;Melilla;257;Chef de Partie;3;42;14;14
109;Guanajuato;113;Travel Agent;3;25;8;5
110;Guerrero;113;Travel Agent;3;33;11;12
106;Coahuila;113;Travel Agent;3;20;7;6
52;Melilla;218;Chef;3;57;19;19
52;Melilla;221;Cook;3;38;13;13
132;Lisboa;100;Warehouse Manager;3;208;69;84
132;Lisboa;159;Tourist Animator;3;87;29;30
132;Lisboa;226;Dishwasher;3;217;72;91
132;Lisboa;200;Customer Support Technician;3;66;22;21
132;Lisboa;211;Bakery Manager;3;74;25;15
132;Lisboa;302;Sales Manager;3;17;6;6
131;Ciudad de México;119;Reservation Agent;3;79;26;29
131;Ciudad de México;446;MICE Manager;3;20;7;7
131;Ciudad de México;26;Administrative Assistant;3;79;26;24
132;Lisboa;8;Accounting Technician;3;50;17;16
132;Lisboa;10;Accounts Manager;3;54;18;22
131;Ciudad de México;760;Product Development Manager;3;34;11;11
137;Faro;557;Executive Housekeeper;3;57;19;20
137;Faro;544;Social Media Manager;3;52;17;10
137;Faro;503;Warehouse Stock Handler;3;60;20;25
137;Faro;119;Reservation Agent;3;157;52;65
137;Faro;45;Chief Executive Officer (CEO);3;106;35;41
137;Faro;23;Administrative;3;261;87;14
143;Aveiro;628;Assistant Bar Manager;3;54;18;14
138;Évora;669;Waiter;3;59;20;19
144;Viseu;669;Waiter;3;88;29;30
142;Coimbra;552;Chambermaid;3;124;41;36
142;Coimbra;584;Hotel Receptionist;3;64;21;20
135;Setúbal;653;Host/Hostess;3;40;13;11
135;Setúbal;715;Spa Therapist;3;51;17;15
135;Setúbal;572;Bellboy;3;50;17;18
135;Setúbal;631;Assistant Restaurant Manager;3;13;4;2
135;Setúbal;257;Chef de Partie;3;34;11;12
132;Lisboa;725;Security Guard;3;16;5;2
132;Lisboa;664;Restaurant Section Head;3;82;27;26
132;Lisboa;636;Barback;3;63;21;19
132;Lisboa;482;Electrical Maintenance Technician;3;51;17;17
132;Lisboa;550;Assistant Hotel Manager;3;143;48;52
132;Lisboa;551;Assistant Executive Housekeeper;3;89;30;25
132;Lisboa;528;Graphic Designer;3;91;30;12
44;Teruel;221;Cook;3;22;7;8
44;Teruel;552;Chambermaid;3;30;10;11
45;Toledo;630;Assistant Head Waiter;3;18;6;5
46;Valencia;202;Quality Assistant;3;170;57;73
46;Valencia;49;Revenue Manager;3;92;31;36
46;Valencia;23;Administrative;3;182;61;38
46;Valencia;26;Administrative Assistant;3;193;64;54
43;Tarragona;589;Night Receptionist;3;278;93;94
43;Tarragona;628;Assistant Bar Manager;3;173;58;43
43;Tarragona;346;Supply Department Manager;3;124;41;44
43;Tarragona;1;Accountant;3;81;27;21
43;Tarragona;119;Reservation Agent;3;235;78;82
46;Valencia;580;Front Office Manager;3;276;92;101
46;Valencia;600;Revenue Agent;3;15;5;6
46;Valencia;661;Restaurant Manager;3;33;11;12
46;Valencia;640;Cashier;3;72;24;27
46;Valencia;254;Sous Chef;3;111;37;31
48;Vizcaya;653;Host/Hostess;3;135;45;39
48;Vizcaya;664;Restaurant Section Head;3;63;21;22
48;Vizcaya;286;Rental Sales Consultant;3;39;13;14
48;Vizcaya;226;Dishwasher;3;232;77;72
38;Santa Cruz de Tenerife;690;Holistic Therapist;3;39;13;10
41;Sevilla;89;Valet Parking;3;147;49;64
41;Sevilla;493;Maintenance Officer;3;149;50;40
41;Sevilla;358;Food and Beverage Consultant;3;21;7;7
41;Sevilla;456;Wedding Planner;3;175;58;54
41;Sevilla;335;Purchasing Coordinator;3;70;23;23
41;Sevilla;79;Hotel Director;3;221;74;72
41;Sevilla;587;Night Auditor;3;224;75;76
41;Sevilla;637;Barista;3;95;32;29
41;Sevilla;650;Food and Beverage Manager;3;124;41;48
41;Sevilla;631;Assistant Restaurant Manager;3;98;33;33
38;Santa Cruz de Tenerife;611;Human Resources Coordinator;3;69;23;23
38;Santa Cruz de Tenerife;538;Public Relations Assistant;3;47;16;21
38;Santa Cruz de Tenerife;484;Facilities Manager;3;39;13;12
38;Santa Cruz de Tenerife;486;Facilities Technician;3;24;8;11
38;Santa Cruz de Tenerife;127;Animation Manager;3;141;47;43
38;Santa Cruz de Tenerife;89;Valet Parking;3;128;43;39
38;Santa Cruz de Tenerife;45;Chief Executive Officer (CEO);3;108;36;26
38;Santa Cruz de Tenerife;165;Customer Service Advisor;3;113;38;37
38;Santa Cruz de Tenerife;166;Customer Service Agent;3;92;31;28
38;Santa Cruz de Tenerife;184;Customer Experience Assistant;3;47;16;14
38;Santa Cruz de Tenerife;262;Area Sales Manager;3;49;16;20
38;Santa Cruz de Tenerife;247;Pastry Assistant;3;42;14;11
38;Santa Cruz de Tenerife;224;Dietary Chef;2;152;76;76
38;Santa Cruz de Tenerife;251;Pizzaiolo;2;42;21;21
38;Santa Cruz de Tenerife;209;Baker Chef;2;17;9;9
38;Santa Cruz de Tenerife;176;Customer Support Specialist;2;30;15;15
38;Santa Cruz de Tenerife;163;Fitness Animator;2;60;30;30
38;Santa Cruz de Tenerife;32;Amusement Park Staff;2;9;5;5
38;Santa Cruz de Tenerife;67;Financial Assistant;2;18;9;9
37;Salamanca;560;Cleaning Manager;2;42;21;21
38;Santa Cruz de Tenerife;113;Travel Agent;2;23;12;12
38;Santa Cruz de Tenerife;141;Entertainment Manager;2;67;34;34
38;Santa Cruz de Tenerife;487;Gardener;2;31;16;16
38;Santa Cruz de Tenerife;482;Electrical Maintenance Technician;2;30;15;15
38;Santa Cruz de Tenerife;275;Marketing and Sales Manager;2;50;25;25
38;Santa Cruz de Tenerife;315;Store Manager;2;14;7;7
38;Santa Cruz de Tenerife;334;Purchasing Assistant;2;34;17;17
38;Santa Cruz de Tenerife;390;Revenue Management Consultant;2;12;6;6
38;Santa Cruz de Tenerife;471;Tour Guide;2;34;17;17
38;Santa Cruz de Tenerife;528;Graphic Designer;2;58;29;29
38;Santa Cruz de Tenerife;532;Marketing Director;2;45;23;23
38;Santa Cruz de Tenerife;628;Assistant Bar Manager;2;24;12;12
38;Santa Cruz de Tenerife;636;Barback;2;43;22;22
38;Santa Cruz de Tenerife;616;Labor Administrative;2;26;13;13
38;Santa Cruz de Tenerife;600;Revenue Agent;2;51;26;26
41;Sevilla;613;Human Resources Manager;2;4;2;2
41;Sevilla;577;Concierge;2;32;16;16
41;Sevilla;594;Recruitment Director;2;15;8;8
41;Sevilla;443;Maitre in Charge of Room and Events;2;20;10;10
41;Sevilla;551;Assistant Executive Housekeeper;2;103;52;52
41;Sevilla;570;Assistant Head of Reception;2;136;68;68
41;Sevilla;181;GEX - Guest Experience Coordinator;2;32;16;16
41;Sevilla;301;Sales Intern;2;55;28;28
41;Sevilla;271;Hotel Sales Manager;2;55;28;28
41;Sevilla;93;Regional Director;2;78;39;39
41;Sevilla;49;Revenue Manager;2;81;41;41
41;Sevilla;119;Reservation Agent;2;117;59;59
40;Segovia;669;Waiter;2;82;41;41
41;Sevilla;10;Accounts Manager;2;0;0;0
40;Segovia;165;Customer Service Advisor;2;0;0;0
38;Santa Cruz de Tenerife;713;Spa Manager;2;49;25;25
38;Santa Cruz de Tenerife;714;Spa Receptionist;2;10;5;5
38;Santa Cruz de Tenerife;732;Helpdesk Analyst;2;16;8;8
38;Santa Cruz de Tenerife;745;Software Developer;2;2;1;1
38;Santa Cruz de Tenerife;753;Head of Technical Services;2;40;20;20
39;Cantabria;10;Accounts Manager;2;0;0;0
39;Cantabria;23;Administrative;2;113;57;57
38;Santa Cruz de Tenerife;711;Spa Assistant;2;35;18;18
39;Cantabria;165;Customer Service Advisor;2;0;0;0
39;Cantabria;221;Cook;2;30;15;15
48;Vizcaya;257;Chef de Partie;2;41;21;21
48;Vizcaya;436;Groups & Events Coordinator;2;66;33;33
48;Vizcaya;561;Housekeeping Staff;2;76;38;38
48;Vizcaya;661;Restaurant Manager;2;27;14;14
50;Zaragoza;10;Accounts Manager;2;13;7;7
47;Valladolid;79;Hotel Director;2;83;42;42
47;Valladolid;494;Maintenance Technician;2;42;21;21
47;Valladolid;668;Waiter Assistant;2;2;1;1
48;Vizcaya;180;GEX - Guest Experience Manager;2;27;14;14
48;Vizcaya;88;Office Manager;2;0;0;0
48;Vizcaya;113;Travel Agent;2;96;48;48
48;Vizcaya;10;Accounts Manager;2;0;0;0
48;Vizcaya;26;Administrative Assistant;2;95;48;48
48;Vizcaya;28;Administrative Intern;2;0;0;0
46;Valencia;486;Facilities Technician;2;35;18;18
46;Valencia;492;Maintenance Assistant;2;50;25;25
46;Valencia;471;Tour Guide;2;111;56;56
46;Valencia;550;Assistant Hotel Manager;2;59;30;30
46;Valencia;503;Warehouse Stock Handler;2;248;124;124
46;Valencia;533;Marketing Intern;2;103;52;52
46;Valencia;293;Sales Agent;2;142;71;71
46;Valencia;300;Sales Host;2;41;21;21
46;Valencia;301;Sales Intern;2;23;12;12
46;Valencia;396;Sommelier Consultant;2;43;22;22
46;Valencia;436;Groups & Events Coordinator;2;77;39;39
46;Valencia;647;Food and Beverage Assistant;2;109;55;55
47;Valladolid;6;Accounting Intern;2;0;0;0
47;Valladolid;10;Accounts Manager;2;0;0;0
46;Valencia;597;Intern in Reception;2;26;13;13
43;Tarragona;166;Customer Service Agent;2;155;78;78
43;Tarragona;181;GEX - Guest Experience Coordinator;2;123;62;62
43;Tarragona;254;Sous Chef;2;98;49;49
43;Tarragona;257;Chef de Partie;2;123;62;62
43;Tarragona;113;Travel Agent;2;79;40;40
41;Sevilla;796;Rider;2;114;57;57
42;Soria;591;Receptionist;2;70;35;35
43;Tarragona;473;Tourism Agent;2;28;14;14
43;Tarragona;316;Store Sales Assistant;2;44;22;22
43;Tarragona;286;Rental Sales Consultant;2;25;13;13
43;Tarragona;634;Bar Manager;2;68;34;34
43;Tarragona;640;Cashier;2;142;71;71
43;Tarragona;661;Restaurant Manager;2;37;19;19
43;Tarragona;600;Revenue Agent;2;12;6;6
46;Valencia;182;Service Manager;2;0;0;0
46;Valencia;89;Valet Parking;2;166;83;83
46;Valencia;113;Travel Agent;2;102;51;51
46;Valencia;244;Meat Cutter;2;156;78;78
45;Toledo;590;Reception Assistant;2;43;22;22
45;Toledo;572;Bellboy;2;77;39;39
132;Lisboa;530;Marketing Assistant;2;151;76;76
132;Lisboa;533;Marketing Intern;2;41;21;21
132;Lisboa;537;Public Relations and Communication Manager;2;60;30;30
132;Lisboa;577;Concierge;2;62;31;31
132;Lisboa;401;Tourist Management Consultant;2;46;23;23
132;Lisboa;668;Waiter Assistant;2;35;18;18
132;Lisboa;715;Spa Therapist;2;33;17;17
132;Lisboa;735;Filmmaker;2;111;56;56
133;Leiria;570;Assistant Head of Reception;2;48;24;24
133;Leiria;584;Hotel Receptionist;2;109;55;55
133;Leiria;591;Receptionist;2;131;66;66
133;Leiria;652;Head Waiter;2;116;58;58
135;Setúbal;731;Pool Attendant;2;25;13;13
135;Setúbal;220;Commis Chef;2;14;7;7
135;Setúbal;589;Night Receptionist;2;43;22;22
135;Setúbal;570;Assistant Head of Reception;2;28;14;14
135;Setúbal;552;Chambermaid;2;155;78;78
143;Aveiro;715;Spa Therapist;2;43;22;22
144;Viseu;221;Cook;2;44;22;22
143;Aveiro;591;Receptionist;2;109;55;55
137;Faro;631;Assistant Restaurant Manager;2;27;14;14
137;Faro;587;Night Auditor;2;37;19;19
137;Faro;637;Barista;2;3;2;2
137;Faro;650;Food and Beverage Manager;2;32;16;16
138;Évora;221;Cook;2;28;14;14
138;Évora;243;Kitchen Assistant;2;65;33;33
139;Portalegre;494;Maintenance Technician;2;18;9;9
137;Faro;26;Administrative Assistant;2;121;61;61
136;Beja;80;Hotel Manager;2;16;8;8
135;Setúbal;630;Assistant Head Waiter;2;24;12;12
137;Faro;32;Amusement Park Staff;2;29;15;15
137;Faro;113;Travel Agent;2;104;52;52
137;Faro;182;Service Manager;2;25;13;13
137;Faro;220;Commis Chef;2;36;18;18
137;Faro;486;Facilities Technician;2;20;10;10
137;Faro;273;Key Account Manager;2;26;13;13
137;Faro;302;Sales Manager;2;4;2;2
137;Faro;550;Assistant Hotel Manager;2;20;10;10
121;Quintana Roo;80;Hotel Manager;2;9;5;5
131;Ciudad de México;591;Receptionist;2;125;63;63
132;Lisboa;28;Administrative Intern;2;50;25;25
132;Lisboa;75;Head of Administration;2;84;42;42
132;Lisboa;89;Valet Parking;2;44;22;22
132;Lisboa;2;Accounting Assistant;2;28;14;14
126;Tamaulipas;113;Travel Agent;2;33;17;17
131;Ciudad de México;48;Operations Manager;2;35;18;18
131;Ciudad de México;192;Call Center Agent;2;12;6;6
131;Ciudad de México;378;Hotel Management Consultant;2;47;24;24
131;Ciudad de México;432;Events Sales Executive;2;32;16;16
131;Ciudad de México;436;Groups & Events Coordinator;2;41;21;21
132;Lisboa;376;Hospitality Consultant;2;39;20;20
132;Lisboa;436;Groups & Events Coordinator;2;53;27;27
132;Lisboa;437;Groups & Events Manager;2;55;28;28
132;Lisboa;301;Sales Intern;2;48;24;24
132;Lisboa;274;Marketing and Sales Director;2;0;0;0
132;Lisboa;345;Supply Department Assistant;2;39;20;20
132;Lisboa;257;Chef de Partie;2;171;86;86
132;Lisboa;266;Commercial and Marketing Manager;2;40;20;20
132;Lisboa;315;Store Manager;2;218;109;109
132;Lisboa;316;Store Sales Assistant;2;120;60;60
132;Lisboa;323;Buyer;2;38;19;19
132;Lisboa;192;Call Center Agent;2;48;24;24
132;Lisboa;198;Call Center Technician;2;8;4;4
132;Lisboa;181;GEX - Guest Experience Coordinator;2;32;16;16
132;Lisboa;235;Grill Chef;2;128;64;64
132;Lisboa;242;Sushiman;2;82;41;41
132;Lisboa;247;Pastry Assistant;2;64;32;32
132;Lisboa;248;Pastry Chef;2;83;42;42
132;Lisboa;250;Pastry Shop Manager;2;56;28;28
132;Lisboa;165;Customer Service Advisor;2;51;26;26
132;Lisboa;167;Customer Service Assistant;2;23;12;12
132;Lisboa;105;Business Travel Agent;2;89;45;45
132;Lisboa;7;Accounting Manager;2;48;24;24
132;Lisboa;120;Reservations Manager;2;49;25;25
52;Melilla;226;Dishwasher;2;49;25;25
52;Melilla;669;Waiter;2;47;24;24
101;Baja California;113;Travel Agent;2;22;11;11
105;Chihuahua;209;Baker Chef;2;2;1;1
105;Chihuahua;243;Kitchen Assistant;2;9;5;5
105;Chihuahua;492;Maintenance Assistant;2;2;1;1
105;Chihuahua;725;Security Guard;2;5;3;3
105;Chihuahua;113;Travel Agent;2;20;10;10
105;Chihuahua;640;Cashier;2;4;2;2
111;Hidalgo;113;Travel Agent;2;41;21;21
50;Zaragoza;494;Maintenance Technician;2;15;8;8
50;Zaragoza;584;Hotel Receptionist;2;194;97;97
50;Zaragoza;610;Human Resources Consultant;2;13;7;7
50;Zaragoza;552;Chambermaid;2;1;1;1
50;Zaragoza;561;Housekeeping Staff;2;0;0;0
121;Quintana Roo;59;Business Development Director;2;8;4;4
120;Querétaro;113;Travel Agent;2;33;17;17
120;Querétaro;613;Human Resources Manager;2;8;4;4
113;Estado de México;293;Sales Agent;2;29;15;15
50;Zaragoza;218;Chef;2;43;22;22
113;Estado de México;2;Accounting Assistant;2;36;18;18
113;Estado de México;314;Salesperson Call Center;2;4;2;2
129;Yucatán;113;Travel Agent;2;18;9;9
121;Quintana Roo;661;Restaurant Manager;2;15;8;8
121;Quintana Roo;323;Buyer;2;8;4;4
121;Quintana Roo;166;Customer Service Agent;2;9;5;5
121;Quintana Roo;611;Human Resources Coordinator;2;8;4;4
474;Porto District;316;Store Sales Assistant;2;22;11;11
529;Distrito da Guarda;669;Waiter;2;59;30;30
458;Avenidas Novas;557;Executive Housekeeper;2;114;57;57
420;Santo António;726;Watchman;2;41;21;21
420;Santo António;489;Maintenance Manager;2;12;6;6
420;Santo António;552;Chambermaid;2;39;20;20
420;Santo António;665;Sommelier;2;10;5;5
460;Luz;561;Housekeeping Staff;2;5;3;3
460;Luz;591;Receptionist;2;42;21;21
474;Porto District;669;Waiter;2;58;29;29
147;Porto;589;Night Receptionist;2;110;55;55
147;Porto;590;Reception Assistant;2;190;95;95
147;Porto;615;Human Resources Technician;2;59;30;30
147;Porto;593;Human Resources Intern;2;32;16;16
147;Porto;596;Recruitment Technician;2;60;30;30
147;Porto;267;Commercial Manager;2;16;8;8
147;Porto;302;Sales Manager;2;126;63;63
147;Porto;273;Key Account Manager;2;48;24;24
147;Porto;251;Pizzaiolo;2;12;6;6
147;Porto;228;Executive Chef;2;56;28;28
147;Porto;100;Warehouse Manager;2;32;16;16
146;Vila Real;665;Sommelier;2;0;0;0
147;Porto;85;Logistics Director;2;24;12;12
147;Porto;95;Supplies Manager;2;25;13;13
146;Vila Real;647;Food and Beverage Assistant;2;188;94;94
147;Porto;1;Accountant;2;22;11;11
146;Vila Real;584;Hotel Receptionist;2;131;66;66
146;Vila Real;494;Maintenance Technician;2;79;40;40
146;Vila Real;552;Chambermaid;2;41;21;21
146;Vila Real;632;Bakery Attendant;2;0;0;0
146;Vila Real;96;Supply Chain Manager;2;165;83;83
147;Porto;777;Flight Attendant;2;72;36;36
147;Porto;778;Car Driver;2;33;17;17
147;Porto;755;IT Manager;2;14;7;7
147;Porto;761;Technical Services Assistant;2;38;19;19
147;Porto;699;Nutritionist;2;8;4;4
147;Porto;713;Spa Manager;2;64;32;32
150;Açores;247;Pastry Assistant;2;29;15;15
149;Viana do Castelo;552;Chambermaid;2;43;22;22
150;Açores;109;Travel Project Manager;2;24;12;12
150;Açores;113;Travel Agent;2;26;13;13
150;Açores;557;Executive Housekeeper;2;62;31;31
150;Açores;561;Housekeeping Staff;2;53;27;27
148;Braga;632;Bakery Attendant;2;54;27;27
150;Açores;580;Front Office Manager;2;48;24;24
150;Açores;591;Receptionist;2;26;13;13
150;Açores;628;Assistant Bar Manager;2;11;6;6
322;Canillo;501;Technical Services Officer;2;49;25;25
322;Canillo;518;Public Relations Director;2;32;16;16
322;Canillo;541;Public Relations Specialist;2;78;39;39
322;Canillo;557;Executive Housekeeper;2;41;21;21
322;Canillo;316;Store Sales Assistant;2;120;60;60
322;Canillo;396;Sommelier Consultant;2;4;2;2
322;Canillo;459;Adventure Tour Guide;2;30;15;15
322;Canillo;218;Chef;2;61;31;31
317;Cataluña;661;Restaurant Manager;2;58;29;29
182;Madeira;590;Reception Assistant;2;24;12;12
322;Canillo;26;Administrative Assistant;2;19;10;10
182;Madeira;481;Electrical Maintenance Crew Chief;2;35;18;18
182;Madeira;725;Security Guard;2;21;11;11
182;Madeira;647;Food and Beverage Assistant;2;32;16;16
182;Madeira;650;Food and Beverage Manager;2;37;19;19
182;Madeira;653;Host/Hostess;2;59;30;30
182;Madeira;80;Hotel Manager;2;27;14;14
182;Madeira;140;Entertainment Coordinator;2;44;22;22
182;Madeira;248;Pastry Chef;2;24;12;12
333;Islas Canarias;254;Sous Chef;2;20;10;10
333;Islas Canarias;257;Chef de Partie;2;38;19;19
333;Islas Canarias;267;Commercial Manager;2;24;12;12
333;Islas Canarias;275;Marketing and Sales Manager;2;30;15;15
333;Islas Canarias;226;Dishwasher;2;24;12;12
333;Islas Canarias;165;Customer Service Advisor;2;50;25;25
333;Islas Canarias;177;GEX - Guest Experience Assistant;2;18;9;9
333;Islas Canarias;335;Purchasing Coordinator;2;26;13;13
333;Islas Canarias;293;Sales Agent;2;30;15;15
333;Islas Canarias;489;Maintenance Manager;2;22;11;11
322;Canillo;692;Lifesaver;2;73;37;37
322;Canillo;631;Assistant Restaurant Manager;2;7;4;4
322;Canillo;778;Car Driver;2;47;24;24
333;Islas Canarias;1;Accountant;2;23;12;12
333;Islas Canarias;40;Budgeting Specialist;2;6;3;3
333;Islas Canarias;48;Operations Manager;2;28;14;14
333;Islas Canarias;120;Reservations Manager;2;21;11;11
333;Islas Canarias;124;Actor;2;116;58;58
333;Islas Canarias;652;Head Waiter;2;45;23;23
333;Islas Canarias;587;Night Auditor;2;51;26;26
333;Islas Canarias;631;Assistant Restaurant Manager;2;27;14;14
338;Santarém District;221;Cook;2;18;9;9
353;Escaldes-Engordany;591;Receptionist;2;81;41;41
387;Serzedo;100;Warehouse Manager;2;37;19;19
387;Serzedo;164;Fitness Supervisor;2;0;0;0
387;Serzedo;476;Wine Tourism Guide;2;59;30;30
387;Serzedo;486;Facilities Technician;2;12;6;6
387;Serzedo;518;Public Relations Director;2;39;20;20
387;Serzedo;557;Executive Housekeeper;2;36;18;18
387;Serzedo;551;Assistant Executive Housekeeper;2;0;0;0
387;Serzedo;714;Spa Receptionist;2;0;0;0
387;Serzedo;715;Spa Therapist;2;35;18;18
390;Comporta;634;Bar Manager;2;22;11;11
390;Comporta;647;Food and Beverage Assistant;2;29;15;15
390;Comporta;650;Food and Beverage Manager;2;41;21;21
390;Comporta;630;Assistant Head Waiter;2;33;17;17
390;Comporta;597;Intern in Reception;2;41;21;21
387;Serzedo;653;Host/Hostess;2;0;0;0
390;Comporta;228;Executive Chef;2;34;17;17
390;Comporta;572;Bellboy;2;42;21;21
390;Comporta;584;Hotel Receptionist;2;16;8;8
390;Comporta;590;Reception Assistant;2;45;23;23
417;Cascais;587;Night Auditor;2;26;13;13
417;Cascais;489;Maintenance Manager;2;23;12;12
417;Cascais;218;Chef;2;25;13;13
417;Cascais;494;Maintenance Technician;2;17;9;9
417;Cascais;552;Chambermaid;2;49;25;25
419;Mallorca;712;Spa Coordinator;2;65;33;33
419;Mallorca;593;Human Resources Intern;2;16;8;8
419;Mallorca;610;Human Resources Consultant;2;26;13;13
419;Mallorca;577;Concierge;2;149;75;75
419;Mallorca;580;Front Office Manager;2;69;35;35
419;Mallorca;494;Maintenance Technician;2;63;32;32
419;Mallorca;315;Store Manager;2;41;21;21
419;Mallorca;300;Sales Host;2;77;39;39
419;Mallorca;489;Maintenance Manager;2;42;21;21
8;Barcelona;210;Assistant Baker;2;40;20;20
8;Barcelona;228;Executive Chef;2;45;23;23
8;Barcelona;242;Sushiman;2;42;21;21
8;Barcelona;283;Regional Sales Executive;2;32;16;16
8;Barcelona;272;Inside Sales Representative;2;50;25;25
8;Barcelona;251;Pizzaiolo;2;97;49;49
8;Barcelona;201;Head of Quality;2;26;13;13
8;Barcelona;204;Quality Director;2;115;58;58
8;Barcelona;159;Tourist Animator;2;157;79;79
8;Barcelona;168;Customer Service Coordinator;2;91;46;46
8;Barcelona;171;Customer Service Specialist;2;45;23;23
8;Barcelona;112;Travel Agency Manager;2;31;16;16
8;Barcelona;122;Activities Assistant;2;16;8;8
8;Barcelona;490;Air Conditioning Maintenance Technician;2;12;6;6
8;Barcelona;471;Tour Guide;2;44;22;22
8;Barcelona;484;Facilities Manager;2;34;17;17
8;Barcelona;504;Painter;2;67;34;34
8;Barcelona;505;Car Washer;2;85;43;43
8;Barcelona;501;Technical Services Officer;2;21;11;11
8;Barcelona;512;Content Creator;2;33;17;17
8;Barcelona;518;Public Relations Director;2;27;14;14
8;Barcelona;354;Culinary Arts Instructor;2;27;14;14
8;Barcelona;355;Diving Instructor;2;28;14;14
8;Barcelona;411;Assistant Events Coordinator;2;105;53;53
8;Barcelona;376;Hospitality Consultant;2;24;12;12
8;Barcelona;390;Revenue Management Consultant;2;28;14;14
8;Barcelona;416;Events Hostess;2;90;45;45
8;Barcelona;434;Events Staff;2;71;36;36
8;Barcelona;618;Occupational Risk Prevention Technician;2;11;6;6
8;Barcelona;602;Compensation and Benefits Specialist;2;14;7;7
8;Barcelona;606;Head of Human Resources;2;32;16;16
8;Barcelona;594;Recruitment Director;2;16;8;8
8;Barcelona;595;Recruitment Manager;2;10;5;5
8;Barcelona;564;Laundry Attendant;2;141;71;71
8;Barcelona;549;Web Designer;2;35;18;18
8;Barcelona;531;Marketing Consultant;2;44;22;22
8;Barcelona;713;Spa Manager;2;38;19;19
8;Barcelona;736;Chief Technology Officer (CTO);2;27;14;14
8;Barcelona;813;Van Driver;2;45;23;23
10;Cáceres;243;Kitchen Assistant;2;63;32;32
10;Cáceres;1;Accountant;2;0;0;0
9;Burgos;432;Events Sales Executive;2;14;7;7
9;Burgos;552;Chambermaid;2;50;25;25
9;Burgos;561;Housekeeping Staff;2;59;30;30
10;Cáceres;557;Executive Housekeeper;2;8;4;4
9;Burgos;668;Waiter Assistant;2;13;7;7
10;Cáceres;584;Hotel Receptionist;2;62;31;31
11;Cádiz;570;Assistant Head of Reception;2;88;44;44
11;Cádiz;589;Night Receptionist;2;24;12;12
11;Cádiz;345;Supply Department Assistant;2;36;18;18
11;Cádiz;346;Supply Department Manager;2;36;18;18
11;Cádiz;550;Assistant Hotel Manager;2;268;134;134
10;Cáceres;590;Reception Assistant;2;80;40;40
11;Cádiz;10;Accounts Manager;2;0;0;0
11;Cádiz;26;Administrative Assistant;2;27;14;14
11;Cádiz;2;Accounting Assistant;2;17;9;9
11;Cádiz;159;Tourist Animator;2;0;0;0
12;Castellón;653;Host/Hostess;2;81;41;41
13;Ciudad Real;168;Customer Service Coordinator;2;0;0;0
12;Castellón;438;Groups & Events Sales Manager;2;35;18;18
11;Cádiz;761;Technical Services Assistant;2;14;7;7
12;Castellón;218;Chef;2;38;19;19
12;Castellón;243;Kitchen Assistant;2;121;61;61
13;Ciudad Real;43;Casino Staff;2;11;6;6
14;Córdoba;218;Chef;2;59;30;30
14;Córdoba;561;Housekeeping Staff;2;228;114;114
14;Córdoba;589;Night Receptionist;2;66;33;33
17;Girona;496;Plumber;2;16;8;8
17;Girona;277;MICE Sales Manager;2;31;16;16
17;Girona;503;Warehouse Stock Handler;2;54;27;27
17;Girona;577;Concierge;2;49;25;25
17;Girona;572;Bellboy;2;39;20;20
17;Girona;600;Revenue Agent;2;39;20;20
17;Girona;315;Store Manager;2;26;13;13
17;Girona;248;Pastry Chef;2;57;29;29
17;Girona;245;Mediterranean Food Cook;2;82;41;41
17;Girona;181;GEX - Guest Experience Coordinator;2;22;11;11
17;Girona;228;Executive Chef;2;50;25;25
17;Girona;235;Grill Chef;2;51;26;26
17;Girona;80;Hotel Manager;2;53;27;27
17;Girona;7;Accounting Manager;2;7;4;4
17;Girona;150;Multifunctional Animator;2;103;52;52
15;A Coruña;119;Reservation Agent;2;82;41;41
15;A Coruña;489;Maintenance Manager;2;16;8;8
15;A Coruña;275;Marketing and Sales Manager;2;27;14;14
15;A Coruña;283;Regional Sales Executive;2;25;13;13
15;A Coruña;85;Logistics Director;2;19;10;10
14;Córdoba;664;Restaurant Section Head;2;10;5;5
15;A Coruña;7;Accounting Manager;2;0;0;0
16;Cuenca;584;Hotel Receptionist;2;22;11;11
15;A Coruña;557;Executive Housekeeper;2;85;43;43
15;A Coruña;590;Reception Assistant;2;67;34;34
15;A Coruña;591;Receptionist;2;78;39;39
15;A Coruña;600;Revenue Agent;2;3;2;2
17;Girona;93;Regional Director;2;30;15;15
17;Girona;94;Regional Manager;2;37;19;19
17;Girona;119;Reservation Agent;2;49;25;25
17;Girona;125;Animation Assistant;2;167;84;84
17;Girona;127;Animation Manager;2;106;53;53
17;Girona;23;Administrative;2;28;14;14
7;Islas Baleares;483;Electrician;2;48;24;24
7;Islas Baleares;496;Plumber;2;17;9;9
7;Islas Baleares;512;Content Creator;2;34;17;17
7;Islas Baleares;538;Public Relations Assistant;2;116;58;58
7;Islas Baleares;531;Marketing Consultant;2;35;18;18
7;Islas Baleares;437;Groups & Events Manager;2;58;29;29
7;Islas Baleares;376;Hospitality Consultant;2;75;38;38
7;Islas Baleares;415;Conference & Events Trainee;2;38;19;19
7;Islas Baleares;446;MICE Manager;2;20;10;10
7;Islas Baleares;481;Electrical Maintenance Crew Chief;2;35;18;18
7;Islas Baleares;330;Logistics and Distribution Coordinator;2;60;30;30
7;Islas Baleares;332;Purchasing Agent;2;71;36;36
7;Islas Baleares;396;Sommelier Consultant;2;52;26;26
7;Islas Baleares;399;Sustainable Tourism Consultant;2;19;10;10
7;Islas Baleares;300;Sales Host;2;45;23;23
7;Islas Baleares;313;Sales Assistant;2;86;43;43
7;Islas Baleares;315;Store Manager;2;17;9;9
7;Islas Baleares;266;Commercial and Marketing Manager;2;79;40;40
7;Islas Baleares;270;Group Sales Manager;2;96;48;48
7;Islas Baleares;201;Head of Quality;2;13;7;7
7;Islas Baleares;203;Quality Department Internship;2;7;4;4
7;Islas Baleares;207;Quality Technician;2;18;9;9
7;Islas Baleares;198;Call Center Technician;2;40;20;20
7;Islas Baleares;169;Customer Service Director;2;36;18;18
7;Islas Baleares;148;MiniClub Animator;2;32;16;16
7;Islas Baleares;545;Social Media Specialist;2;5;3;3
7;Islas Baleares;563;Ironing Staff;2;43;22;22
7;Islas Baleares;594;Recruitment Director;2;118;59;59
7;Islas Baleares;614;Human Resources Specialist;2;12;6;6
7;Islas Baleares;605;Employee Relations Specialist;2;42;21;21
7;Islas Baleares;680;Body Treatment Specialist;2;119;60;60
7;Islas Baleares;658;Oenologist;2;28;14;14
7;Islas Baleares;757;Information Technology Manager;2;34;17;17
7;Islas Baleares;718;Wellness Advisor;2;40;20;20
7;Islas Baleares;722;Bodyguard;2;6;3;3
7;Islas Baleares;741;Head of Information Technology;2;7;4;4
7;Islas Baleares;745;Software Developer;2;9;5;5
8;Barcelona;43;Casino Staff;2;30;15;15
8;Barcelona;29;Administrative Manager;2;4;2;2
8;Barcelona;61;Finance Manager;2;54;27;27
8;Barcelona;74;Head of Accounting;2;25;13;13
8;Barcelona;75;Head of Administration;2;41;21;21
3;Alicante;678;Beautician;2;10;5;5
3;Alicante;679;Beauty Consultant;2;80;40;40
3;Alicante;713;Spa Manager;2;60;30;30
3;Alicante;718;Wellness Advisor;2;30;15;15
4;Almería;6;Accounting Intern;2;0;0;0
4;Almería;79;Hotel Director;2;343;172;172
4;Almería;113;Travel Agent;2;56;28;28
4;Almería;293;Sales Agent;2;29;15;15
4;Almería;254;Sous Chef;2;49;25;25
4;Almería;218;Chef;2;88;44;44
4;Almería;177;GEX - Guest Experience Assistant;2;82;41;41
3;Alicante;715;Spa Therapist;2;12;6;6
4;Almería;159;Tourist Animator;2;307;154;154
4;Almería;570;Assistant Head of Reception;2;85;43;43
4;Almería;589;Night Receptionist;2;90;45;45
4;Almería;668;Waiter Assistant;2;219;110;110
6;Badajoz;166;Customer Service Agent;2;0;0;0
4;Almería;753;Head of Technical Services;2;37;19;19
6;Badajoz;591;Receptionist;2;91;46;46
7;Islas Baleares;29;Administrative Manager;2;48;24;24
7;Islas Baleares;22;Accounts Receivable Technician;2;28;14;14
7;Islas Baleares;67;Financial Assistant;2;4;2;2
7;Islas Baleares;75;Head of Administration;2;30;15;15
7;Islas Baleares;93;Regional Director;2;29;15;15
7;Islas Baleares;100;Warehouse Manager;2;70;35;35
7;Islas Baleares;104;Data Analytics Specialist;2;14;7;7
7;Islas Baleares;105;Business Travel Agent;2;20;10;10
7;Islas Baleares;112;Travel Agency Manager;2;30;15;15
7;Islas Baleares;61;Finance Manager;2;63;32;32
7;Islas Baleares;33;Billing Assistant;2;112;56;56
7;Islas Baleares;36;Billing Technician;2;32;16;16
7;Islas Baleares;31;Amusement Park Manager;2;27;14;14
7;Islas Baleares;43;Casino Staff;2;37;19;19
1;Álava;494;Maintenance Technician;2;17;9;9
2;Albacete;591;Receptionist;2;219;110;110
3;Alicante;10;Accounts Manager;2;0;0;0
3;Alicante;28;Administrative Intern;2;9;5;5
3;Alicante;32;Amusement Park Staff;2;62;31;31
3;Alicante;117;Travel guide;2;34;17;17
3;Alicante;43;Casino Staff;2;54;27;27
3;Alicante;80;Hotel Manager;2;116;58;58
3;Alicante;166;Customer Service Agent;2;19;10;10
3;Alicante;157;Singer;2;25;13;13
3;Alicante;61;Finance Manager;2;0;0;0
3;Alicante;169;Customer Service Director;2;49;25;25
3;Alicante;171;Customer Service Specialist;2;18;9;9
3;Alicante;192;Call Center Agent;2;46;23;23
3;Alicante;201;Head of Quality;2;69;35;35
3;Alicante;262;Area Sales Manager;2;7;4;4
3;Alicante;266;Commercial and Marketing Manager;2;58;29;29
3;Alicante;495;Mason;2;21;11;11
3;Alicante;498;Swimming Pool Maintenance;2;13;7;7
3;Alicante;482;Electrical Maintenance Technician;2;30;15;15
3;Alicante;415;Conference & Events Trainee;2;37;19;19
3;Alicante;530;Marketing Assistant;2;49;25;25
3;Alicante;597;Intern in Reception;2;36;18;18
3;Alicante;632;Bakery Attendant;2;18;9;9
3;Alicante;634;Bar Manager;2;35;18;18
29;Málaga;609;Human Resources Business Partner;2;31;16;16
29;Málaga;597;Intern in Reception;2;18;9;9
29;Málaga;564;Laundry Attendant;2;29;15;15
29;Málaga;533;Marketing Intern;2;35;18;18
29;Málaga;702;Physiotherapist;2;16;8;8
29;Málaga;711;Spa Assistant;2;78;39;39
29;Málaga;731;Pool Attendant;2;33;17;17
29;Málaga;628;Assistant Bar Manager;2;54;27;27
29;Málaga;637;Barista;2;65;33;33
29;Málaga;647;Food and Beverage Assistant;2;62;31;31
30;Murcia;796;Rider;2;43;22;22
30;Murcia;207;Quality Technician;2;12;6;6
30;Murcia;687;First aid attendant;2;39;20;20
30;Murcia;557;Executive Housekeeper;2;41;21;21
30;Murcia;634;Bar Manager;2;58;29;29
30;Murcia;652;Head Waiter;2;30;15;15
30;Murcia;657;Bartender;2;20;10;10
30;Murcia;257;Chef de Partie;2;31;16;16
30;Murcia;492;Maintenance Assistant;2;59;30;30
30;Murcia;127;Animation Manager;2;46;23;23
30;Murcia;166;Customer Service Agent;2;13;7;7
29;Málaga;756;IT Manager Project;2;5;3;3
29;Málaga;757;Information Technology Manager;2;12;6;6
30;Murcia;23;Administrative;2;37;19;19
30;Murcia;29;Administrative Manager;2;25;13;13
29;Málaga;10;Accounts Manager;2;31;16;16
28;Madrid;777;Flight Attendant;2;276;138;138
28;Madrid;733;IT Helpdesk Analyst;2;12;6;6
28;Madrid;755;IT Manager;2;37;19;19
28;Madrid;760;Product Development Manager;2;32;16;16
28;Madrid;696;Massage Therapist;2;73;37;37
29;Málaga;168;Customer Service Coordinator;2;73;37;37
29;Málaga;113;Travel Agent;2;163;82;82
29;Málaga;150;Multifunctional Animator;2;174;87;87
29;Málaga;125;Animation Assistant;2;220;110;110
29;Málaga;120;Reservations Manager;2;93;47;47
29;Málaga;47;Chief Operations Officer (COO);2;220;110;110
29;Málaga;49;Revenue Manager;2;27;14;14
29;Málaga;332;Purchasing Agent;2;7;4;4
29;Málaga;334;Purchasing Assistant;2;43;22;22
29;Málaga;346;Supply Department Manager;2;59;30;30
29;Málaga;487;Gardener;2;71;36;36
29;Málaga;479;Window Cleaner;2;43;22;22
29;Málaga;484;Facilities Manager;2;12;6;6
29;Málaga;274;Marketing and Sales Director;2;39;20;20
29;Málaga;275;Marketing and Sales Manager;2;49;25;25
29;Málaga;224;Dietary Chef;2;50;25;25
29;Málaga;198;Call Center Technician;2;5;3;3
29;Málaga;210;Assistant Baker;2;28;14;14
29;Málaga;211;Bakery Manager;2;123;62;62
35;Las Palmas;560;Cleaning Manager;2;47;24;24
35;Las Palmas;541;Public Relations Specialist;2;20;10;10
35;Las Palmas;528;Graphic Designer;2;13;7;7
35;Las Palmas;534;Marketing Manager;2;45;23;23
35;Las Palmas;291;Sales & MICE Assistant;2;17;9;9
35;Las Palmas;634;Bar Manager;2;20;10;10
35;Las Palmas;631;Assistant Restaurant Manager;2;34;17;17
35;Las Palmas;637;Barista;2;88;44;44
35;Las Palmas;650;Food and Beverage Manager;2;17;9;9
35;Las Palmas;657;Bartender;2;107;54;54
35;Las Palmas;687;First aid attendant;2;17;9;9
35;Las Palmas;690;Holistic Therapist;2;28;14;14
35;Las Palmas;692;Lifesaver;2;31;16;16
35;Las Palmas;593;Human Resources Intern;2;6;3;3
35;Las Palmas;608;Human Resources Assistant;2;30;15;15
36;Pontevedra;271;Hotel Sales Manager;2;13;7;7
36;Pontevedra;346;Supply Department Manager;2;24;12;12
36;Pontevedra;376;Hospitality Consultant;2;20;10;10
35;Las Palmas;711;Spa Assistant;2;73;37;37
35;Las Palmas;715;Spa Therapist;2;45;23;23
35;Las Palmas;726;Watchman;2;8;4;4
35;Las Palmas;809;Skipper;2;12;6;6
36;Pontevedra;10;Accounts Manager;2;2;1;1
37;Salamanca;257;Chef de Partie;2;43;22;22
37;Salamanca;438;Groups & Events Sales Manager;2;18;9;9
37;Salamanca;471;Tour Guide;2;21;11;11
36;Pontevedra;615;Human Resources Technician;2;33;17;17
36;Pontevedra;652;Head Waiter;2;17;9;9
35;Las Palmas;75;Head of Administration;2;43;22;22
35;Las Palmas;127;Animation Manager;2;130;65;65
35;Las Palmas;211;Bakery Manager;2;29;15;15
35;Las Palmas;169;Customer Service Director;2;63;32;32
35;Las Palmas;192;Call Center Agent;2;39;20;20
35;Las Palmas;201;Head of Quality;2;57;29;29
35;Las Palmas;202;Quality Assistant;2;10;5;5
35;Las Palmas;471;Tour Guide;2;27;14;14
35;Las Palmas;361;Food Production Consultant;2;10;5;5
35;Las Palmas;376;Hospitality Consultant;2;25;13;13
35;Las Palmas;247;Pastry Assistant;2;56;28;28
35;Las Palmas;241;Italian Food Cook;2;25;13;13
31;Navarra;593;Human Resources Intern;2;11;6;6
32;Ourense;170;Customer Service Manager;2;0;0;0
31;Navarra;6;Accounting Intern;2;0;0;0
33;Asturias;494;Maintenance Technician;2;40;20;20
32;Ourense;80;Hotel Manager;2;55;28;28
32;Ourense;584;Hotel Receptionist;2;96;48;48
33;Asturias;584;Hotel Receptionist;2;182;91;91
33;Asturias;552;Chambermaid;2;88;44;44
35;Las Palmas;117;Travel guide;2;36;18;18
35;Las Palmas;120;Reservations Manager;2;40;20;20
35;Las Palmas;123;Activities Supervisor;2;59;30;30
28;Madrid;346;Supply Department Manager;2;58;29;29
28;Madrid;434;Events Staff;2;79;40;40
28;Madrid;463;Driver Tour Guide;2;13;7;7
28;Madrid;512;Content Creator;2;20;10;10
28;Madrid;504;Painter;2;56;28;28
28;Madrid;275;Marketing and Sales Manager;2;82;41;41
28;Madrid;270;Group Sales Manager;2;33;17;17
28;Madrid;316;Store Sales Assistant;2;45;23;23
28;Madrid;306;Sales Operations Analyst;2;32;16;16
28;Madrid;283;Regional Sales Executive;2;39;20;20
28;Madrid;297;Sales Development Representatives (SDR);2;62;31;31
28;Madrid;377;Hospitality Trainer;2;21;11;11
28;Madrid;332;Purchasing Agent;2;20;10;10
28;Madrid;617;Learning and Talent Development Specialist;2;44;22;22
28;Madrid;613;Human Resources Manager;2;27;14;14
28;Madrid;608;Human Resources Assistant;2;142;71;71
28;Madrid;680;Body Treatment Specialist;2;73;37;37
28;Madrid;575;Camping Staff;2;36;18;18
28;Madrid;519;Public Relations and Communication Director;2;80;40;40
28;Madrid;528;Graphic Designer;2;82;41;41
28;Madrid;515;Digital Marketing Director;2;111;56;56
28;Madrid;106;Custom Travel Agent;2;78;39;39
28;Madrid;75;Head of Administration;2;60;30;30
28;Madrid;101;Business Intelligence Manager;2;9;5;5
28;Madrid;93;Regional Director;2;57;29;29
28;Madrid;122;Activities Assistant;2;61;31;31
28;Madrid;176;Customer Support Specialist;2;50;25;25
28;Madrid;159;Tourist Animator;2;20;10;10
28;Madrid;242;Sushiman;2;58;29;29
28;Madrid;214;Catering Assistant;2;2;1;1
28;Madrid;211;Bakery Manager;2;7;4;4
28;Madrid;244;Meat Cutter;2;56;28;28
28;Madrid;250;Pastry Shop Manager;2;22;11;11
28;Madrid;200;Customer Support Technician;2;33;17;17
28;Madrid;201;Head of Quality;2;27;14;14
28;Madrid;202;Quality Assistant;2;30;15;15
28;Madrid;203;Quality Department Internship;2;3;2;2
28;Madrid;85;Logistics Director;2;65;33;33
28;Madrid;65;Financial Analyst;2;29;15;15
28;Madrid;44;Casino Host;2;83;42;42
28;Madrid;41;Camping Manager;2;156;78;78
28;Madrid;18;Accounts Receivable Executive;2;21;11;11
28;Madrid;28;Administrative Intern;2;29;15;15
28;Madrid;29;Administrative Manager;2;58;29;29
27;Lugo;165;Customer Service Advisor;2;0;0;0
28;Madrid;8;Accounting Technician;2;35;18;18
28;Madrid;2;Accounting Assistant;2;24;12;12
28;Madrid;5;Accounting Director;2;64;32;32
27;Lugo;669;Waiter;2;8;4;4
27;Lugo;584;Hotel Receptionist;2;65;33;33
27;Lugo;119;Reservation Agent;2;30;15;15
27;Lugo;654;Ice Cream Shop Attendant;2;7;4;4
25;Lleida;218;Chef;2;25;13;13
24;León;668;Waiter Assistant;2;24;12;12
24;León;552;Chambermaid;2;31;16;16
24;León;218;Chef;2;36;18;18
24;León;221;Cook;2;21;11;11
22;Huesca;652;Head Waiter;2;25;13;13
24;León;119;Reservation Agent;2;47;24;24
23;Jaén;745;Software Developer;2;4;2;2
23;Jaén;221;Cook;2;15;8;8
25;Lleida;584;Hotel Receptionist;2;87;44;44
25;Lleida;652;Head Waiter;2;23;12;12
25;Lleida;293;Sales Agent;2;24;12;12
25;Lleida;494;Maintenance Technician;2;58;29;29
25;Lleida;668;Waiter Assistant;2;25;13;13
25;Lleida;697;Masseur;2;59;30;30
26;La Rioja;572;Bellboy;2;39;20;20
26;La Rioja;584;Hotel Receptionist;2;89;45;45
21;Huelva;113;Travel Agent;2;46;23;23
20;Guipúzcoa;761;Technical Services Assistant;2;5;3;3
20;Guipúzcoa;610;Human Resources Consultant;2;14;7;7
20;Guipúzcoa;668;Waiter Assistant;2;9;5;5
20;Guipúzcoa;692;Lifesaver;2;6;3;3
21;Huelva;686;Esthetician;2;14;7;7
21;Huelva;753;Head of Technical Services;2;34;17;17
21;Huelva;346;Supply Department Manager;2;50;25;25
21;Huelva;492;Maintenance Assistant;2;33;17;17
21;Huelva;551;Assistant Executive Housekeeper;2;42;21;21
18;Granada;286;Rental Sales Consultant;2;13;7;7
18;Granada;503;Warehouse Stock Handler;2;113;57;57
18;Granada;49;Revenue Manager;2;112;56;56
18;Granada;177;GEX - Guest Experience Assistant;2;73;37;37
18;Granada;180;GEX - Guest Experience Manager;2;86;43;43
17;Girona;714;Spa Receptionist;2;62;31;31
17;Girona;745;Software Developer;2;8;4;4
18;Granada;653;Host/Hostess;2;65;33;33
18;Granada;657;Bartender;2;29;15;15
19;Guadalajara;669;Waiter;2;235;118;118
20;Guipúzcoa;6;Accounting Intern;2;0;0;0
18;Granada;584;Hotel Receptionist;2;316;158;158
18;Granada;589;Night Receptionist;2;127;64;64
18;Granada;492;Maintenance Assistant;2;88;44;44
18;Granada;557;Executive Housekeeper;2;72;36;36
20;Guipúzcoa;589;Night Receptionist;2;34;17;17
20;Guipúzcoa;88;Office Manager;2;0;0;0
20;Guipúzcoa;119;Reservation Agent;2;16;8;8
20;Guipúzcoa;165;Customer Service Advisor;1;0;0;0
20;Guipúzcoa;170;Customer Service Manager;1;0;0;0
20;Guipúzcoa;177;GEX - Guest Experience Assistant;1;13;13;13
20;Guipúzcoa;182;Service Manager;1;0;0;0
20;Guipúzcoa;209;Baker Chef;1;3;3;3
20;Guipúzcoa;254;Sous Chef;1;8;8;8
20;Guipúzcoa;266;Commercial and Marketing Manager;1;5;5;5
20;Guipúzcoa;267;Commercial Manager;1;2;2;2
20;Guipúzcoa;226;Dishwasher;1;77;77;77
18;Granada;696;Massage Therapist;1;17;17;17
20;Guipúzcoa;637;Barista;1;77;77;77
20;Guipúzcoa;593;Human Resources Intern;1;13;13;13
20;Guipúzcoa;594;Recruitment Director;1;6;6;6
20;Guipúzcoa;608;Human Resources Assistant;1;12;12;12
20;Guipúzcoa;572;Bellboy;1;7;7;7
20;Guipúzcoa;471;Tour Guide;1;5;5;5
20;Guipúzcoa;492;Maintenance Assistant;1;30;30;30
20;Guipúzcoa;493;Maintenance Officer;1;10;10;10
18;Granada;577;Concierge;1;58;58;58
18;Granada;590;Reception Assistant;1;81;81;81
18;Granada;587;Night Auditor;1;20;20;20
18;Granada;631;Assistant Restaurant Manager;1;47;47;47
18;Granada;593;Human Resources Intern;1;12;12;12
18;Granada;596;Recruitment Technician;1;13;13;13
20;Guipúzcoa;10;Accounts Manager;1;0;0;0
20;Guipúzcoa;12;Accounts Payable Assistant;1;0;0;0
20;Guipúzcoa;18;Accounts Receivable Executive;1;0;0;0
20;Guipúzcoa;29;Administrative Manager;1;0;0;0
18;Granada;726;Watchman;1;4;4;4
19;Guadalajara;113;Travel Agent;1;45;45;45
19;Guadalajara;165;Customer Service Advisor;1;0;0;0
19;Guadalajara;218;Chef;1;13;13;13
19;Guadalajara;226;Dishwasher;1;24;24;24
19;Guadalajara;293;Sales Agent;1;26;26;26
19;Guadalajara;591;Receptionist;1;47;47;47
19;Guadalajara;630;Assistant Head Waiter;1;10;10;10
19;Guadalajara;661;Restaurant Manager;1;4;4;4
17;Girona;746;Web Developer;1;15;15;15
17;Girona;771;Bus Driver;1;12;12;12
17;Girona;814;Delivery;1;12;12;12
18;Granada;5;Accounting Director;1;0;0;0
18;Granada;10;Accounts Manager;1;13;13;13
18;Granada;18;Accounts Receivable Executive;1;0;0;0
17;Girona;715;Spa Therapist;1;26;26;26
17;Girona;731;Pool Attendant;1;28;28;28
18;Granada;80;Hotel Manager;1;108;108;108
18;Granada;100;Warehouse Manager;1;20;20;20
18;Granada;113;Travel Agent;1;78;78;78
18;Granada;120;Reservations Manager;1;23;23;23
18;Granada;141;Entertainment Manager;1;43;43;43
18;Granada;150;Multifunctional Animator;1;265;265;265
18;Granada;159;Tourist Animator;1;0;0;0
18;Granada;165;Customer Service Advisor;1;47;47;47
17;Girona;637;Barista;1;6;6;6
17;Girona;665;Sommelier;1;13;13;13
17;Girona;713;Spa Manager;1;35;35;35
17;Girona;678;Beautician;1;11;11;11
17;Girona;686;Esthetician;1;7;7;7
17;Girona;692;Lifesaver;1;31;31;31
18;Granada;181;GEX - Guest Experience Coordinator;1;53;53;53
18;Granada;182;Service Manager;1;0;0;0
18;Granada;213;Event Chef;1;63;63;63
18;Granada;74;Head of Accounting;1;0;0;0
18;Granada;48;Operations Manager;1;41;41;41
18;Granada;248;Pastry Chef;1;27;27;27
18;Granada;259;Thai Food Cook;1;3;3;3
18;Granada;271;Hotel Sales Manager;1;0;0;0
18;Granada;530;Marketing Assistant;1;2;2;2
18;Granada;490;Air Conditioning Maintenance Technician;1;9;9;9
18;Granada;497;Building Repairer;1;19;19;19
18;Granada;501;Technical Services Officer;1;0;0;0
18;Granada;502;Technical Services Specialist;1;4;4;4
18;Granada;293;Sales Agent;1;37;37;37
18;Granada;325;Food Logistics Coordinator;1;9;9;9
18;Granada;348;Warehouse Supervisor;1;40;40;40
18;Granada;471;Tour Guide;1;39;39;39
18;Granada;484;Facilities Manager;1;6;6;6
22;Huesca;589;Night Receptionist;1;13;13;13
22;Huesca;630;Assistant Head Waiter;1;7;7;7
22;Huesca;778;Car Driver;1;22;22;22
23;Jaén;70;Franchise Director;1;4;4;4
23;Jaén;165;Customer Service Advisor;1;0;0;0
23;Jaén;218;Chef;1;11;11;11
21;Huelva;498;Swimming Pool Maintenance;1;37;37;37
22;Huesca;226;Dishwasher;1;62;62;62
22;Huesca;564;Laundry Attendant;1;5;5;5
22;Huesca;482;Electrical Maintenance Technician;1;10;10;10
22;Huesca;503;Warehouse Stock Handler;1;31;31;31
21;Huelva;443;Maitre in Charge of Room and Events;1;5;5;5
21;Huelva;257;Chef de Partie;1;27;27;27
21;Huelva;224;Dietary Chef;1;35;35;35
22;Huesca;23;Administrative;1;8;8;8
22;Huesca;46;Chief Financial Officer (CFO);1;17;17;17
22;Huesca;75;Head of Administration;1;1;1;1
22;Huesca;113;Travel Agent;1;21;21;21
22;Huesca;218;Chef;1;12;12;12
21;Huelva;690;Holistic Therapist;1;11;11;11
20;Guipúzcoa;707;Sauna Assistant;1;11;11;11
20;Guipúzcoa;714;Spa Receptionist;1;51;51;51
20;Guipúzcoa;654;Ice Cream Shop Attendant;1;3;3;3
20;Guipúzcoa;657;Bartender;1;2;2;2
21;Huelva;7;Accounting Manager;1;0;0;0
21;Huelva;27;Administrative Director;1;19;19;19
21;Huelva;43;Casino Staff;1;10;10;10
21;Huelva;124;Actor;1;36;36;36
21;Huelva;130;Children's Animator;1;75;75;75
21;Huelva;174;Customer Support Director;1;13;13;13
21;Huelva;560;Cleaning Manager;1;13;13;13
21;Huelva;564;Laundry Attendant;1;70;70;70
21;Huelva;570;Assistant Head of Reception;1;35;35;35
21;Huelva;572;Bellboy;1;20;20;20
21;Huelva;580;Front Office Manager;1;43;43;43
21;Huelva;587;Night Auditor;1;25;25;25
21;Huelva;590;Reception Assistant;1;13;13;13
21;Huelva;591;Receptionist;1;18;18;18
21;Huelva;630;Assistant Head Waiter;1;44;44;44
21;Huelva;631;Assistant Restaurant Manager;1;10;10;10
21;Huelva;637;Barista;1;66;66;66
21;Huelva;647;Food and Beverage Assistant;1;125;125;125
21;Huelva;653;Host/Hostess;1;29;29;29
21;Huelva;661;Restaurant Manager;1;17;17;17
21;Huelva;664;Restaurant Section Head;1;10;10;10
26;La Rioja;560;Cleaning Manager;1;3;3;3
26;La Rioja;561;Housekeeping Staff;1;25;25;25
26;La Rioja;813;Van Driver;1;19;19;19
27;Lugo;2;Accounting Assistant;1;3;3;3
26;La Rioja;664;Restaurant Section Head;1;1;1;1
26;La Rioja;668;Waiter Assistant;1;5;5;5
25;Lleida;686;Esthetician;1;7;7;7
25;Lleida;696;Massage Therapist;1;28;28;28
25;Lleida;761;Technical Services Assistant;1;10;10;10
26;La Rioja;7;Accounting Manager;1;0;0;0
26;La Rioja;10;Accounts Manager;1;0;0;0
26;La Rioja;218;Chef;1;0;0;0
26;La Rioja;221;Cook;1;24;24;24
26;La Rioja;243;Kitchen Assistant;1;3;3;3
25;Lleida;550;Assistant Hotel Manager;1;21;21;21
25;Lleida;345;Supply Department Assistant;1;26;26;26
25;Lleida;425;Event Promoter;1;0;0;0
25;Lleida;493;Maintenance Officer;1;35;35;35
25;Lleida;661;Restaurant Manager;1;13;13;13
25;Lleida;640;Cashier;1;15;15;15
25;Lleida;572;Bellboy;1;123;123;123
23;Jaén;226;Dishwasher;1;20;20;20
23;Jaén;254;Sous Chef;1;7;7;7
23;Jaén;630;Assistant Head Waiter;1;5;5;5
23;Jaén;640;Cashier;1;1;1;1
23;Jaén;652;Head Waiter;1;15;15;15
23;Jaén;668;Waiter Assistant;1;19;19;19
24;León;6;Accounting Intern;1;0;0;0
24;León;89;Valet Parking;1;11;11;11
24;León;113;Travel Agent;1;28;28;28
24;León;170;Customer Service Manager;1;0;0;0
22;Huesca;653;Host/Hostess;1;2;2;2
24;León;471;Tour Guide;1;15;15;15
24;León;628;Assistant Bar Manager;1;3;3;3
25;Lleida;79;Hotel Director;1;0;0;0
25;Lleida;88;Office Manager;1;10;10;10
25;Lleida;89;Valet Parking;1;87;87;87
25;Lleida;99;Theme Park Staff;1;19;19;19
25;Lleida;232;Garde Manger Chef;1;56;56;56
25;Lleida;251;Pizzaiolo;1;0;0;0
25;Lleida;254;Sous Chef;1;11;11;11
27;Lugo;668;Waiter Assistant;1;12;12;12
27;Lugo;146;Magician;1;1;1;1
27;Lugo;596;Recruitment Technician;1;4;4;4
27;Lugo;615;Human Resources Technician;1;2;2;2
27;Lugo;647;Food and Beverage Assistant;1;1;1;1
27;Lugo;697;Masseur;1;0;0;0
27;Lugo;753;Head of Technical Services;1;8;8;8
28;Madrid;9;Accounts Director;1;21;21;21
27;Lugo;170;Customer Service Manager;1;0;0;0
27;Lugo;182;Service Manager;1;0;0;0
27;Lugo;192;Call Center Agent;1;18;18;18
27;Lugo;198;Call Center Technician;1;14;14;14
27;Lugo;30;Administrative Technician;1;0;0;0
27;Lugo;40;Budgeting Specialist;1;6;6;6
27;Lugo;54;Collector Specialist;1;3;3;3
27;Lugo;79;Hotel Director;1;0;0;0
27;Lugo;113;Travel Agent;1;1;1;1
27;Lugo;114;Travel Coordinator;1;13;13;13
27;Lugo;498;Swimming Pool Maintenance;1;2;2;2
27;Lugo;530;Marketing Assistant;1;32;32;32
27;Lugo;549;Web Designer;1;10;10;10
27;Lugo;228;Executive Chef;1;52;52;52
27;Lugo;302;Sales Manager;1;9;9;9
27;Lugo;332;Purchasing Agent;1;10;10;10
27;Lugo;338;Purchasing Manager;1;9;9;9
27;Lugo;461;City Tour Guide;1;11;11;11
28;Madrid;30;Administrative Technician;1;17;17;17
28;Madrid;27;Administrative Director;1;168;168;168
28;Madrid;20;Accounts Receivable Manager;1;30;30;30
28;Madrid;38;Budgeting Manager;1;8;8;8
28;Madrid;47;Chief Operations Officer (COO);1;42;42;42
28;Madrid;68;Financial Intern;1;7;7;7
28;Madrid;70;Franchise Director;1;12;12;12
28;Madrid;74;Head of Accounting;1;13;13;13
28;Madrid;88;Office Manager;1;0;0;0
28;Madrid;57;Controller Assistant;1;16;16;16
28;Madrid;61;Finance Manager;1;0;0;0
28;Madrid;52;Cinema Staff;1;189;189;189
28;Madrid;54;Collector Specialist;1;5;5;5
28;Madrid;205;Quality Manager;1;128;128;128
28;Madrid;206;Quality Specialist;1;31;31;31
28;Madrid;209;Baker Chef;1;31;31;31
28;Madrid;210;Assistant Baker;1;129;129;129
28;Madrid;198;Call Center Technician;1;16;16;16
28;Madrid;199;Customer Service Technician;1;2;2;2
28;Madrid;183;Service Specialist;1;136;136;136
28;Madrid;186;Customer Experience Manager;1;59;59;59
28;Madrid;189;Customer Success Director;1;2;2;2
28;Madrid;255;Spanish Food Cook;1;41;41;41
28;Madrid;163;Fitness Animator;1;0;0;0
28;Madrid;171;Customer Service Specialist;1;2;2;2
28;Madrid;172;Customer Support Assistant;1;109;109;109
28;Madrid;175;Customer Support Manager;1;33;33;33
28;Madrid;141;Entertainment Manager;1;16;16;16
28;Madrid;167;Customer Service Assistant;1;38;38;38
28;Madrid;168;Customer Service Coordinator;1;28;28;28
28;Madrid;169;Customer Service Director;1;22;22;22
28;Madrid;96;Supply Chain Manager;1;16;16;16
28;Madrid;92;Recreation Manager;1;24;24;24
28;Madrid;107;Luxury Travel Advisor;1;34;34;34
28;Madrid;103;Data Analytics Manager;1;0;0;0
28;Madrid;112;Travel Agency Manager;1;15;15;15
28;Madrid;516;Digital Marketing Manager;1;39;39;39
28;Madrid;531;Marketing Consultant;1;38;38;38
28;Madrid;529;Graphic Designer Intern;1;12;12;12
28;Madrid;544;Social Media Manager;1;27;27;27
28;Madrid;547;Vice President of Marketing;1;44;44;44
28;Madrid;538;Public Relations Assistant;1;2;2;2
28;Madrid;560;Cleaning Manager;1;45;45;45
28;Madrid;606;Head of Human Resources;1;18;18;18
28;Madrid;594;Recruitment Director;1;59;59;59
28;Madrid;595;Recruitment Manager;1;10;10;10
28;Madrid;692;Lifesaver;1;4;4;4
28;Madrid;708;Sauna Technician;1;22;22;22
28;Madrid;709;Seamstress;1;25;25;25
28;Madrid;654;Ice Cream Shop Attendant;1;11;11;11
28;Madrid;632;Bakery Attendant;1;24;24;24
28;Madrid;609;Human Resources Business Partner;1;28;28;28
28;Madrid;610;Human Resources Consultant;1;3;3;3
28;Madrid;612;Human Resources Director;1;13;13;13
28;Madrid;622;Recruitment Consultant;1;14;14;14
28;Madrid;625;Talent Acquisition Consultant;1;4;4;4
28;Madrid;627;Talent Acquisition Specialist;1;21;21;21
28;Madrid;341;Stock Control Technician;1;122;122;122
28;Madrid;345;Supply Department Assistant;1;9;9;9
28;Madrid;378;Hotel Management Consultant;1;2;2;2
28;Madrid;381;Italian Teacher;1;8;8;8
28;Madrid;396;Sommelier Consultant;1;14;14;14
28;Madrid;401;Tourist Management Consultant;1;78;78;78
28;Madrid;413;Catering Manager;1;1;1;1
28;Madrid;321;Travel Sales Manager;1;7;7;7
28;Madrid;266;Commercial and Marketing Manager;1;23;23;23
28;Madrid;274;Marketing and Sales Director;1;15;15;15
28;Madrid;272;Inside Sales Representative;1;50;50;50
28;Madrid;291;Sales & MICE Assistant;1;69;69;69
28;Madrid;278;National Sales Executive;1;143;143;143
28;Madrid;279;National Sales Manager;1;2;2;2
28;Madrid;282;Partners Specialist;1;18;18;18
28;Madrid;502;Technical Services Specialist;1;7;7;7
28;Madrid;507;Advertising Manager;1;20;20;20
28;Madrid;487;Gardener;1;20;20;20
28;Madrid;497;Building Repairer;1;19;19;19
28;Madrid;437;Groups & Events Manager;1;64;64;64
28;Madrid;432;Events Sales Executive;1;16;16;16
28;Madrid;350;Chef Consultant;1;25;25;25
28;Madrid;358;Food and Beverage Consultant;1;15;15;15
28;Madrid;452;Sport Center Manager;1;8;8;8
28;Madrid;483;Electrician;1;15;15;15
28;Madrid;484;Facilities Manager;1;16;16;16
28;Madrid;474;Tourist Information Guide;1;61;61;61
28;Madrid;479;Window Cleaner;1;70;70;70
28;Madrid;481;Electrical Maintenance Crew Chief;1;5;5;5
35;Las Palmas;118;Cruise Sales Agent;1;25;25;25
35;Las Palmas;92;Recreation Manager;1;30;30;30
35;Las Palmas;98;Theme Park Manager;1;25;25;25
35;Las Palmas;108;Luxury Travel Manager;1;52;52;52
35;Las Palmas;67;Financial Assistant;1;7;7;7
35;Las Palmas;72;Franchise Supervisor;1;16;16;16
35;Las Palmas;74;Head of Accounting;1;14;14;14
33;Asturias;632;Bakery Attendant;1;0;0;0
35;Las Palmas;80;Hotel Manager;1;0;0;0
35;Las Palmas;88;Office Manager;1;35;35;35
33;Asturias;561;Housekeeping Staff;1;53;53;53
33;Asturias;580;Front Office Manager;1;1;1;1
35;Las Palmas;31;Amusement Park Manager;1;6;6;6
35;Las Palmas;32;Amusement Park Staff;1;7;7;7
35;Las Palmas;41;Camping Manager;1;28;28;28
35;Las Palmas;45;Chief Executive Officer (CEO);1;86;86;86
34;Palencia;113;Travel Agent;1;19;19;19
34;Palencia;221;Cook;1;0;0;0
34;Palencia;584;Hotel Receptionist;1;26;26;26
34;Palencia;591;Receptionist;1;2;2;2
34;Palencia;669;Waiter;1;6;6;6
34;Palencia;761;Technical Services Assistant;1;5;5;5
35;Las Palmas;2;Accounting Assistant;1;30;30;30
35;Las Palmas;8;Accounting Technician;1;13;13;13
32;Ourense;589;Night Receptionist;1;0;0;0
32;Ourense;591;Receptionist;1;15;15;15
32;Ourense;165;Customer Service Advisor;1;0;0;0
33;Asturias;7;Accounting Manager;1;0;0;0
33;Asturias;10;Accounts Manager;1;0;0;0
33;Asturias;166;Customer Service Agent;1;0;0;0
33;Asturias;192;Call Center Agent;1;66;66;66
33;Asturias;530;Marketing Assistant;1;31;31;31
33;Asturias;376;Hospitality Consultant;1;21;21;21
33;Asturias;471;Tour Guide;1;18;18;18
33;Asturias;257;Chef de Partie;1;32;32;32
32;Ourense;182;Service Manager;1;0;0;0
32;Ourense;218;Chef;1;12;12;12
32;Ourense;552;Chambermaid;1;4;4;4
32;Ourense;6;Accounting Intern;1;0;0;0
32;Ourense;7;Accounting Manager;1;0;0;0
32;Ourense;29;Administrative Manager;1;0;0;0
31;Navarra;634;Bar Manager;1;3;3;3
31;Navarra;668;Waiter Assistant;1;22;22;22
31;Navarra;167;Customer Service Assistant;1;7;7;7
31;Navarra;560;Cleaning Manager;1;2;2;2
35;Las Palmas;242;Sushiman;1;10;10;10
35;Las Palmas;228;Executive Chef;1;53;53;53
35;Las Palmas;250;Pastry Shop Manager;1;7;7;7
35;Las Palmas;302;Sales Manager;1;14;14;14
35;Las Palmas;313;Sales Assistant;1;1;1;1
35;Las Palmas;316;Store Sales Assistant;1;12;12;12
35;Las Palmas;330;Logistics and Distribution Coordinator;1;2;2;2
35;Las Palmas;336;Purchasing Director;1;14;14;14
35;Las Palmas;350;Chef Consultant;1;14;14;14
35;Las Palmas;355;Diving Instructor;1;6;6;6
35;Las Palmas;390;Revenue Management Consultant;1;28;28;28
35;Las Palmas;396;Sommelier Consultant;1;66;66;66
35;Las Palmas;411;Assistant Events Coordinator;1;34;34;34
35;Las Palmas;413;Catering Manager;1;37;37;37
35;Las Palmas;436;Groups & Events Coordinator;1;30;30;30
35;Las Palmas;439;Groups and MICE Coordinator;1;18;18;18
35;Las Palmas;472;Tour Manager;1;33;33;33
35;Las Palmas;476;Wine Tourism Guide;1;21;21;21
35;Las Palmas;479;Window Cleaner;1;20;20;20
35;Las Palmas;482;Electrical Maintenance Technician;1;25;25;25
35;Las Palmas;253;Sommelier Chef;1;8;8;8
35;Las Palmas;204;Quality Director;1;5;5;5
35;Las Palmas;206;Quality Specialist;1;9;9;9
35;Las Palmas;199;Customer Service Technician;1;2;2;2
35;Las Palmas;213;Event Chef;1;23;23;23
35;Las Palmas;217;Charcuterie Chef;1;7;7;7
35;Las Palmas;210;Assistant Baker;1;30;30;30
35;Las Palmas;219;Chinese Food Cook;1;21;21;21
35;Las Palmas;126;Animation Coordinator;1;110;110;110
35;Las Palmas;148;MiniClub Animator;1;34;34;34
35;Las Palmas;150;Multifunctional Animator;1;80;80;80
35;Las Palmas;135;Dance Animator;1;49;49;49
35;Las Palmas;164;Fitness Supervisor;1;5;5;5
35;Las Palmas;184;Customer Experience Assistant;1;18;18;18
35;Las Palmas;187;Customer Experience Specialist;1;6;6;6
36;Pontevedra;668;Waiter Assistant;1;3;3;3
37;Salamanca;482;Electrical Maintenance Technician;1;13;13;13
37;Salamanca;591;Receptionist;1;50;50;50
37;Salamanca;652;Head Waiter;1;21;21;21
37;Salamanca;665;Sommelier;1;12;12;12
37;Salamanca;502;Technical Services Specialist;1;7;7;7
37;Salamanca;550;Assistant Hotel Manager;1;12;12;12
37;Salamanca;552;Chambermaid;1;17;17;17
36;Pontevedra;545;Social Media Specialist;1;8;8;8
36;Pontevedra;550;Assistant Hotel Manager;1;59;59;59
36;Pontevedra;551;Assistant Executive Housekeeper;1;9;9;9
36;Pontevedra;580;Front Office Manager;1;41;41;41
36;Pontevedra;590;Reception Assistant;1;214;214;214
36;Pontevedra;712;Spa Coordinator;1;16;16;16
37;Salamanca;6;Accounting Intern;1;0;0;0
37;Salamanca;29;Administrative Manager;1;23;23;23
37;Salamanca;61;Finance Manager;1;0;0;0
37;Salamanca;79;Hotel Director;1;107;107;107
37;Salamanca;165;Customer Service Advisor;1;0;0;0
37;Salamanca;166;Customer Service Agent;1;13;13;13
36;Pontevedra;43;Casino Staff;1;25;25;25
36;Pontevedra;45;Chief Executive Officer (CEO);1;79;79;79
36;Pontevedra;50;Operations Specialist;1;10;10;10
36;Pontevedra;59;Business Development Director;1;0;0;0
36;Pontevedra;112;Travel Agency Manager;1;3;3;3
36;Pontevedra;6;Accounting Intern;1;0;0;0
35;Las Palmas;729;Coastguard;1;12;12;12
35;Las Palmas;721;Art Gallery Guard;1;5;5;5
35;Las Palmas;732;Helpdesk Analyst;1;3;3;3
35;Las Palmas;753;Head of Technical Services;1;35;35;35
35;Las Palmas;760;Product Development Manager;1;15;15;15
35;Las Palmas;761;Technical Services Assistant;1;4;4;4
35;Las Palmas;796;Rider;1;7;7;7
36;Pontevedra;420;Events and Banquets Director;1;13;13;13
36;Pontevedra;482;Electrical Maintenance Technician;1;7;7;7
36;Pontevedra;489;Maintenance Manager;1;12;12;12
36;Pontevedra;492;Maintenance Assistant;1;18;18;18
36;Pontevedra;345;Supply Department Assistant;1;10;10;10
36;Pontevedra;165;Customer Service Advisor;1;0;0;0
36;Pontevedra;166;Customer Service Agent;1;0;0;0
36;Pontevedra;267;Commercial Manager;1;1;1;1
36;Pontevedra;226;Dishwasher;1;0;0;0
35;Las Palmas;610;Human Resources Consultant;1;6;6;6
35;Las Palmas;613;Human Resources Manager;1;33;33;33
35;Las Palmas;615;Human Resources Technician;1;13;13;13
35;Las Palmas;616;Labor Administrative;1;28;28;28
35;Las Palmas;620;Personnel Recruitment Technician;1;40;40;40
35;Las Palmas;600;Revenue Agent;1;16;16;16
35;Las Palmas;602;Compensation and Benefits Specialist;1;15;15;15
35;Las Palmas;606;Head of Human Resources;1;27;27;27
35;Las Palmas;642;Cocktail Bar Manager;1;4;4;4
35;Las Palmas;655;Ice Cream Shop Manager;1;1;1;1
35;Las Palmas;632;Bakery Attendant;1;16;16;16
35;Las Palmas;484;Facilities Manager;1;19;19;19
35;Las Palmas;485;Facilities Assistant;1;14;14;14
35;Las Palmas;486;Facilities Technician;1;43;43;43
35;Las Palmas;497;Building Repairer;1;11;11;11
35;Las Palmas;502;Technical Services Specialist;1;1;1;1
35;Las Palmas;575;Camping Staff;1;0;0;0
29;Málaga;187;Customer Experience Specialist;1;28;28;28
29;Málaga;191;Customer Success Specialist;1;14;14;14
29;Málaga;277;MICE Sales Manager;1;48;48;48
29;Málaga;330;Logistics and Distribution Coordinator;1;19;19;19
29;Málaga;269;Food service salesperson;1;70;70;70
29;Málaga;262;Area Sales Manager;1;50;50;50
29;Málaga;247;Pastry Assistant;1;45;45;45
29;Málaga;437;Groups & Events Manager;1;32;32;32
29;Málaga;488;Gardening Assistant;1;28;28;28
29;Málaga;502;Technical Services Specialist;1;39;39;39
29;Málaga;497;Building Repairer;1;24;24;24
29;Málaga;361;Food Production Consultant;1;65;65;65
29;Málaga;376;Hospitality Consultant;1;39;39;39
29;Málaga;396;Sommelier Consultant;1;32;32;32
29;Málaga;401;Tourist Management Consultant;1;26;26;26
29;Málaga;413;Catering Manager;1;79;79;79
29;Málaga;415;Conference & Events Trainee;1;15;15;15
29;Málaga;341;Stock Control Technician;1;16;16;16
29;Málaga;434;Events Staff;1;0;0;0
29;Málaga;439;Groups and MICE Coordinator;1;28;28;28
29;Málaga;452;Sport Center Manager;1;11;11;11
29;Málaga;453;Sporting Activities Manager;1;12;12;12
29;Málaga;471;Tour Guide;1;15;15;15
29;Málaga;473;Tourism Agent;1;55;55;55
29;Málaga;50;Operations Specialist;1;15;15;15
29;Málaga;55;Controller;1;15;15;15
29;Málaga;58;Cultural Centre Manager;1;25;25;25
29;Málaga;66;Financial Assets Manager;1;29;29;29
29;Málaga;68;Financial Intern;1;28;28;28
29;Málaga;72;Franchise Supervisor;1;15;15;15
29;Málaga;75;Head of Administration;1;38;38;38
29;Málaga;122;Activities Assistant;1;5;5;5
29;Málaga;93;Regional Director;1;71;71;71
29;Málaga;96;Supply Chain Manager;1;22;22;22
29;Málaga;85;Logistics Director;1;41;41;41
29;Málaga;88;Office Manager;1;3;3;3
29;Málaga;128;Animation Supervisor;1;76;76;76
29;Málaga;141;Entertainment Manager;1;36;36;36
29;Málaga;143;Events Manager;1;44;44;44
29;Málaga;163;Fitness Animator;1;53;53;53
29;Málaga;164;Fitness Supervisor;1;4;4;4
29;Málaga;165;Customer Service Advisor;1;0;0;0
29;Málaga;171;Customer Service Specialist;1;23;23;23
29;Málaga;172;Customer Support Assistant;1;0;0;0
29;Málaga;179;GEX - Guest Experience Director;1;43;43;43
28;Madrid;728;Beach Guard;1;9;9;9
28;Madrid;718;Wellness Advisor;1;14;14;14
28;Madrid;721;Art Gallery Guard;1;17;17;17
28;Madrid;724;Nightwatchman;1;0;0;0
28;Madrid;762;Technologist brewing;1;20;20;20
28;Madrid;736;Chief Technology Officer (CTO);1;3;3;3
28;Madrid;741;Head of Information Technology;1;3;3;3
28;Madrid;745;Software Developer;1;4;4;4
28;Madrid;746;Web Developer;1;1;1;1
28;Madrid;753;Head of Technical Services;1;2;2;2
28;Madrid;778;Car Driver;1;40;40;40
28;Madrid;796;Rider;1;16;16;16
28;Madrid;800;Onboard Hotel Manager;1;15;15;15
28;Madrid;806;Ship Steward;1;107;107;107
28;Madrid;813;Van Driver;1;42;42;42
29;Málaga;14;Accounts Payable Intern;1;29;29;29
29;Málaga;4;Personal Assistant;1;20;20;20
29;Málaga;32;Amusement Park Staff;1;22;22;22
29;Málaga;33;Billing Assistant;1;20;20;20
29;Málaga;43;Casino Staff;1;3;3;3
29;Málaga;44;Casino Host;1;21;21;21
29;Málaga;27;Administrative Director;1;36;36;36
30;Murcia;44;Casino Host;1;5;5;5
30;Murcia;78;Hotel Development Director;1;5;5;5
30;Murcia;10;Accounts Manager;1;0;0;0
30;Murcia;190;Customer Success Manager;1;12;12;12
30;Murcia;198;Call Center Technician;1;1;1;1
30;Murcia;130;Children's Animator;1;70;70;70
30;Murcia;165;Customer Service Advisor;1;0;0;0
30;Murcia;106;Custom Travel Agent;1;8;8;8
30;Murcia;113;Travel Agent;1;43;43;43
30;Murcia;119;Reservation Agent;1;29;29;29
30;Murcia;226;Dishwasher;1;80;80;80
30;Murcia;248;Pastry Chef;1;23;23;23
30;Murcia;501;Technical Services Officer;1;4;4;4
30;Murcia;503;Warehouse Stock Handler;1;11;11;11
30;Murcia;528;Graphic Designer;1;8;8;8
30;Murcia;267;Commercial Manager;1;6;6;6
30;Murcia;286;Rental Sales Consultant;1;57;57;57
30;Murcia;291;Sales & MICE Assistant;1;27;27;27
30;Murcia;297;Sales Development Representatives (SDR);1;5;5;5
30;Murcia;300;Sales Host;1;29;29;29
30;Murcia;302;Sales Manager;1;15;15;15
30;Murcia;346;Supply Department Manager;1;11;11;11
30;Murcia;640;Cashier;1;52;52;52
30;Murcia;600;Revenue Agent;1;5;5;5
30;Murcia;609;Human Resources Business Partner;1;12;12;12
30;Murcia;631;Assistant Restaurant Manager;1;16;16;16
30;Murcia;580;Front Office Manager;1;32;32;32
30;Murcia;589;Night Receptionist;1;171;171;171
30;Murcia;725;Security Guard;1;6;6;6
30;Murcia;755;IT Manager;1;2;2;2
30;Murcia;758;Helpdesk Supervisor;1;2;2;2
30;Murcia;778;Car Driver;1;13;13;13
30;Murcia;679;Beauty Consultant;1;16;16;16
30;Murcia;813;Van Driver;1;26;26;26
31;Navarra;79;Hotel Director;1;45;45;45
31;Navarra;243;Kitchen Assistant;1;40;40;40
31;Navarra;286;Rental Sales Consultant;1;3;3;3
31;Navarra;471;Tour Guide;1;28;28;28
31;Navarra;492;Maintenance Assistant;1;12;12;12
31;Navarra;551;Assistant Executive Housekeeper;1;4;4;4
29;Málaga;636;Barback;1;33;33;33
29;Málaga;675;Make-up Artist;1;5;5;5
29;Málaga;716;Hair Stylist;1;17;17;17
29;Málaga;726;Watchman;1;13;13;13
29;Málaga;763;Business Intelligence Analyst;1;3;3;3
29;Málaga;813;Van Driver;1;0;0;0
30;Murcia;7;Accounting Manager;1;10;10;10
29;Málaga;696;Massage Therapist;1;38;38;38
29;Málaga;686;Esthetician;1;28;28;28
29;Málaga;535;Marketing Specialist;1;14;14;14
29;Málaga;539;Public Relations Intern;1;19;19;19
29;Málaga;507;Advertising Manager;1;27;27;27
29;Málaga;514;Copywriter;1;35;35;35
29;Málaga;516;Digital Marketing Manager;1;33;33;33
29;Málaga;518;Public Relations Director;1;22;22;22
29;Málaga;531;Marketing Consultant;1;28;28;28
29;Málaga;565;Laundry Manager;1;0;0;0
29;Málaga;560;Cleaning Manager;1;27;27;27
29;Málaga;575;Camping Staff;1;46;46;46
29;Málaga;610;Human Resources Consultant;1;10;10;10
29;Málaga;611;Human Resources Coordinator;1;9;9;9
29;Málaga;613;Human Resources Manager;1;20;20;20
29;Málaga;614;Human Resources Specialist;1;20;20;20
29;Málaga;627;Talent Acquisition Specialist;1;11;11;11
29;Málaga;605;Employee Relations Specialist;1;25;25;25
3;Alicante;636;Barback;1;49;49;49
3;Alicante;608;Human Resources Assistant;1;11;11;11
3;Alicante;611;Human Resources Coordinator;1;14;14;14
3;Alicante;512;Content Creator;1;13;13;13
3;Alicante;516;Digital Marketing Manager;1;21;21;21
3;Alicante;563;Ironing Staff;1;22;22;22
3;Alicante;425;Event Promoter;1;5;5;5
3;Alicante;485;Facilities Assistant;1;36;36;36
3;Alicante;460;Airport Guide;1;0;0;0
3;Alicante;463;Driver Tour Guide;1;2;2;2
3;Alicante;501;Technical Services Officer;1;22;22;22
3;Alicante;502;Technical Services Specialist;1;20;20;20
3;Alicante;503;Warehouse Stock Handler;1;9;9;9
3;Alicante;489;Maintenance Manager;1;48;48;48
3;Alicante;493;Maintenance Officer;1;16;16;16
3;Alicante;269;Food service salesperson;1;32;32;32
3;Alicante;284;Regional Sales Manager;1;22;22;22
3;Alicante;314;Salesperson Call Center;1;23;23;23
3;Alicante;332;Purchasing Agent;1;48;48;48
3;Alicante;333;Purchasing and Warehouse Manager;1;28;28;28
3;Alicante;345;Supply Department Assistant;1;30;30;30
3;Alicante;346;Supply Department Manager;1;46;46;46
3;Alicante;358;Food and Beverage Consultant;1;3;3;3
3;Alicante;202;Quality Assistant;1;8;8;8
3;Alicante;203;Quality Department Internship;1;2;2;2
3;Alicante;207;Quality Technician;1;18;18;18
3;Alicante;209;Baker Chef;1;0;0;0
3;Alicante;210;Assistant Baker;1;12;12;12
3;Alicante;213;Event Chef;1;13;13;13
3;Alicante;195;Call Center Manager;1;13;13;13
3;Alicante;198;Call Center Technician;1;7;7;7
3;Alicante;199;Customer Service Technician;1;7;7;7
3;Alicante;229;Fast Food Cook;1;29;29;29
3;Alicante;122;Activities Assistant;1;6;6;6
3;Alicante;137;Dancer;1;16;16;16
3;Alicante;139;DJ;1;5;5;5
3;Alicante;167;Customer Service Assistant;1;6;6;6
3;Alicante;164;Fitness Supervisor;1;2;2;2
3;Alicante;182;Service Manager;1;12;12;12
3;Alicante;89;Valet Parking;1;35;35;35
3;Alicante;101;Business Intelligence Manager;1;1;1;1
3;Alicante;47;Chief Operations Officer (COO);1;62;62;62
3;Alicante;49;Revenue Manager;1;12;12;12
3;Alicante;42;Casino Manager;1;4;4;4
3;Alicante;29;Administrative Manager;1;20;20;20
3;Alicante;27;Administrative Director;1;0;0;0
2;Albacete;600;Revenue Agent;1;6;6;6
2;Albacete;661;Restaurant Manager;1;0;0;0
3;Alicante;8;Accounting Technician;1;4;4;4
3;Alicante;1;Accountant;1;0;0;0
3;Alicante;2;Accounting Assistant;1;18;18;18
3;Alicante;4;Personal Assistant;1;0;0;0
3;Alicante;5;Accounting Director;1;0;0;0
1;Álava;552;Chambermaid;1;30;30;30
1;Álava;584;Hotel Receptionist;1;29;29;29
2;Albacete;218;Chef;1;47;47;47
2;Albacete;257;Chef de Partie;1;0;0;0
1;Álava;442;Leisure Centre Manager;1;8;8;8
1;Álava;10;Accounts Manager;1;0;0;0
1;Álava;71;Franchise Manager;1;0;0;0
1;Álava;107;Luxury Travel Advisor;1;21;21;21
7;Islas Baleares;44;Casino Host;1;20;20;20
7;Islas Baleares;38;Budgeting Manager;1;13;13;13
7;Islas Baleares;40;Budgeting Specialist;1;78;78;78
7;Islas Baleares;65;Financial Analyst;1;7;7;7
7;Islas Baleares;50;Operations Specialist;1;20;20;20
7;Islas Baleares;53;Collector;1;7;7;7
7;Islas Baleares;113;Travel Agent;1;21;21;21
7;Islas Baleares;94;Regional Manager;1;0;0;0
7;Islas Baleares;96;Supply Chain Manager;1;40;40;40
7;Islas Baleares;72;Franchise Supervisor;1;0;0;0
7;Islas Baleares;18;Accounts Receivable Executive;1;29;29;29
7;Islas Baleares;27;Administrative Director;1;18;18;18
6;Badajoz;668;Waiter Assistant;1;15;15;15
7;Islas Baleares;4;Personal Assistant;1;37;37;37
4;Almería;796;Rider;1;14;14;14
5;Ávila;221;Cook;1;0;0;0
5;Ávila;552;Chambermaid;1;0;0;0
4;Almería;661;Restaurant Manager;1;50;50;50
4;Almería;665;Sommelier;1;64;64;64
4;Almería;692;Lifesaver;1;105;105;105
5;Ávila;591;Receptionist;1;17;17;17
5;Ávila;650;Food and Beverage Manager;1;18;18;18
5;Ávila;664;Restaurant Section Head;1;1;1;1
5;Ávila;669;Waiter;1;21;21;21
6;Badajoz;42;Casino Manager;1;4;4;4
6;Badajoz;165;Customer Service Advisor;1;0;0;0
4;Almería;590;Reception Assistant;1;136;136;136
4;Almería;577;Concierge;1;67;67;67
4;Almería;584;Hotel Receptionist;1;130;130;130
4;Almería;615;Human Resources Technician;1;12;12;12
4;Almería;628;Assistant Bar Manager;1;23;23;23
4;Almería;630;Assistant Head Waiter;1;14;14;14
4;Almería;650;Food and Beverage Manager;1;24;24;24
4;Almería;557;Executive Housekeeper;1;10;10;10
4;Almería;561;Housekeeping Staff;1;0;0;0
4;Almería;493;Maintenance Officer;1;15;15;15
4;Almería;504;Painter;1;36;36;36
4;Almería;171;Customer Service Specialist;1;0;0;0
3;Alicante;716;Hair Stylist;1;6;6;6
4;Almería;213;Event Chef;1;64;64;64
4;Almería;257;Chef de Partie;1;23;23;23
4;Almería;226;Dishwasher;1;44;44;44
4;Almería;471;Tour Guide;1;32;32;32
4;Almería;481;Electrical Maintenance Crew Chief;1;58;58;58
4;Almería;486;Facilities Technician;1;7;7;7
4;Almería;130;Children's Animator;1;11;11;11
4;Almería;141;Entertainment Manager;1;79;79;79
4;Almería;7;Accounting Manager;1;0;0;0
4;Almería;10;Accounts Manager;1;0;0;0
4;Almería;23;Administrative;1;178;178;178
4;Almería;45;Chief Executive Officer (CEO);1;117;117;117
3;Alicante;725;Security Guard;1;2;2;2
3;Alicante;726;Watchman;1;0;0;0
3;Alicante;733;IT Helpdesk Analyst;1;2;2;2
3;Alicante;746;Web Developer;1;10;10;10
3;Alicante;753;Head of Technical Services;1;10;10;10
3;Alicante;758;Helpdesk Supervisor;1;11;11;11
3;Alicante;811;Taxi Driver;1;20;20;20
3;Alicante;714;Spa Receptionist;1;13;13;13
3;Alicante;701;Personal Trainer;1;4;4;4
3;Alicante;707;Sauna Assistant;1;6;6;6
3;Alicante;692;Lifesaver;1;16;16;16
3;Alicante;693;Lymphatic Massage Therapist;1;16;16;16
3;Alicante;682;Chiropractor;1;1;1;1
3;Alicante;687;First aid attendant;1;29;29;29
3;Alicante;690;Holistic Therapist;1;32;32;32
8;Barcelona;70;Franchise Director;1;12;12;12
8;Barcelona;71;Franchise Manager;1;0;0;0
8;Barcelona;99;Theme Park Staff;1;17;17;17
8;Barcelona;102;Business Intelligence Specialist;1;28;28;28
8;Barcelona;106;Custom Travel Agent;1;153;153;153
8;Barcelona;93;Regional Director;1;15;15;15
8;Barcelona;94;Regional Manager;1;28;28;28
8;Barcelona;31;Amusement Park Manager;1;15;15;15
8;Barcelona;57;Controller Assistant;1;13;13;13
8;Barcelona;53;Collector;1;0;0;0
7;Islas Baleares;746;Web Developer;1;12;12;12
7;Islas Baleares;749;Digital Strategy Specialist;1;28;28;28
7;Islas Baleares;756;IT Manager Project;1;9;9;9
7;Islas Baleares;762;Technologist brewing;1;13;13;13
7;Islas Baleares;763;Business Intelligence Analyst;1;6;6;6
7;Islas Baleares;736;Chief Technology Officer (CTO);1;5;5;5
7;Islas Baleares;726;Watchman;1;30;30;30
8;Barcelona;4;Personal Assistant;1;22;22;22
8;Barcelona;13;Accounts Payable Executive;1;18;18;18
8;Barcelona;20;Accounts Receivable Manager;1;0;0;0
8;Barcelona;22;Accounts Receivable Technician;1;13;13;13
7;Islas Baleares;796;Rider;1;39;39;39
7;Islas Baleares;798;Onboard Casino Host;1;14;14;14
7;Islas Baleares;803;Second Officer;1;11;11;11
7;Islas Baleares;804;Ship Captain;1;7;7;7
7;Islas Baleares;807;Shore Excursion Coordinator;1;15;15;15
7;Islas Baleares;809;Skipper;1;11;11;11
7;Islas Baleares;813;Van Driver;1;98;98;98
7;Islas Baleares;677;Babysitter;1;4;4;4
7;Islas Baleares;687;First aid attendant;1;72;72;72
7;Islas Baleares;712;Spa Coordinator;1;0;0;0
7;Islas Baleares;713;Spa Manager;1;34;34;34
7;Islas Baleares;632;Bakery Attendant;1;7;7;7
7;Islas Baleares;617;Learning and Talent Development Specialist;1;17;17;17
7;Islas Baleares;622;Recruitment Consultant;1;7;7;7
7;Islas Baleares;655;Ice Cream Shop Manager;1;30;30;30
7;Islas Baleares;612;Human Resources Director;1;17;17;17
7;Islas Baleares;601;Senior Reservations Agent;1;3;3;3
7;Islas Baleares;603;HR and Talent Director;1;35;35;35
7;Islas Baleares;595;Recruitment Manager;1;16;16;16
7;Islas Baleares;597;Intern in Reception;1;12;12;12
7;Islas Baleares;560;Cleaning Manager;1;28;28;28
7;Islas Baleares;549;Web Designer;1;12;12;12
7;Islas Baleares;143;Events Manager;1;24;24;24
7;Islas Baleares;164;Fitness Supervisor;1;6;6;6
7;Islas Baleares;128;Animation Supervisor;1;30;30;30
7;Islas Baleares;131;Choreographer;1;26;26;26
7;Islas Baleares;140;Entertainment Coordinator;1;7;7;7
7;Islas Baleares;123;Activities Supervisor;1;4;4;4
7;Islas Baleares;124;Actor;1;29;29;29
7;Islas Baleares;120;Reservations Manager;1;53;53;53
7;Islas Baleares;172;Customer Support Assistant;1;21;21;21
7;Islas Baleares;182;Service Manager;1;8;8;8
7;Islas Baleares;179;GEX - Guest Experience Director;1;15;15;15
7;Islas Baleares;209;Baker Chef;1;1;1;1
7;Islas Baleares;274;Marketing and Sales Director;1;20;20;20
7;Islas Baleares;267;Commercial Manager;1;9;9;9
7;Islas Baleares;277;MICE Sales Manager;1;18;18;18
7;Islas Baleares;287;Rental Sales Manager;1;48;48;48
7;Islas Baleares;326;Hospitality Purchasing Manager;1;16;16;16
7;Islas Baleares;301;Sales Intern;1;10;10;10
7;Islas Baleares;306;Sales Operations Analyst;1;7;7;7
7;Islas Baleares;219;Chinese Food Cook;1;3;3;3
7;Islas Baleares;246;Mexican Food Cook;1;18;18;18
7;Islas Baleares;250;Pastry Shop Manager;1;10;10;10
7;Islas Baleares;262;Area Sales Manager;1;11;11;11
7;Islas Baleares;400;Swimming Instructor;1;0;0;0
7;Islas Baleares;401;Tourist Management Consultant;1;1;1;1
7;Islas Baleares;413;Catering Manager;1;11;11;11
7;Islas Baleares;370;Health and Wellness Consultant;1;4;4;4
7;Islas Baleares;339;Purchasing Supervisor;1;0;0;0
7;Islas Baleares;344;Supply Chain Coordinator;1;20;20;20
7;Islas Baleares;347;Warehouse Management Technician;1;16;16;16
7;Islas Baleares;351;Chef Instructor;1;6;6;6
7;Islas Baleares;352;Chinese (Mandarin) Teacher;1;2;2;2
7;Islas Baleares;474;Tourist Information Guide;1;10;10;10
7;Islas Baleares;467;Museum Guide;1;14;14;14
7;Islas Baleares;424;Event Planner;1;84;84;84
7;Islas Baleares;377;Hospitality Trainer;1;11;11;11
7;Islas Baleares;387;Private Class Chef;1;51;51;51
7;Islas Baleares;441;Head Waiter for Catering & Events;1;0;0;0
7;Islas Baleares;532;Marketing Director;1;39;39;39
7;Islas Baleares;533;Marketing Intern;1;14;14;14
7;Islas Baleares;540;Public Relations Manager;1;29;29;29
7;Islas Baleares;541;Public Relations Specialist;1;31;31;31
7;Islas Baleares;523;eCommerce Specialist;1;7;7;7
7;Islas Baleares;508;B2B Marketing Manager;1;10;10;10
7;Islas Baleares;497;Building Repairer;1;15;15;15
7;Islas Baleares;495;Mason;1;16;16;16
7;Islas Baleares;488;Gardening Assistant;1;22;22;22
17;Girona;26;Administrative Assistant;1;44;44;44
17;Girona;28;Administrative Intern;1;0;0;0
17;Girona;41;Camping Manager;1;78;78;78
17;Girona;45;Chief Executive Officer (CEO);1;59;59;59
17;Girona;49;Revenue Manager;1;21;21;21
17;Girona;59;Business Development Director;1;23;23;23
17;Girona;79;Hotel Director;1;64;64;64
17;Girona;130;Children's Animator;1;25;25;25
17;Girona;141;Entertainment Manager;1;23;23;23
17;Girona;13;Accounts Payable Executive;1;0;0;0
17;Girona;1;Accountant;1;5;5;5
17;Girona;6;Accounting Intern;1;0;0;0
15;A Coruña;637;Barista;1;30;30;30
16;Cuenca;630;Assistant Head Waiter;1;1;1;1
15;A Coruña;572;Bellboy;1;1;1;1
15;A Coruña;745;Software Developer;1;2;2;2
15;A Coruña;746;Web Developer;1;1;1;1
15;A Coruña;761;Technical Services Assistant;1;7;7;7
15;A Coruña;105;Business Travel Agent;1;7;7;7
15;A Coruña;106;Custom Travel Agent;1;3;3;3
15;A Coruña;113;Travel Agent;1;9;9;9
15;A Coruña;12;Accounts Payable Assistant;1;0;0;0
15;A Coruña;18;Accounts Receivable Executive;1;73;73;73
15;A Coruña;29;Administrative Manager;1;0;0;0
15;A Coruña;31;Amusement Park Manager;1;15;15;15
15;A Coruña;32;Amusement Park Staff;1;10;10;10
15;A Coruña;42;Casino Manager;1;8;8;8
15;A Coruña;43;Casino Staff;1;4;4;4
15;A Coruña;53;Collector;1;5;5;5
15;A Coruña;70;Franchise Director;1;15;15;15
15;A Coruña;71;Franchise Manager;1;0;0;0
15;A Coruña;80;Hotel Manager;1;24;24;24
15;A Coruña;293;Sales Agent;1;15;15;15
15;A Coruña;513;Content Marketing Manager;1;13;13;13
15;A Coruña;533;Marketing Intern;1;7;7;7
15;A Coruña;132;Clown;1;1;1;1
15;A Coruña;139;DJ;1;1;1;1
15;A Coruña;206;Quality Specialist;1;27;27;27
15;A Coruña;207;Quality Technician;1;17;17;17
15;A Coruña;219;Chinese Food Cook;1;14;14;14
15;A Coruña;255;Spanish Food Cook;1;31;31;31
15;A Coruña;257;Chef de Partie;1;9;9;9
15;A Coruña;273;Key Account Manager;1;8;8;8
17;Girona;89;Valet Parking;1;18;18;18
17;Girona;171;Customer Service Specialist;1;19;19;19
17;Girona;242;Sushiman;1;15;15;15
17;Girona;180;GEX - Guest Experience Manager;1;13;13;13
17;Girona;247;Pastry Assistant;1;25;25;25
17;Girona;267;Commercial Manager;1;10;10;10
17;Girona;270;Group Sales Manager;1;9;9;9
17;Girona;316;Store Sales Assistant;1;5;5;5
17;Girona;345;Supply Department Assistant;1;15;15;15
17;Girona;376;Hospitality Consultant;1;11;11;11
17;Girona;425;Event Promoter;1;10;10;10
17;Girona;438;Groups & Events Sales Manager;1;27;27;27
17;Girona;446;MICE Manager;1;5;5;5
17;Girona;474;Tourist Information Guide;1;28;28;28
17;Girona;476;Wine Tourism Guide;1;16;16;16
17;Girona;484;Facilities Manager;1;14;14;14
17;Girona;488;Gardening Assistant;1;30;30;30
17;Girona;605;Employee Relations Specialist;1;11;11;11
17;Girona;610;Human Resources Consultant;1;4;4;4
17;Girona;611;Human Resources Coordinator;1;15;15;15
17;Girona;628;Assistant Bar Manager;1;3;3;3
17;Girona;632;Bakery Attendant;1;2;2;2
17;Girona;593;Human Resources Intern;1;7;7;7
17;Girona;594;Recruitment Director;1;4;4;4
17;Girona;575;Camping Staff;1;20;20;20
17;Girona;570;Assistant Head of Reception;1;42;42;42
17;Girona;505;Car Washer;1;7;7;7
17;Girona;510;Brand Manager;1;9;9;9
17;Girona;550;Assistant Hotel Manager;1;50;50;50
17;Girona;502;Technical Services Specialist;1;11;11;11
17;Girona;493;Maintenance Officer;1;9;9;9
17;Girona;313;Sales Assistant;1;1;1;1
17;Girona;314;Salesperson Call Center;1;21;21;21
17;Girona;490;Air Conditioning Maintenance Technician;1;9;9;9
14;Córdoba;255;Spanish Food Cook;1;19;19;19
14;Córdoba;597;Intern in Reception;1;17;17;17
14;Córdoba;640;Cashier;1;47;47;47
14;Córdoba;650;Food and Beverage Manager;1;16;16;16
14;Córdoba;652;Head Waiter;1;15;15;15
14;Córdoba;570;Assistant Head of Reception;1;50;50;50
14;Córdoba;572;Bellboy;1;13;13;13
14;Córdoba;580;Front Office Manager;1;136;136;136
14;Córdoba;226;Dishwasher;1;0;0;0
13;Ciudad Real;113;Travel Agent;1;13;13;13
14;Córdoba;122;Activities Assistant;1;59;59;59
14;Córdoba;165;Customer Service Advisor;1;0;0;0
13;Ciudad Real;668;Waiter Assistant;1;3;3;3
13;Ciudad Real;761;Technical Services Assistant;1;7;7;7
14;Córdoba;43;Casino Staff;1;19;19;19
14;Córdoba;267;Commercial Manager;1;27;27;27
14;Córdoba;277;MICE Sales Manager;1;37;37;37
14;Córdoba;286;Rental Sales Consultant;1;24;24;24
14;Córdoba;471;Tour Guide;1;9;9;9
14;Córdoba;482;Electrical Maintenance Technician;1;22;22;22
14;Córdoba;485;Facilities Assistant;1;60;60;60
14;Córdoba;489;Maintenance Manager;1;12;12;12
14;Córdoba;493;Maintenance Officer;1;3;3;3
12;Castellón;254;Sous Chef;1;23;23;23
12;Castellón;267;Commercial Manager;1;21;21;21
11;Cádiz;765;Airport Attendant;1;8;8;8
12;Castellón;26;Administrative Assistant;1;27;27;27
12;Castellón;44;Casino Host;1;17;17;17
12;Castellón;79;Hotel Director;1;117;117;117
12;Castellón;119;Reservation Agent;1;45;45;45
12;Castellón;130;Children's Animator;1;123;123;123
11;Cádiz;709;Seamstress;1;24;24;24
11;Cádiz;711;Spa Assistant;1;7;7;7
11;Cádiz;753;Head of Technical Services;1;7;7;7
11;Cádiz;653;Host/Hostess;1;0;0;0
12;Castellón;471;Tour Guide;1;15;15;15
12;Castellón;493;Maintenance Officer;1;11;11;11
11;Cádiz;673;Alternative Therapies Specialist;1;7;7;7
12;Castellón;589;Night Receptionist;1;47;47;47
12;Castellón;590;Reception Assistant;1;26;26;26
12;Castellón;591;Receptionist;1;76;76;76
12;Castellón;616;Labor Administrative;1;39;39;39
12;Castellón;634;Bar Manager;1;5;5;5
13;Ciudad Real;182;Service Manager;1;0;0;0
13;Ciudad Real;494;Maintenance Technician;1;6;6;6
13;Ciudad Real;561;Housekeeping Staff;1;24;24;24
13;Ciudad Real;572;Bellboy;1;28;28;28
13;Ciudad Real;584;Hotel Receptionist;1;14;14;14
12;Castellón;731;Pool Attendant;1;58;58;58
11;Cádiz;163;Fitness Animator;1;14;14;14
11;Cádiz;6;Accounting Intern;1;0;0;0
11;Cádiz;28;Administrative Intern;1;16;16;16
11;Cádiz;30;Administrative Technician;1;8;8;8
11;Cádiz;55;Controller;1;8;8;8
11;Cádiz;74;Head of Accounting;1;11;11;11
11;Cádiz;79;Hotel Director;1;123;123;123
11;Cádiz;89;Valet Parking;1;110;110;110
11;Cádiz;100;Warehouse Manager;1;13;13;13
11;Cádiz;119;Reservation Agent;1;111;111;111
11;Cádiz;122;Activities Assistant;1;18;18;18
11;Cádiz;127;Animation Manager;1;25;25;25
11;Cádiz;130;Children's Animator;1;105;105;105
11;Cádiz;141;Entertainment Manager;1;49;49;49
11;Cádiz;148;MiniClub Animator;1;78;78;78
11;Cádiz;286;Rental Sales Consultant;1;34;34;34
11;Cádiz;335;Purchasing Coordinator;1;54;54;54
11;Cádiz;170;Customer Service Manager;1;0;0;0
11;Cádiz;173;Customer Support Coordinator;1;40;40;40
11;Cádiz;177;GEX - Guest Experience Assistant;1;30;30;30
11;Cádiz;180;GEX - Guest Experience Manager;1;25;25;25
11;Cádiz;201;Head of Quality;1;6;6;6
11;Cádiz;166;Customer Service Agent;1;0;0;0
11;Cádiz;560;Cleaning Manager;1;119;119;119
11;Cádiz;501;Technical Services Officer;1;14;14;14
11;Cádiz;502;Technical Services Specialist;1;26;26;26
11;Cádiz;507;Advertising Manager;1;34;34;34
11;Cádiz;544;Social Media Manager;1;26;26;26
11;Cádiz;396;Sommelier Consultant;1;6;6;6
11;Cádiz;443;Maitre in Charge of Room and Events;1;18;18;18
11;Cádiz;484;Facilities Manager;1;6;6;6
11;Cádiz;493;Maintenance Officer;1;18;18;18
11;Cádiz;247;Pastry Assistant;1;6;6;6
11;Cádiz;248;Pastry Chef;1;18;18;18
11;Cádiz;606;Head of Human Resources;1;11;11;11
11;Cádiz;615;Human Resources Technician;1;27;27;27
11;Cádiz;587;Night Auditor;1;33;33;33
11;Cádiz;564;Laundry Attendant;1;32;32;32
11;Cádiz;577;Concierge;1;67;67;67
10;Cáceres;589;Night Receptionist;1;13;13;13
10;Cáceres;712;Spa Coordinator;1;38;38;38
10;Cáceres;715;Spa Therapist;1;11;11;11
11;Cádiz;1;Accountant;1;20;20;20
10;Cáceres;561;Housekeeping Staff;1;2;2;2
10;Cáceres;572;Bellboy;1;39;39;39
10;Cáceres;494;Maintenance Technician;1;3;3;3
10;Cáceres;502;Technical Services Specialist;1;2;2;2
8;Barcelona;773;Cabin Crew;1;0;0;0
9;Burgos;630;Assistant Head Waiter;1;7;7;7
9;Burgos;634;Bar Manager;1;1;1;1
9;Burgos;658;Oenologist;1;12;12;12
10;Cáceres;79;Hotel Director;1;141;141;141
10;Cáceres;99;Theme Park Staff;1;13;13;13
10;Cáceres;207;Quality Technician;1;21;21;21
10;Cáceres;316;Store Sales Assistant;1;29;29;29
10;Cáceres;438;Groups & Events Sales Manager;1;0;0;0
10;Cáceres;489;Maintenance Manager;1;5;5;5
9;Burgos;79;Hotel Director;1;71;71;71
9;Burgos;165;Customer Service Advisor;1;0;0;0
9;Burgos;166;Customer Service Agent;1;0;0;0
9;Burgos;173;Customer Support Coordinator;1;13;13;13
9;Burgos;218;Chef;1;22;22;22
9;Burgos;293;Sales Agent;1;1;1;1
9;Burgos;316;Store Sales Assistant;1;18;18;18
9;Burgos;363;Food Safety Consultant;1;17;17;17
8;Barcelona;737;Chief Legal Officer (CLO);1;5;5;5
8;Barcelona;762;Technologist brewing;1;18;18;18
8;Barcelona;768;Airport ramp Attendant;1;1;1;1
8;Barcelona;719;Wellness Manager;1;118;118;118
8;Barcelona;732;Helpdesk Analyst;1;9;9;9
8;Barcelona;733;IT Helpdesk Analyst;1;12;12;12
8;Barcelona;699;Nutritionist;1;9;9;9
8;Barcelona;708;Sauna Technician;1;14;14;14
8;Barcelona;687;First aid attendant;1;10;10;10
8;Barcelona;688;Fitness Instructor;1;2;2;2
8;Barcelona;696;Massage Therapist;1;29;29;29
8;Barcelona;746;Web Developer;1;11;11;11
8;Barcelona;749;Digital Strategy Specialist;1;3;3;3
8;Barcelona;752;Digital Transformation Specialist;1;3;3;3
8;Barcelona;755;IT Manager;1;19;19;19
8;Barcelona;757;Information Technology Manager;1;16;16;16
8;Barcelona;759;Photographer;1;27;27;27
8;Barcelona;760;Product Development Manager;1;22;22;22
8;Barcelona;534;Marketing Manager;1;28;28;28
8;Barcelona;538;Public Relations Assistant;1;0;0;0
8;Barcelona;541;Public Relations Specialist;1;4;4;4
8;Barcelona;543;SEO Specialist;1;14;14;14
8;Barcelona;565;Laundry Manager;1;28;28;28
8;Barcelona;601;Senior Reservations Agent;1;37;37;37
8;Barcelona;608;Human Resources Assistant;1;18;18;18
8;Barcelona;609;Human Resources Business Partner;1;18;18;18
8;Barcelona;610;Human Resources Consultant;1;11;11;11
8;Barcelona;605;Employee Relations Specialist;1;14;14;14
8;Barcelona;613;Human Resources Manager;1;29;29;29
8;Barcelona;614;Human Resources Specialist;1;10;10;10
8;Barcelona;623;Recruitment Specialist;1;22;22;22
8;Barcelona;634;Bar Manager;1;29;29;29
8;Barcelona;640;Cashier;1;64;64;64
8;Barcelona;645;Coffee Shop Manager;1;55;55;55
8;Barcelona;678;Beautician;1;11;11;11
8;Barcelona;679;Beauty Consultant;1;0;0;0
8;Barcelona;664;Restaurant Section Head;1;4;4;4
8;Barcelona;654;Ice Cream Shop Attendant;1;16;16;16
8;Barcelona;439;Groups and MICE Coordinator;1;3;3;3
8;Barcelona;441;Head Waiter for Catering & Events;1;27;27;27
8;Barcelona;443;Maitre in Charge of Room and Events;1;24;24;24
8;Barcelona;424;Event Planner;1;34;34;34
8;Barcelona;425;Event Promoter;1;1;1;1
8;Barcelona;412;Catering and Large Events Manager;1;34;34;34
8;Barcelona;357;English Teacher;1;12;12;12
8;Barcelona;335;Purchasing Coordinator;1;31;31;31
8;Barcelona;338;Purchasing Manager;1;68;68;68
8;Barcelona;339;Purchasing Supervisor;1;45;45;45
8;Barcelona;324;Food Cost Analyst;1;16;16;16
8;Barcelona;328;Inventory and Stock Supervisor;1;66;66;66
8;Barcelona;332;Purchasing Agent;1;48;48;48
8;Barcelona;300;Sales Host;1;65;65;65
8;Barcelona;523;eCommerce Specialist;1;32;32;32
8;Barcelona;514;Copywriter;1;21;21;21
8;Barcelona;508;B2B Marketing Manager;1;7;7;7
8;Barcelona;509;B2B Marketing Specialist;1;16;16;16
8;Barcelona;498;Swimming Pool Maintenance;1;17;17;17
8;Barcelona;495;Mason;1;2;2;2
8;Barcelona;496;Plumber;1;0;0;0
8;Barcelona;481;Electrical Maintenance Crew Chief;1;40;40;40
8;Barcelona;473;Tourism Agent;1;116;116;116
8;Barcelona;474;Tourist Information Guide;1;115;115;115
8;Barcelona;449;Project Manager for Events;1;18;18;18
8;Barcelona;467;Museum Guide;1;58;58;58
8;Barcelona;487;Gardener;1;14;14;14
8;Barcelona;118;Cruise Sales Agent;1;73;73;73
8;Barcelona;143;Events Manager;1;73;73;73
8;Barcelona;145;Juggler;1;2;2;2
8;Barcelona;150;Multifunctional Animator;1;44;44;44
8;Barcelona;155;Puppeteer;1;3;3;3
8;Barcelona;156;Salsa Dancer;1;0;0;0
8;Barcelona;129;Bachata Dancer;1;1;1;1
8;Barcelona;132;Clown;1;0;0;0
8;Barcelona;139;DJ;1;18;18;18
8;Barcelona;141;Entertainment Manager;1;123;123;123
8;Barcelona;175;Customer Support Manager;1;24;24;24
8;Barcelona;167;Customer Service Assistant;1;36;36;36
8;Barcelona;207;Quality Technician;1;10;10;10
8;Barcelona;209;Baker Chef;1;17;17;17
8;Barcelona;179;GEX - Guest Experience Director;1;33;33;33
8;Barcelona;182;Service Manager;1;22;22;22
8;Barcelona;191;Customer Success Specialist;1;4;4;4
8;Barcelona;266;Commercial and Marketing Manager;1;86;86;86
8;Barcelona;269;Food service salesperson;1;34;34;34
8;Barcelona;291;Sales & MICE Assistant;1;59;59;59
8;Barcelona;278;National Sales Executive;1;21;21;21
8;Barcelona;244;Meat Cutter;1;30;30;30
8;Barcelona;241;Italian Food Cook;1;22;22;22
8;Barcelona;211;Bakery Manager;1;68;68;68
8;Barcelona;198;Call Center Technician;1;2;2;2
8;Barcelona;217;Charcuterie Chef;1;21;21;21
419;Mallorca;492;Maintenance Assistant;1;22;22;22
419;Mallorca;316;Store Sales Assistant;1;168;168;168
419;Mallorca;432;Events Sales Executive;1;28;28;28
419;Mallorca;471;Tour Guide;1;18;18;18
419;Mallorca;482;Electrical Maintenance Technician;1;17;17;17
419;Mallorca;226;Dishwasher;1;122;122;122
419;Mallorca;228;Executive Chef;1;43;43;43
419;Mallorca;243;Kitchen Assistant;1;35;35;35
419;Mallorca;254;Sous Chef;1;22;22;22
419;Mallorca;257;Chef de Partie;1;46;46;46
419;Mallorca;282;Partners Specialist;1;17;17;17
419;Mallorca;535;Marketing Specialist;1;15;15;15
419;Mallorca;550;Assistant Hotel Manager;1;68;68;68
419;Mallorca;560;Cleaning Manager;1;34;34;34
419;Mallorca;561;Housekeeping Staff;1;82;82;82
419;Mallorca;570;Assistant Head of Reception;1;21;21;21
419;Mallorca;590;Reception Assistant;1;127;127;127
419;Mallorca;615;Human Resources Technician;1;12;12;12
420;Santo António;8;Accounting Technician;1;10;10;10
420;Santo António;26;Administrative Assistant;1;22;22;22
420;Santo António;88;Office Manager;1;16;16;16
420;Santo António;126;Animation Coordinator;1;3;3;3
420;Santo António;142;Events Coordinator;1;18;18;18
420;Santo António;159;Tourist Animator;1;11;11;11
420;Santo António;177;GEX - Guest Experience Assistant;1;12;12;12
420;Santo António;218;Chef;1;9;9;9
419;Mallorca;653;Host/Hostess;1;28;28;28
419;Mallorca;654;Ice Cream Shop Attendant;1;8;8;8
419;Mallorca;668;Waiter Assistant;1;25;25;25
419;Mallorca;680;Body Treatment Specialist;1;50;50;50
419;Mallorca;686;Esthetician;1;70;70;70
419;Mallorca;692;Lifesaver;1;74;74;74
420;Santo António;250;Pastry Shop Manager;1;1;1;1
420;Santo António;251;Pizzaiolo;1;13;13;13
420;Santo António;254;Sous Chef;1;14;14;14
420;Santo António;302;Sales Manager;1;5;5;5
420;Santo António;323;Buyer;1;7;7;7
420;Santo António;471;Tour Guide;1;20;20;20
420;Santo António;483;Electrician;1;19;19;19
420;Santo António;487;Gardener;1;4;4;4
420;Santo António;245;Mediterranean Food Cook;1;11;11;11
420;Santo António;247;Pastry Assistant;1;9;9;9
420;Santo António;572;Bellboy;1;13;13;13
420;Santo António;580;Front Office Manager;1;30;30;30
420;Santo António;584;Hotel Receptionist;1;3;3;3
417;Cascais;570;Assistant Head of Reception;1;44;44;44
417;Cascais;572;Bellboy;1;23;23;23
417;Cascais;580;Front Office Manager;1;17;17;17
417;Cascais;243;Kitchen Assistant;1;30;30;30
417;Cascais;257;Chef de Partie;1;9;9;9
417;Cascais;114;Travel Coordinator;1;39;39;39
417;Cascais;119;Reservation Agent;1;27;27;27
390;Comporta;661;Restaurant Manager;1;18;18;18
417;Cascais;493;Maintenance Officer;1;20;20;20
417;Cascais;632;Bakery Attendant;1;18;18;18
417;Cascais;647;Food and Beverage Assistant;1;9;9;9
417;Cascais;652;Head Waiter;1;10;10;10
419;Mallorca;117;Travel guide;1;33;33;33
419;Mallorca;159;Tourist Animator;1;12;12;12
419;Mallorca;177;GEX - Guest Experience Assistant;1;21;21;21
419;Mallorca;214;Catering Assistant;1;13;13;13
419;Mallorca;22;Accounts Receivable Technician;1;8;8;8
419;Mallorca;26;Administrative Assistant;1;31;31;31
419;Mallorca;57;Controller Assistant;1;16;16;16
419;Mallorca;61;Finance Manager;1;29;29;29
390;Comporta;489;Maintenance Manager;1;15;15;15
390;Comporta;494;Maintenance Technician;1;2;2;2
390;Comporta;557;Executive Housekeeper;1;13;13;13
390;Comporta;257;Chef de Partie;1;9;9;9
387;Serzedo;686;Esthetician;1;0;0;0
387;Serzedo;711;Spa Assistant;1;0;0;0
387;Serzedo;661;Restaurant Manager;1;13;13;13
390;Comporta;645;Coffee Shop Manager;1;4;4;4
390;Comporta;676;Baby sitter;1;5;5;5
390;Comporta;680;Body Treatment Specialist;1;7;7;7
408;Castelo Melhor;177;GEX - Guest Experience Assistant;1;8;8;8
408;Castelo Melhor;591;Receptionist;1;16;16;16
412;San Miguel de Abona;243;Kitchen Assistant;1;13;13;13
412;San Miguel de Abona;489;Maintenance Manager;1;13;13;13
412;San Miguel de Abona;551;Assistant Executive Housekeeper;1;15;15;15
412;San Miguel de Abona;561;Housekeeping Staff;1;12;12;12
387;Serzedo;762;Technologist brewing;1;33;33;33
388;Andorra la Vieja;79;Hotel Director;1;96;96;96
388;Andorra la Vieja;80;Hotel Manager;1;84;84;84
388;Andorra la Vieja;580;Front Office Manager;1;13;13;13
388;Andorra la Vieja;589;Night Receptionist;1;72;72;72
388;Andorra la Vieja;647;Food and Beverage Assistant;1;46;46;46
390;Comporta;23;Administrative;1;17;17;17
390;Comporta;130;Children's Animator;1;4;4;4
387;Serzedo;587;Night Auditor;1;0;0;0
387;Serzedo;637;Barista;1;0;0;0
387;Serzedo;650;Food and Beverage Manager;1;0;0;0
387;Serzedo;572;Bellboy;1;0;0;0
387;Serzedo;540;Public Relations Manager;1;14;14;14
387;Serzedo;271;Hotel Sales Manager;1;11;11;11
387;Serzedo;487;Gardener;1;0;0;0
387;Serzedo;489;Maintenance Manager;1;13;13;13
387;Serzedo;503;Warehouse Stock Handler;1;0;0;0
387;Serzedo;283;Regional Sales Executive;1;0;0;0
387;Serzedo;401;Tourist Management Consultant;1;0;0;0
387;Serzedo;438;Groups & Events Sales Manager;1;0;0;0
387;Serzedo;474;Tourist Information Guide;1;36;36;36
387;Serzedo;177;GEX - Guest Experience Assistant;1;0;0;0
387;Serzedo;180;GEX - Guest Experience Manager;1;5;5;5
387;Serzedo;113;Travel Agent;1;15;15;15
387;Serzedo;119;Reservation Agent;1;0;0;0
353;Escaldes-Engordany;669;Waiter;1;113;113;113
353;Escaldes-Engordany;697;Masseur;1;39;39;39
387;Serzedo;8;Accounting Technician;1;0;0;0
338;Santarém District;254;Sous Chef;1;15;15;15
341;Distrito de Lisboa;80;Hotel Manager;1;34;34;34
341;Distrito de Lisboa;209;Baker Chef;1;3;3;3
341;Distrito de Lisboa;221;Cook;1;4;4;4
341;Distrito de Lisboa;314;Salesperson Call Center;1;18;18;18
341;Distrito de Lisboa;476;Wine Tourism Guide;1;19;19;19
341;Distrito de Lisboa;591;Receptionist;1;12;12;12
353;Escaldes-Engordany;221;Cook;1;57;57;57
353;Escaldes-Engordany;570;Assistant Head of Reception;1;18;18;18
333;Islas Canarias;634;Bar Manager;1;15;15;15
333;Islas Canarias;650;Food and Beverage Manager;1;30;30;30
333;Islas Canarias;590;Reception Assistant;1;11;11;11
333;Islas Canarias;596;Recruitment Technician;1;9;9;9
333;Islas Canarias;611;Human Resources Coordinator;1;21;21;21
333;Islas Canarias;617;Learning and Talent Development Specialist;1;4;4;4
333;Islas Canarias;618;Occupational Risk Prevention Technician;1;106;106;106
333;Islas Canarias;630;Assistant Head Waiter;1;10;10;10
333;Islas Canarias;668;Waiter Assistant;1;0;0;0
333;Islas Canarias;692;Lifesaver;1;40;40;40
333;Islas Canarias;714;Spa Receptionist;1;50;50;50
333;Islas Canarias;715;Spa Therapist;1;22;22;22
333;Islas Canarias;761;Technical Services Assistant;1;9;9;9
338;Santarém District;167;Customer Service Assistant;1;2;2;2
333;Islas Canarias;130;Children's Animator;1;0;0;0
333;Islas Canarias;142;Events Coordinator;1;10;10;10
333;Islas Canarias;79;Hotel Director;1;217;217;217
333;Islas Canarias;80;Hotel Manager;1;15;15;15
333;Islas Canarias;117;Travel guide;1;16;16;16
333;Islas Canarias;2;Accounting Assistant;1;16;16;16
333;Islas Canarias;12;Accounts Payable Assistant;1;9;9;9
333;Islas Canarias;23;Administrative;1;4;4;4
326;Norte Portugal;113;Travel Agent;1;17;17;17
326;Norte Portugal;778;Car Driver;1;0;0;0
322;Canillo;715;Spa Therapist;1;25;25;25
322;Canillo;771;Bus Driver;1;72;72;72
322;Canillo;632;Bakery Attendant;1;19;19;19
322;Canillo;637;Barista;1;68;68;68
322;Canillo;589;Night Receptionist;1;66;66;66
322;Canillo;628;Assistant Bar Manager;1;22;22;22
322;Canillo;713;Spa Manager;1;22;22;22
322;Canillo;654;Ice Cream Shop Attendant;1;35;35;35
333;Islas Canarias;493;Maintenance Officer;1;28;28;28
333;Islas Canarias;300;Sales Host;1;19;19;19
333;Islas Canarias;301;Sales Intern;1;9;9;9
333;Islas Canarias;436;Groups & Events Coordinator;1;14;14;14
333;Islas Canarias;472;Tour Manager;1;15;15;15
333;Islas Canarias;482;Electrical Maintenance Technician;1;18;18;18
333;Islas Canarias;557;Executive Housekeeper;1;29;29;29
333;Islas Canarias;570;Assistant Head of Reception;1;129;129;129
333;Islas Canarias;577;Concierge;1;48;48;48
333;Islas Canarias;580;Front Office Manager;1;20;20;20
333;Islas Canarias;180;GEX - Guest Experience Manager;1;3;3;3
333;Islas Canarias;181;GEX - Guest Experience Coordinator;1;13;13;13
333;Islas Canarias;218;Chef;1;30;30;30
333;Islas Canarias;166;Customer Service Agent;1;16;16;16
333;Islas Canarias;282;Partners Specialist;1;3;3;3
333;Islas Canarias;291;Sales & MICE Assistant;1;4;4;4
333;Islas Canarias;266;Commercial and Marketing Manager;1;34;34;34
333;Islas Canarias;247;Pastry Assistant;1;9;9;9
182;Madeira;254;Sous Chef;1;20;20;20
182;Madeira;293;Sales Agent;1;2;2;2
182;Madeira;396;Sommelier Consultant;1;2;2;2
182;Madeira;473;Tourism Agent;1;15;15;15
182;Madeira;165;Customer Service Advisor;1;0;0;0
182;Madeira;177;GEX - Guest Experience Assistant;1;24;24;24
182;Madeira;180;GEX - Guest Experience Manager;1;20;20;20
182;Madeira;221;Cook;1;14;14;14
182;Madeira;109;Travel Project Manager;1;32;32;32
182;Madeira;112;Travel Agency Manager;1;34;34;34
182;Madeira;113;Travel Agent;1;72;72;72
182;Madeira;23;Administrative;1;0;0;0
182;Madeira;26;Administrative Assistant;1;16;16;16
182;Madeira;31;Amusement Park Manager;1;10;10;10
182;Madeira;55;Controller;1;3;3;3
182;Madeira;67;Financial Assistant;1;16;16;16
182;Madeira;76;Head of Finance;1;4;4;4
182;Madeira;657;Bartender;1;16;16;16
182;Madeira;665;Sommelier;1;10;10;10
182;Madeira;669;Waiter;1;15;15;15
182;Madeira;680;Body Treatment Specialist;1;20;20;20
182;Madeira;714;Spa Receptionist;1;9;9;9
182;Madeira;715;Spa Therapist;1;15;15;15
317;Cataluña;218;Chef;1;18;18;18
182;Madeira;507;Advertising Manager;1;16;16;16
182;Madeira;551;Assistant Executive Housekeeper;1;10;10;10
182;Madeira;615;Human Resources Technician;1;21;21;21
182;Madeira;631;Assistant Restaurant Manager;1;21;21;21
182;Madeira;636;Barback;1;23;23;23
322;Canillo;130;Children's Animator;1;36;36;36
317;Cataluña;669;Waiter;1;31;31;31
322;Canillo;23;Administrative;1;41;41;41
317;Cataluña;293;Sales Agent;1;38;38;38
317;Cataluña;584;Hotel Receptionist;1;14;14;14
322;Canillo;251;Pizzaiolo;1;34;34;34
322;Canillo;497;Building Repairer;1;10;10;10
322;Canillo;570;Assistant Head of Reception;1;38;38;38
322;Canillo;532;Marketing Director;1;37;37;37
150;Açores;631;Assistant Restaurant Manager;1;10;10;10
150;Açores;636;Barback;1;11;11;11
150;Açores;653;Host/Hostess;1;12;12;12
150;Açores;665;Sommelier;1;6;6;6
150;Açores;726;Watchman;1;18;18;18
150;Açores;714;Spa Receptionist;1;8;8;8
148;Braga;652;Head Waiter;1;15;15;15
150;Açores;226;Dishwasher;1;16;16;16
150;Açores;564;Laundry Attendant;1;24;24;24
150;Açores;114;Travel Coordinator;1;17;17;17
150;Açores;166;Customer Service Agent;1;12;12;12
150;Açores;199;Customer Service Technician;1;18;18;18
149;Viana do Castelo;561;Housekeeping Staff;1;32;32;32
149;Viana do Castelo;591;Receptionist;1;19;19;19
149;Viana do Castelo;669;Waiter;1;25;25;25
149;Viana do Castelo;715;Spa Therapist;1;15;15;15
150;Açores;93;Regional Director;1;14;14;14
150;Açores;248;Pastry Chef;1;10;10;10
150;Açores;251;Pizzaiolo;1;14;14;14
150;Açores;396;Sommelier Consultant;1;24;24;24
150;Açores;471;Tour Guide;1;15;15;15
150;Açores;492;Maintenance Assistant;1;10;10;10
150;Açores;551;Assistant Executive Housekeeper;1;18;18;18
147;Porto;714;Spa Receptionist;1;30;30;30
147;Porto;692;Lifesaver;1;18;18;18
147;Porto;733;IT Helpdesk Analyst;1;58;58;58
147;Porto;742;Data Scientist;1;1;1;1
147;Porto;746;Web Developer;1;8;8;8
147;Porto;751;Digital Transformation Manager;1;11;11;11
147;Porto;752;Digital Transformation Specialist;1;11;11;11
147;Porto;762;Technologist brewing;1;11;11;11
147;Porto;763;Business Intelligence Analyst;1;10;10;10
147;Porto;767;Airport Operations Manager;1;3;3;3
147;Porto;768;Airport ramp Attendant;1;3;3;3
147;Porto;770;Aviation Pilot;1;2;2;2
147;Porto;806;Ship Steward;1;19;19;19
149;Viana do Castelo;226;Dishwasher;1;21;21;21
149;Viana do Castelo;243;Kitchen Assistant;1;16;16;16
149;Viana do Castelo;316;Store Sales Assistant;1;17;17;17
149;Viana do Castelo;494;Maintenance Technician;1;15;15;15
148;Braga;572;Bellboy;1;26;26;26
148;Braga;591;Receptionist;1;17;17;17
148;Braga;628;Assistant Bar Manager;1;14;14;14
148;Braga;114;Travel Coordinator;1;18;18;18
148;Braga;211;Bakery Manager;1;1;1;1
148;Braga;218;Chef;1;13;13;13
148;Braga;248;Pastry Chef;1;28;28;28
148;Braga;313;Sales Assistant;1;27;27;27
148;Braga;471;Tour Guide;1;22;22;22
146;Vila Real;117;Travel guide;1;0;0;0
146;Vila Real;159;Tourist Animator;1;15;15;15
146;Vila Real;218;Chef;1;3;3;3
146;Vila Real;313;Sales Assistant;1;8;8;8
146;Vila Real;476;Wine Tourism Guide;1;0;0;0
146;Vila Real;243;Kitchen Assistant;1;29;29;29
146;Vila Real;634;Bar Manager;1;23;23;23
146;Vila Real;642;Cocktail Bar Manager;1;0;0;0
146;Vila Real;630;Assistant Head Waiter;1;17;17;17
146;Vila Real;631;Assistant Restaurant Manager;1;0;0;0
146;Vila Real;589;Night Receptionist;1;71;71;71
147;Porto;2;Accounting Assistant;1;18;18;18
147;Porto;4;Personal Assistant;1;22;22;22
146;Vila Real;652;Head Waiter;1;13;13;13
146;Vila Real;661;Restaurant Manager;1;24;24;24
146;Vila Real;664;Restaurant Section Head;1;132;132;132
147;Porto;55;Controller;1;5;5;5
147;Porto;62;Finance Specialist;1;16;16;16
147;Porto;75;Head of Administration;1;38;38;38
147;Porto;42;Casino Manager;1;9;9;9
147;Porto;45;Chief Executive Officer (CEO);1;34;34;34
147;Porto;98;Theme Park Manager;1;10;10;10
147;Porto;94;Regional Manager;1;94;94;94
147;Porto;12;Accounts Payable Assistant;1;21;21;21
147;Porto;112;Travel Agency Manager;1;21;21;21
147;Porto;117;Travel guide;1;86;86;86
147;Porto;120;Reservations Manager;1;50;50;50
147;Porto;122;Activities Assistant;1;14;14;14
147;Porto;136;Dance Instructor;1;1;1;1
147;Porto;142;Events Coordinator;1;4;4;4
147;Porto;165;Customer Service Advisor;1;14;14;14
147;Porto;242;Sushiman;1;82;82;82
147;Porto;224;Dietary Chef;1;77;77;77
147;Porto;253;Sommelier Chef;1;9;9;9
147;Porto;180;GEX - Guest Experience Manager;1;11;11;11
147;Porto;181;GEX - Guest Experience Coordinator;1;96;96;96
147;Porto;167;Customer Service Assistant;1;45;45;45
147;Porto;172;Customer Support Assistant;1;65;65;65
147;Porto;199;Customer Service Technician;1;112;112;112
147;Porto;204;Quality Director;1;25;25;25
147;Porto;275;Marketing and Sales Manager;1;50;50;50
147;Porto;291;Sales & MICE Assistant;1;93;93;93
147;Porto;306;Sales Operations Analyst;1;1;1;1
147;Porto;271;Hotel Sales Manager;1;32;32;32
147;Porto;266;Commercial and Marketing Manager;1;15;15;15
147;Porto;323;Buyer;1;13;13;13
147;Porto;327;Inventory Analyst;1;42;42;42
147;Porto;343;Supply and Logistics Manager;1;8;8;8
147;Porto;378;Hotel Management Consultant;1;0;0;0
147;Porto;438;Groups & Events Sales Manager;1;27;27;27
147;Porto;439;Groups and MICE Coordinator;1;0;0;0
147;Porto;461;City Tour Guide;1;22;22;22
147;Porto;474;Tourist Information Guide;1;10;10;10
147;Porto;476;Wine Tourism Guide;1;4;4;4
147;Porto;482;Electrical Maintenance Technician;1;12;12;12
147;Porto;493;Maintenance Officer;1;10;10;10
147;Porto;560;Cleaning Manager;1;16;16;16
147;Porto;497;Building Repairer;1;14;14;14
147;Porto;503;Warehouse Stock Handler;1;7;7;7
147;Porto;516;Digital Marketing Manager;1;25;25;25
147;Porto;534;Marketing Manager;1;59;59;59
147;Porto;545;Social Media Specialist;1;46;46;46
147;Porto;550;Assistant Hotel Manager;1;16;16;16
147;Porto;600;Revenue Agent;1;39;39;39
147;Porto;608;Human Resources Assistant;1;18;18;18
147;Porto;623;Recruitment Specialist;1;57;57;57
147;Porto;577;Concierge;1;12;12;12
147;Porto;565;Laundry Manager;1;8;8;8
147;Porto;642;Cocktail Bar Manager;1;10;10;10
147;Porto;647;Food and Beverage Assistant;1;0;0;0
147;Porto;668;Waiter Assistant;1;18;18;18
147;Porto;654;Ice Cream Shop Attendant;1;15;15;15
475;Alvalade;49;Revenue Manager;1;18;18;18
475;Alvalade;116;Traveler Attention Center Agent;1;51;51;51
475;Alvalade;313;Sales Assistant;1;22;22;22
475;Alvalade;437;Groups & Events Manager;1;37;37;37
475;Alvalade;445;Meetings and Events Project Manager;1;28;28;28
475;Alvalade;669;Waiter;1;88;88;88
498;Moreira;221;Cook;1;2;2;2
529;Distrito da Guarda;80;Hotel Manager;1;20;20;20
529;Distrito da Guarda;221;Cook;1;32;32;32
529;Distrito da Guarda;476;Wine Tourism Guide;1;11;11;11
529;Distrito da Guarda;552;Chambermaid;1;29;29;29
460;Luz;724;Nightwatchman;1;18;18;18
474;Porto District;113;Travel Agent;1;29;29;29
474;Porto District;228;Executive Chef;1;18;18;18
458;Avenidas Novas;678;Beautician;1;15;15;15
458;Avenidas Novas;760;Product Development Manager;1;25;25;25
458;Avenidas Novas;762;Technologist brewing;1;24;24;24
460;Luz;557;Executive Housekeeper;1;18;18;18
420;Santo António;715;Spa Therapist;1;17;17;17
420;Santo António;724;Nightwatchman;1;20;20;20
420;Santo António;494;Maintenance Technician;1;11;11;11
420;Santo António;501;Technical Services Officer;1;12;12;12
420;Santo António;630;Assistant Head Waiter;1;4;4;4
420;Santo António;634;Bar Manager;1;4;4;4
427;Arroios;221;Cook;1;93;93;93
427;Arroios;293;Sales Agent;1;1;1;1
427;Arroios;411;Assistant Events Coordinator;1;21;21;21
427;Arroios;474;Tourist Information Guide;1;28;28;28
427;Arroios;577;Concierge;1;33;33;33
458;Avenidas Novas;657;Bartender;1;12;12;12
427;Arroios;650;Food and Beverage Manager;1;83;83;83
427;Arroios;652;Head Waiter;1;39;39;39
427;Arroios;657;Bartender;1;41;41;41
427;Arroios;669;Waiter;1;1;1;1
445;São Gonçalo de Lagos;396;Sommelier Consultant;1;13;13;13
445;São Gonçalo de Lagos;557;Executive Housekeeper;1;32;32;32
445;São Gonçalo de Lagos;580;Front Office Manager;1;24;24;24
445;São Gonçalo de Lagos;631;Assistant Restaurant Manager;1;16;16;16
445;São Gonçalo de Lagos;634;Bar Manager;1;16;16;16
445;São Gonçalo de Lagos;652;Head Waiter;1;18;18;18
446;Carvalhal;119;Reservation Agent;1;26;26;26
446;Carvalhal;221;Cook;1;23;23;23
446;Carvalhal;561;Housekeeping Staff;1;106;106;106
446;Carvalhal;591;Receptionist;1;27;27;27
446;Carvalhal;669;Waiter;1;28;28;28
447;Santa Marinha;10;Accounts Manager;1;15;15;15
447;Santa Marinha;413;Catering Manager;1;10;10;10
447;Santa Marinha;580;Front Office Manager;1;4;4;4
447;Santa Marinha;587;Night Auditor;1;10;10;10
447;Santa Marinha;657;Bartender;1;15;15;15
447;Santa Marinha;669;Waiter;1;10;10;10
449;Sobrado;243;Kitchen Assistant;1;26;26;26
453;São João da Madeira;243;Kitchen Assistant;1;33;33;33
453;São João da Madeira;552;Chambermaid;1;61;61;61
453;São João da Madeira;591;Receptionist;1;76;76;76
453;São João da Madeira;669;Waiter;1;45;45;45
456;Santa Maria Maior;221;Cook;1;61;61;61
458;Avenidas Novas;67;Financial Assistant;1;58;58;58
458;Avenidas Novas;221;Cook;1;85;85;85
458;Avenidas Novas;282;Partners Specialist;1;19;19;19
458;Avenidas Novas;436;Groups & Events Coordinator;1;32;32;32
458;Avenidas Novas;473;Tourism Agent;1;133;133;133
556;La Massana;686;Esthetician;1;22;22;22
1207;San Julián de Loria;79;Hotel Director;1;39;39;39
1935;Copenhague;580;Front Office Manager;1;7;7;7
1935;Copenhague;676;Baby sitter;1;4;4;4
474;Porto District;483;Electrician;1;0;0;0
474;Porto District;561;Housekeeping Staff;1;13;13;13
121;Quintana Roo;612;Human Resources Director;1;2;2;2
121;Quintana Roo;613;Human Resources Manager;1;6;6;6
121;Quintana Roo;617;Learning and Talent Development Specialist;1;5;5;5
121;Quintana Roo;631;Assistant Restaurant Manager;1;12;12;12
121;Quintana Roo;228;Executive Chef;1;3;3;3
121;Quintana Roo;242;Sushiman;1;2;2;2
121;Quintana Roo;254;Sous Chef;1;5;5;5
121;Quintana Roo;437;Groups & Events Manager;1;12;12;12
121;Quintana Roo;503;Warehouse Stock Handler;1;3;3;3
121;Quintana Roo;522;eCommerce Manager;1;2;2;2
121;Quintana Roo;544;Social Media Manager;1;9;9;9
121;Quintana Roo;550;Assistant Hotel Manager;1;4;4;4
121;Quintana Roo;551;Assistant Executive Housekeeper;1;7;7;7
121;Quintana Roo;565;Laundry Manager;1;0;0;0
121;Quintana Roo;580;Front Office Manager;1;1;1;1
121;Quintana Roo;609;Human Resources Business Partner;1;4;4;4
121;Quintana Roo;665;Sommelier;1;4;4;4
121;Quintana Roo;713;Spa Manager;1;3;3;3
121;Quintana Roo;725;Security Guard;1;2;2;2
122;San Luis Potosí;396;Sommelier Consultant;1;0;0;0
123;Sinaloa;113;Travel Agent;1;5;5;5
121;Quintana Roo;293;Sales Agent;1;38;38;38
121;Quintana Roo;300;Sales Host;1;1;1;1
129;Yucatán;114;Travel Coordinator;1;14;14;14
131;Ciudad de México;1;Accountant;1;11;11;11
131;Ciudad de México;2;Accounting Assistant;1;4;4;4
131;Ciudad de México;8;Accounting Technician;1;24;24;24
131;Ciudad de México;12;Accounts Payable Assistant;1;28;28;28
131;Ciudad de México;23;Administrative;1;57;57;57
113;Estado de México;351;Chef Instructor;1;2;2;2
113;Estado de México;482;Electrical Maintenance Technician;1;6;6;6
113;Estado de México;561;Housekeeping Staff;1;8;8;8
114;Michoacán;113;Travel Agent;1;5;5;5
113;Estado de México;313;Sales Assistant;1;17;17;17
117;Nuevo León;221;Cook;1;6;6;6
117;Nuevo León;293;Sales Agent;1;6;6;6
117;Nuevo León;302;Sales Manager;1;15;15;15
118;Oaxaca;652;Head Waiter;1;7;7;7
119;Puebla;111;Travel Agencies Account Manager;1;2;2;2
119;Puebla;293;Sales Agent;1;11;11;11
120;Querétaro;1;Accountant;1;1;1;1
120;Querétaro;661;Restaurant Manager;1;5;5;5
121;Quintana Roo;1;Accountant;1;8;8;8
121;Quintana Roo;2;Accounting Assistant;1;3;3;3
121;Quintana Roo;12;Accounts Payable Assistant;1;5;5;5
121;Quintana Roo;50;Operations Specialist;1;0;0;0
120;Querétaro;166;Customer Service Agent;1;2;2;2
120;Querétaro;192;Call Center Agent;1;3;3;3
120;Querétaro;534;Marketing Manager;1;6;6;6
121;Quintana Roo;79;Hotel Director;1;14;14;14
120;Querétaro;66;Financial Assets Manager;1;0;0;0
121;Quintana Roo;120;Reservations Manager;1;6;6;6
121;Quintana Roo;127;Animation Manager;1;10;10;10
121;Quintana Roo;141;Entertainment Manager;1;16;16;16
50;Zaragoza;570;Assistant Head of Reception;1;14;14;14
50;Zaragoza;580;Front Office Manager;1;0;0;0
50;Zaragoza;254;Sous Chef;1;44;44;44
50;Zaragoza;286;Rental Sales Consultant;1;6;6;6
50;Zaragoza;481;Electrical Maintenance Crew Chief;1;12;12;12
50;Zaragoza;492;Maintenance Assistant;1;0;0;0
50;Zaragoza;493;Maintenance Officer;1;6;6;6
50;Zaragoza;166;Customer Service Agent;1;49;49;49
50;Zaragoza;168;Customer Service Coordinator;1;0;0;0
50;Zaragoza;206;Quality Specialist;1;8;8;8
50;Zaragoza;8;Accounting Technician;1;0;0;0
50;Zaragoza;228;Executive Chef;1;9;9;9
50;Zaragoza;630;Assistant Head Waiter;1;33;33;33
50;Zaragoza;632;Bakery Attendant;1;8;8;8
50;Zaragoza;652;Head Waiter;1;2;2;2
50;Zaragoza;653;Host/Hostess;1;8;8;8
50;Zaragoza;590;Reception Assistant;1;51;51;51
50;Zaragoza;503;Warehouse Stock Handler;1;7;7;7
50;Zaragoza;504;Painter;1;11;11;11
52;Melilla;345;Supply Department Assistant;1;6;6;6
52;Melilla;370;Health and Wellness Consultant;1;0;0;0
52;Melilla;436;Groups & Events Coordinator;1;10;10;10
52;Melilla;492;Maintenance Assistant;1;11;11;11
52;Melilla;502;Technical Services Specialist;1;5;5;5
50;Zaragoza;593;Human Resources Intern;1;4;4;4
52;Melilla;2;Accounting Assistant;1;16;16;16
52;Melilla;188;Customer Success Assistant;1;3;3;3
112;Jalisco;107;Luxury Travel Advisor;1;4;4;4
112;Jalisco;119;Reservation Agent;1;9;9;9
112;Jalisco;350;Chef Consultant;1;1;1;1
110;Guerrero;218;Chef;1;8;8;8
109;Guanajuato;293;Sales Agent;1;1;1;1
105;Chihuahua;657;Bartender;1;1;1;1
105;Chihuahua;669;Waiter;1;4;4;4
105;Chihuahua;165;Customer Service Advisor;1;0;0;0
105;Chihuahua;726;Watchman;1;1;1;1
105;Chihuahua;745;Software Developer;1;1;1;1
107;Colima;113;Travel Agent;1;7;7;7
109;Guanajuato;42;Casino Manager;1;1;1;1
105;Chihuahua;503;Warehouse Stock Handler;1;2;2;2
105;Chihuahua;560;Cleaning Manager;1;1;1;1
105;Chihuahua;620;Personnel Recruitment Technician;1;1;1;1
105;Chihuahua;254;Sous Chef;1;6;6;6
105;Chihuahua;302;Sales Manager;1;1;1;1
105;Chihuahua;329;Inventory Control Specialist;1;5;5;5
105;Chihuahua;433;Events Security Staff;1;4;4;4
101;Baja California;436;Groups & Events Coordinator;1;1;1;1
101;Baja California;550;Assistant Hotel Manager;1;3;3;3
102;Baja California Sur;316;Store Sales Assistant;1;1;1;1
104;Chiapas;113;Travel Agent;1;9;9;9
105;Chihuahua;42;Casino Manager;1;4;4;4
105;Chihuahua;44;Casino Host;1;2;2;2
100;Aguascalientes;113;Travel Agent;1;15;15;15
132;Lisboa;142;Events Coordinator;1;29;29;29
132;Lisboa;107;Luxury Travel Advisor;1;66;66;66
132;Lisboa;169;Customer Service Director;1;32;32;32
132;Lisboa;171;Customer Service Specialist;1;99;99;99
132;Lisboa;176;Customer Support Specialist;1;21;21;21
132;Lisboa;182;Service Manager;1;24;24;24
132;Lisboa;188;Customer Success Assistant;1;18;18;18
132;Lisboa;179;GEX - Guest Experience Director;1;26;26;26
132;Lisboa;180;GEX - Guest Experience Manager;1;10;10;10
132;Lisboa;199;Customer Service Technician;1;113;113;113
132;Lisboa;204;Quality Director;1;35;35;35
132;Lisboa;206;Quality Specialist;1;24;24;24
132;Lisboa;332;Purchasing Agent;1;24;24;24
132;Lisboa;334;Purchasing Assistant;1;0;0;0
132;Lisboa;335;Purchasing Coordinator;1;18;18;18
132;Lisboa;337;Purchasing Intern;1;12;12;12
132;Lisboa;339;Purchasing Supervisor;1;0;0;0
132;Lisboa;341;Stock Control Technician;1;34;34;34
132;Lisboa;270;Group Sales Manager;1;34;34;34
132;Lisboa;262;Area Sales Manager;1;23;23;23
132;Lisboa;213;Event Chef;1;11;11;11
132;Lisboa;346;Supply Department Manager;1;19;19;19
132;Lisboa;348;Warehouse Supervisor;1;16;16;16
132;Lisboa;354;Culinary Arts Instructor;1;16;16;16
132;Lisboa;358;Food and Beverage Consultant;1;17;17;17
132;Lisboa;275;Marketing and Sales Manager;1;87;87;87
132;Lisboa;438;Groups & Events Sales Manager;1;16;16;16
132;Lisboa;447;MICE Project Manager;1;32;32;32
132;Lisboa;453;Sporting Activities Manager;1;9;9;9
132;Lisboa;461;City Tour Guide;1;26;26;26
132;Lisboa;377;Hospitality Trainer;1;2;2;2
132;Lisboa;386;Portuguese Teacher;1;25;25;25
132;Lisboa;306;Sales Operations Analyst;1;28;28;28
131;Ciudad de México;437;Groups & Events Manager;1;24;24;24
131;Ciudad de México;439;Groups and MICE Coordinator;1;7;7;7
131;Ciudad de México;120;Reservations Manager;1;20;20;20
131;Ciudad de México;171;Customer Service Specialist;1;19;19;19
131;Ciudad de México;313;Sales Assistant;1;21;21;21
131;Ciudad de México;342;Supplier Management Specialist;1;11;11;11
131;Ciudad de México;473;Tourism Agent;1;6;6;6
131;Ciudad de México;493;Maintenance Officer;1;3;3;3
131;Ciudad de México;494;Maintenance Technician;1;7;7;7
131;Ciudad de México;504;Painter;1;1;1;1
131;Ciudad de México;529;Graphic Designer Intern;1;14;14;14
131;Ciudad de México;530;Marketing Assistant;1;4;4;4
131;Ciudad de México;557;Executive Housekeeper;1;22;22;22
131;Ciudad de México;560;Cleaning Manager;1;8;8;8
131;Ciudad de México;561;Housekeeping Staff;1;46;46;46
131;Ciudad de México;584;Hotel Receptionist;1;21;21;21
131;Ciudad de México;221;Cook;1;6;6;6
131;Ciudad de México;243;Kitchen Assistant;1;7;7;7
131;Ciudad de México;273;Key Account Manager;1;13;13;13
131;Ciudad de México;111;Travel Agencies Account Manager;1;18;18;18
131;Ciudad de México;114;Travel Coordinator;1;26;26;26
131;Ciudad de México;50;Operations Specialist;1;29;29;29
131;Ciudad de México;28;Administrative Intern;1;0;0;0
131;Ciudad de México;30;Administrative Technician;1;20;20;20
131;Ciudad de México;47;Chief Operations Officer (COO);1;11;11;11
132;Lisboa;4;Personal Assistant;1;109;109;109
132;Lisboa;6;Accounting Intern;1;15;15;15
132;Lisboa;54;Collector Specialist;1;16;16;16
132;Lisboa;65;Financial Analyst;1;27;27;27
132;Lisboa;67;Financial Assistant;1;16;16;16
132;Lisboa;74;Head of Accounting;1;11;11;11
132;Lisboa;93;Regional Director;1;1;1;1
132;Lisboa;94;Regional Manager;1;39;39;39
132;Lisboa;76;Head of Finance;1;41;41;41
132;Lisboa;78;Hotel Development Director;1;19;19;19
132;Lisboa;32;Amusement Park Staff;1;1;1;1
132;Lisboa;43;Casino Staff;1;2;2;2
132;Lisboa;45;Chief Executive Officer (CEO);1;20;20;20
132;Lisboa;48;Operations Manager;1;178;178;178
132;Lisboa;49;Revenue Manager;1;19;19;19
131;Ciudad de México;653;Host/Hostess;1;7;7;7
131;Ciudad de México;661;Restaurant Manager;1;4;4;4
131;Ciudad de México;669;Waiter;1;3;3;3
131;Ciudad de México;786;Flight Operations Clerk;1;17;17;17
131;Ciudad de México;792;Itinerary Planning Manager;1;10;10;10
137;Faro;493;Maintenance Officer;1;11;11;11
137;Faro;563;Ironing Staff;1;8;8;8
137;Faro;570;Assistant Head of Reception;1;5;5;5
137;Faro;597;Intern in Reception;1;32;32;32
137;Faro;613;Human Resources Manager;1;20;20;20
137;Faro;615;Human Resources Technician;1;16;16;16
137;Faro;628;Assistant Bar Manager;1;2;2;2
137;Faro;315;Store Manager;1;10;10;10
137;Faro;316;Store Sales Assistant;1;14;14;14
137;Faro;345;Supply Department Assistant;1;16;16;16
137;Faro;370;Health and Wellness Consultant;1;12;12;12
137;Faro;424;Event Planner;1;14;14;14
137;Faro;432;Events Sales Executive;1;28;28;28
137;Faro;434;Events Staff;1;20;20;20
137;Faro;471;Tour Guide;1;17;17;17
137;Faro;473;Tourism Agent;1;28;28;28
137;Faro;483;Electrician;1;13;13;13
137;Faro;278;National Sales Executive;1;13;13;13
137;Faro;518;Public Relations Director;1;25;25;25
137;Faro;533;Marketing Intern;1;20;20;20
137;Faro;226;Dishwasher;1;29;29;29
137;Faro;267;Commercial Manager;1;28;28;28
137;Faro;211;Bakery Manager;1;16;16;16
137;Faro;213;Event Chef;1;11;11;11
137;Faro;166;Customer Service Agent;1;10;10;10
137;Faro;114;Travel Coordinator;1;69;69;69
137;Faro;148;MiniClub Animator;1;26;26;26
137;Faro;159;Tourist Animator;1;18;18;18
137;Faro;96;Supply Chain Manager;1;2;2;2
137;Faro;48;Operations Manager;1;26;26;26
137;Faro;61;Finance Manager;1;15;15;15
137;Faro;79;Hotel Director;1;20;20;20
136;Beja;476;Wine Tourism Guide;1;8;8;8
137;Faro;1;Accountant;1;4;4;4
137;Faro;8;Accounting Technician;1;17;17;17
137;Faro;28;Administrative Intern;1;18;18;18
139;Portalegre;591;Receptionist;1;25;25;25
140;Castelo Branco;561;Housekeeping Staff;1;11;11;11
141;Guarda;634;Bar Manager;1;32;32;32
141;Guarda;653;Host/Hostess;1;26;26;26
141;Guarda;669;Waiter;1;41;41;41
141;Guarda;680;Body Treatment Specialist;1;16;16;16
142;Coimbra;45;Chief Executive Officer (CEO);1;40;40;40
142;Coimbra;114;Travel Coordinator;1;19;19;19
138;Évora;248;Pastry Chef;1;8;8;8
138;Évora;254;Sous Chef;1;12;12;12
138;Évora;552;Chambermaid;1;24;24;24
138;Évora;557;Executive Housekeeper;1;20;20;20
138;Évora;572;Bellboy;1;23;23;23
138;Évora;591;Receptionist;1;24;24;24
138;Évora;642;Cocktail Bar Manager;1;11;11;11
138;Évora;653;Host/Hostess;1;22;22;22
137;Faro;640;Cashier;1;21;21;21
137;Faro;665;Sommelier;1;19;19;19
137;Faro;680;Body Treatment Specialist;1;21;21;21
137;Faro;697;Masseur;1;9;9;9
137;Faro;701;Personal Trainer;1;4;4;4
137;Faro;712;Spa Coordinator;1;11;11;11
137;Faro;713;Spa Manager;1;33;33;33
143;Aveiro;630;Assistant Head Waiter;1;16;16;16
143;Aveiro;661;Restaurant Manager;1;9;9;9
139;Portalegre;79;Hotel Director;1;0;0;0
143;Aveiro;557;Executive Housekeeper;1;47;47;47
144;Viseu;580;Front Office Manager;1;32;32;32
145;Bragança;218;Chef;1;18;18;18
145;Bragança;591;Receptionist;1;11;11;11
146;Vila Real;67;Financial Assistant;1;34;34;34
146;Vila Real;79;Hotel Director;1;37;37;37
142;Coimbra;630;Assistant Head Waiter;1;0;0;0
142;Coimbra;634;Bar Manager;1;3;3;3
142;Coimbra;653;Host/Hostess;1;78;78;78
143;Aveiro;176;Customer Support Specialist;1;10;10;10
143;Aveiro;221;Cook;1;19;19;19
143;Aveiro;445;Meetings and Events Project Manager;1;16;16;16
137;Faro;778;Car Driver;1;109;109;109
137;Faro;797;Onboard Activity Coordinator;1;18;18;18
138;Évora;85;Logistics Director;1;3;3;3
142;Coimbra;243;Kitchen Assistant;1;48;48;48
142;Coimbra;251;Pizzaiolo;1;36;36;36
142;Coimbra;262;Area Sales Manager;1;4;4;4
142;Coimbra;473;Tourism Agent;1;16;16;16
135;Setúbal;557;Executive Housekeeper;1;29;29;29
135;Setúbal;590;Reception Assistant;1;21;21;21
135;Setúbal;503;Warehouse Stock Handler;1;9;9;9
135;Setúbal;226;Dishwasher;1;25;25;25
135;Setúbal;228;Executive Chef;1;25;25;25
135;Setúbal;243;Kitchen Assistant;1;1;1;1
135;Setúbal;778;Car Driver;1;27;27;27
135;Setúbal;809;Skipper;1;9;9;9
135;Setúbal;813;Van Driver;1;9;9;9
135;Setúbal;665;Sommelier;1;10;10;10
135;Setúbal;632;Bakery Attendant;1;184;184;184
135;Setúbal;636;Barback;1;3;3;3
135;Setúbal;650;Food and Beverage Manager;1;13;13;13
135;Setúbal;613;Human Resources Manager;1;29;29;29
135;Setúbal;628;Assistant Bar Manager;1;14;14;14
133;Leiria;654;Ice Cream Shop Attendant;1;17;17;17
133;Leiria;668;Waiter Assistant;1;13;13;13
133;Leiria;254;Sous Chef;1;59;59;59
133;Leiria;293;Sales Agent;1;1;1;1
133;Leiria;494;Maintenance Technician;1;26;26;26
133;Leiria;552;Chambermaid;1;13;13;13
133;Leiria;561;Housekeeping Staff;1;30;30;30
132;Lisboa;751;Digital Transformation Manager;1;25;25;25
132;Lisboa;733;IT Helpdesk Analyst;1;43;43;43
132;Lisboa;765;Airport Attendant;1;6;6;6
132;Lisboa;771;Bus Driver;1;10;10;10
132;Lisboa;782;Cruise Staff;1;57;57;57
133;Leiria;78;Hotel Development Director;1;12;12;12
135;Setúbal;313;Sales Assistant;1;7;7;7
135;Setúbal;346;Supply Department Manager;1;0;0;0
135;Setúbal;348;Warehouse Supervisor;1;65;65;65
135;Setúbal;396;Sommelier Consultant;1;9;9;9
135;Setúbal;432;Events Sales Executive;1;27;27;27
135;Setúbal;451;Sound and Lighting Technician;1;11;11;11
135;Setúbal;463;Driver Tour Guide;1;23;23;23
135;Setúbal;23;Administrative;1;47;47;47
135;Setúbal;30;Administrative Technician;1;0;0;0
135;Setúbal;181;GEX - Guest Experience Coordinator;1;11;11;11
134;Santarém;106;Custom Travel Agent;1;31;31;31
134;Santarém;209;Baker Chef;1;43;43;43
134;Santarém;221;Cook;1;21;21;21
134;Santarém;243;Kitchen Assistant;1;23;23;23
134;Santarém;552;Chambermaid;1;26;26;26
132;Lisboa;711;Spa Assistant;1;36;36;36
132;Lisboa;712;Spa Coordinator;1;7;7;7
132;Lisboa;713;Spa Manager;1;0;0;0
132;Lisboa;642;Cocktail Bar Manager;1;36;36;36
132;Lisboa;645;Coffee Shop Manager;1;46;46;46
132;Lisboa;597;Intern in Reception;1;16;16;16
132;Lisboa;603;HR and Talent Director;1;0;0;0
132;Lisboa;608;Human Resources Assistant;1;42;42;42
132;Lisboa;613;Human Resources Manager;1;22;22;22
132;Lisboa;614;Human Resources Specialist;1;0;0;0
132;Lisboa;617;Learning and Talent Development Specialist;1;12;12;12
132;Lisboa;626;Talent Acquisition Manager;1;14;14;14
132;Lisboa;434;Events Staff;1;13;13;13
132;Lisboa;470;Segway or Bicycle Tour Guide;1;19;19;19
132;Lisboa;481;Electrical Maintenance Crew Chief;1;13;13;13
132;Lisboa;508;B2B Marketing Manager;1;146;146;146
132;Lisboa;516;Digital Marketing Manager;1;135;135;135
132;Lisboa;519;Public Relations and Communication Director;1;64;64;64
132;Lisboa;523;eCommerce Specialist;1;18;18;18
132;Lisboa;487;Gardener;1;10;10;10
132;Lisboa;492;Maintenance Assistant;1;28;28;28
132;Lisboa;560;Cleaning Manager;1;68;68;68
132;Lisboa;540;Public Relations Manager;1;35;35;35
132;Lisboa;535;Marketing Specialist;1;31;31;31
132;Lisboa;531;Marketing Consultant;1;35;35;35
132;Lisboa;502;Technical Services Specialist;1;17;17;17
45;Toledo;636;Barback;1;11;11;11
46;Valencia;2;Accounting Assistant;1;19;19;19
46;Valencia;7;Accounting Manager;1;8;8;8
45;Toledo;243;Kitchen Assistant;1;45;45;45
45;Toledo;471;Tour Guide;1;11;11;11
45;Toledo;552;Chambermaid;1;49;49;49
44;Teruel;254;Sous Chef;1;27;27;27
44;Teruel;494;Maintenance Technician;1;6;6;6
44;Teruel;200;Customer Support Technician;1;6;6;6
44;Teruel;218;Chef;1;2;2;2
43;Tarragona;712;Spa Coordinator;1;35;35;35
43;Tarragona;713;Spa Manager;1;0;0;0
43;Tarragona;736;Chief Technology Officer (CTO);1;14;14;14
43;Tarragona;761;Technical Services Assistant;1;9;9;9
43;Tarragona;813;Van Driver;1;43;43;43
44;Teruel;23;Administrative;1;6;6;6
44;Teruel;630;Assistant Head Waiter;1;9;9;9
44;Teruel;636;Barback;1;2;2;2
44;Teruel;652;Head Waiter;1;17;17;17
44;Teruel;668;Waiter Assistant;1;3;3;3
45;Toledo;47;Chief Operations Officer (COO);1;24;24;24
45;Toledo;80;Hotel Manager;1;0;0;0
45;Toledo;119;Reservation Agent;1;33;33;33
46;Valencia;228;Executive Chef;1;21;21;21
46;Valencia;207;Quality Technician;1;24;24;24
46;Valencia;220;Commis Chef;1;16;16;16
46;Valencia;117;Travel guide;1;35;35;35
46;Valencia;119;Reservation Agent;1;76;76;76
46;Valencia;201;Head of Quality;1;37;37;37
46;Valencia;72;Franchise Supervisor;1;0;0;0
46;Valencia;29;Administrative Manager;1;0;0;0
46;Valencia;43;Casino Staff;1;15;15;15
46;Valencia;45;Chief Executive Officer (CEO);1;53;53;53
46;Valencia;80;Hotel Manager;1;22;22;22
46;Valencia;83;Industrial Relations Manager;1;2;2;2
46;Valencia;88;Office Manager;1;0;0;0
46;Valencia;165;Customer Service Advisor;1;0;0;0
46;Valencia;166;Customer Service Agent;1;0;0;0
46;Valencia;170;Customer Service Manager;1;0;0;0
46;Valencia;171;Customer Service Specialist;1;0;0;0
46;Valencia;177;GEX - Guest Experience Assistant;1;48;48;48
46;Valencia;180;GEX - Guest Experience Manager;1;57;57;57
46;Valencia;181;GEX - Guest Experience Coordinator;1;2;2;2
43;Tarragona;616;Labor Administrative;1;90;90;90
43;Tarragona;657;Bartender;1;47;47;47
43;Tarragona;664;Restaurant Section Head;1;44;44;44
43;Tarragona;647;Food and Beverage Assistant;1;81;81;81
43;Tarragona;650;Food and Beverage Manager;1;25;25;25
43;Tarragona;291;Sales & MICE Assistant;1;2;2;2
43;Tarragona;315;Store Manager;1;26;26;26
43;Tarragona;482;Electrical Maintenance Technician;1;10;10;10
43;Tarragona;376;Hospitality Consultant;1;17;17;17
43;Tarragona;565;Laundry Manager;1;45;45;45
43;Tarragona;572;Bellboy;1;52;52;52
43;Tarragona;498;Swimming Pool Maintenance;1;32;32;32
43;Tarragona;503;Warehouse Stock Handler;1;70;70;70
43;Tarragona;493;Maintenance Officer;1;22;22;22
42;Soria;664;Restaurant Section Head;1;4;4;4
42;Soria;669;Waiter;1;7;7;7
43;Tarragona;7;Accounting Manager;1;0;0;0
43;Tarragona;8;Accounting Technician;1;12;12;12
43;Tarragona;89;Valet Parking;1;60;60;60
43;Tarragona;26;Administrative Assistant;1;28;28;28
43;Tarragona;46;Chief Financial Officer (CFO);1;24;24;24
43;Tarragona;48;Operations Manager;1;89;89;89
43;Tarragona;71;Franchise Manager;1;0;0;0
43;Tarragona;277;MICE Sales Manager;1;0;0;0
43;Tarragona;248;Pastry Chef;1;56;56;56
43;Tarragona;192;Call Center Agent;1;0;0;0
43;Tarragona;210;Assistant Baker;1;73;73;73
43;Tarragona;169;Customer Service Director;1;0;0;0
43;Tarragona;177;GEX - Guest Experience Assistant;1;28;28;28
43;Tarragona;163;Fitness Animator;1;42;42;42
43;Tarragona;125;Animation Assistant;1;41;41;41
43;Tarragona;127;Animation Manager;1;54;54;54
43;Tarragona;143;Events Manager;1;73;73;73
46;Valencia;631;Assistant Restaurant Manager;1;41;41;41
46;Valencia;637;Barista;1;13;13;13
46;Valencia;610;Human Resources Consultant;1;16;16;16
46;Valencia;611;Human Resources Coordinator;1;19;19;19
46;Valencia;624;Talent Acquisition Assistant;1;78;78;78
46;Valencia;628;Assistant Bar Manager;1;41;41;41
46;Valencia;577;Concierge;1;34;34;34
46;Valencia;593;Human Resources Intern;1;4;4;4
46;Valencia;595;Recruitment Manager;1;9;9;9
47;Valladolid;23;Administrative;1;0;0;0
47;Valladolid;7;Accounting Manager;1;0;0;0
46;Valencia;713;Spa Manager;1;42;42;42
46;Valencia;760;Product Development Manager;1;33;33;33
46;Valencia;773;Cabin Crew;1;0;0;0
46;Valencia;798;Onboard Casino Host;1;29;29;29
46;Valencia;814;Delivery;1;0;0;0
46;Valencia;664;Restaurant Section Head;1;18;18;18
46;Valencia;439;Groups and MICE Coordinator;1;32;32;32
46;Valencia;452;Sport Center Manager;1;0;0;0
46;Valencia;453;Sporting Activities Manager;1;3;3;3
46;Valencia;267;Commercial Manager;1;8;8;8
46;Valencia;270;Group Sales Manager;1;64;64;64
46;Valencia;274;Marketing and Sales Director;1;43;43;43
46;Valencia;302;Sales Manager;1;69;69;69
46;Valencia;314;Salesperson Call Center;1;8;8;8
46;Valencia;316;Store Sales Assistant;1;307;307;307
46;Valencia;376;Hospitality Consultant;1;87;87;87
46;Valencia;378;Hotel Management Consultant;1;30;30;30
46;Valencia;538;Public Relations Assistant;1;1;1;1
46;Valencia;495;Mason;1;2;2;2
46;Valencia;502;Technical Services Specialist;1;17;17;17
46;Valencia;473;Tourism Agent;1;101;101;101
46;Valencia;479;Window Cleaner;1;16;16;16
46;Valencia;481;Electrical Maintenance Crew Chief;1;10;10;10
46;Valencia;482;Electrical Maintenance Technician;1;4;4;4
46;Valencia;485;Facilities Assistant;1;44;44;44
46;Valencia;493;Maintenance Officer;1;25;25;25
48;Vizcaya;57;Controller Assistant;1;0;0;0
48;Vizcaya;75;Head of Administration;1;17;17;17
47;Valladolid;715;Spa Therapist;1;28;28;28
47;Valladolid;761;Technical Services Assistant;1;10;10;10
48;Vizcaya;6;Accounting Intern;1;0;0;0
48;Vizcaya;119;Reservation Agent;1;107;107;107
48;Vizcaya;170;Customer Service Manager;1;0;0;0
48;Vizcaya;182;Service Manager;1;0;0;0
48;Vizcaya;213;Event Chef;1;57;57;57
47;Valladolid;561;Housekeeping Staff;1;28;28;28
47;Valladolid;580;Front Office Manager;1;7;7;7
47;Valladolid;630;Assistant Head Waiter;1;26;26;26
47;Valladolid;647;Food and Beverage Assistant;1;28;28;28
47;Valladolid;652;Head Waiter;1;6;6;6
47;Valladolid;665;Sommelier;1;4;4;4
47;Valladolid;94;Regional Manager;1;16;16;16
47;Valladolid;183;Service Specialist;1;10;10;10
47;Valladolid;218;Chef;1;15;15;15
47;Valladolid;55;Controller;1;28;28;28
47;Valladolid;243;Kitchen Assistant;1;38;38;38
50;Zaragoza;46;Chief Financial Officer (CFO);1;0;0;0
50;Zaragoza;59;Business Development Director;1;4;4;4
50;Zaragoza;94;Regional Manager;1;31;31;31
49;Zamora;494;Maintenance Technician;1;8;8;8
49;Zamora;561;Housekeeping Staff;1;0;0;0
48;Vizcaya;665;Sommelier;1;16;16;16
48;Vizcaya;657;Bartender;1;48;48;48
48;Vizcaya;603;HR and Talent Director;1;3;3;3
48;Vizcaya;610;Human Resources Consultant;1;5;5;5
48;Vizcaya;628;Assistant Bar Manager;1;50;50;50
48;Vizcaya;630;Assistant Head Waiter;1;4;4;4
48;Vizcaya;570;Assistant Head of Reception;1;49;49;49
48;Vizcaya;590;Reception Assistant;1;34;34;34
48;Vizcaya;439;Groups and MICE Coordinator;1;0;0;0
48;Vizcaya;270;Group Sales Manager;1;6;6;6
48;Vizcaya;434;Events Staff;1;0;0;0
48;Vizcaya;228;Executive Chef;1;43;43;43
48;Vizcaya;244;Meat Cutter;1;33;33;33
39;Cantabria;443;Maitre in Charge of Room and Events;1;0;0;0
39;Cantabria;462;Cultural Tour Guide;1;32;32;32
39;Cantabria;471;Tour Guide;1;19;19;19
39;Cantabria;483;Electrician;1;3;3;3
39;Cantabria;166;Customer Service Agent;1;29;29;29
38;Santa Cruz de Tenerife;712;Spa Coordinator;1;0;0;0
39;Cantabria;76;Head of Finance;1;0;0;0
39;Cantabria;88;Office Manager;1;0;0;0
39;Cantabria;94;Regional Manager;1;12;12;12
39;Cantabria;113;Travel Agent;1;0;0;0
39;Cantabria;142;Events Coordinator;1;22;22;22
38;Santa Cruz de Tenerife;804;Ship Captain;1;7;7;7
38;Santa Cruz de Tenerife;809;Skipper;1;13;13;13
39;Cantabria;6;Accounting Intern;1;0;0;0
38;Santa Cruz de Tenerife;715;Spa Therapist;1;47;47;47
38;Santa Cruz de Tenerife;718;Wellness Advisor;1;19;19;19
38;Santa Cruz de Tenerife;692;Lifesaver;1;28;28;28
38;Santa Cruz de Tenerife;696;Massage Therapist;1;53;53;53
38;Santa Cruz de Tenerife;707;Sauna Assistant;1;0;0;0
38;Santa Cruz de Tenerife;657;Bartender;1;28;28;28
38;Santa Cruz de Tenerife;675;Make-up Artist;1;55;55;55
38;Santa Cruz de Tenerife;676;Baby sitter;1;21;21;21
38;Santa Cruz de Tenerife;679;Beauty Consultant;1;6;6;6
38;Santa Cruz de Tenerife;687;First aid attendant;1;16;16;16
40;Segovia;166;Customer Service Agent;1;0;0;0
40;Segovia;168;Customer Service Coordinator;1;0;0;0
40;Segovia;221;Cook;1;19;19;19
40;Segovia;243;Kitchen Assistant;1;26;26;26
40;Segovia;316;Store Sales Assistant;1;4;4;4
40;Segovia;482;Electrical Maintenance Technician;1;9;9;9
40;Segovia;494;Maintenance Technician;1;6;6;6
40;Segovia;557;Executive Housekeeper;1;16;16;16
40;Segovia;113;Travel Agent;1;24;24;24
40;Segovia;591;Receptionist;1;32;32;32
39;Cantabria;560;Cleaning Manager;1;14;14;14
39;Cantabria;584;Hotel Receptionist;1;58;58;58
39;Cantabria;589;Night Receptionist;1;43;43;43
39;Cantabria;591;Receptionist;1;75;75;75
39;Cantabria;668;Waiter Assistant;1;11;11;11
41;Sevilla;23;Administrative;1;69;69;69
41;Sevilla;28;Administrative Intern;1;2;2;2
41;Sevilla;47;Chief Operations Officer (COO);1;43;43;43
41;Sevilla;48;Operations Manager;1;45;45;45
40;Segovia;778;Car Driver;1;16;16;16
40;Segovia;796;Rider;1;14;14;14
41;Sevilla;2;Accounting Assistant;1;38;38;38
41;Sevilla;4;Personal Assistant;1;45;45;45
41;Sevilla;165;Customer Service Advisor;1;0;0;0
41;Sevilla;105;Business Travel Agent;1;13;13;13
41;Sevilla;113;Travel Agent;1;112;112;112
41;Sevilla;275;Marketing and Sales Manager;1;73;73;73
41;Sevilla;293;Sales Agent;1;7;7;7
41;Sevilla;345;Supply Department Assistant;1;28;28;28
41;Sevilla;461;City Tour Guide;1;0;0;0
41;Sevilla;471;Tour Guide;1;18;18;18
41;Sevilla;489;Maintenance Manager;1;59;59;59
41;Sevilla;376;Hospitality Consultant;1;6;6;6
41;Sevilla;415;Conference & Events Trainee;1;7;7;7
41;Sevilla;192;Call Center Agent;1;1;1;1
41;Sevilla;198;Call Center Technician;1;4;4;4
41;Sevilla;201;Head of Quality;1;24;24;24
41;Sevilla;210;Assistant Baker;1;45;45;45
41;Sevilla;168;Customer Service Coordinator;1;0;0;0
41;Sevilla;171;Customer Service Specialist;1;0;0;0
41;Sevilla;177;GEX - Guest Experience Assistant;1;75;75;75
41;Sevilla;242;Sushiman;1;31;31;31
41;Sevilla;267;Commercial Manager;1;27;27;27
41;Sevilla;270;Group Sales Manager;1;24;24;24
41;Sevilla;248;Pastry Chef;1;47;47;47
41;Sevilla;533;Marketing Intern;1;31;31;31
41;Sevilla;608;Human Resources Assistant;1;32;32;32
41;Sevilla;622;Recruitment Consultant;1;12;12;12
41;Sevilla;657;Bartender;1;15;15;15
41;Sevilla;715;Spa Therapist;1;14;14;14
41;Sevilla;716;Hair Stylist;1;0;0;0
41;Sevilla;745;Software Developer;1;4;4;4
38;Santa Cruz de Tenerife;610;Human Resources Consultant;1;2;2;2
38;Santa Cruz de Tenerife;620;Personnel Recruitment Technician;1;3;3;3
38;Santa Cruz de Tenerife;596;Recruitment Technician;1;3;3;3
38;Santa Cruz de Tenerife;632;Bakery Attendant;1;17;17;17
38;Santa Cruz de Tenerife;634;Bar Manager;1;19;19;19
38;Santa Cruz de Tenerife;534;Marketing Manager;1;30;30;30
38;Santa Cruz de Tenerife;530;Marketing Assistant;1;16;16;16
38;Santa Cruz de Tenerife;545;Social Media Specialist;1;20;20;20
38;Santa Cruz de Tenerife;481;Electrical Maintenance Crew Chief;1;16;16;16
38;Santa Cruz de Tenerife;396;Sommelier Consultant;1;9;9;9
38;Santa Cruz de Tenerife;438;Groups & Events Sales Manager;1;30;30;30
38;Santa Cruz de Tenerife;335;Purchasing Coordinator;1;9;9;9
38;Santa Cruz de Tenerife;337;Purchasing Intern;1;16;16;16
38;Santa Cruz de Tenerife;346;Supply Department Manager;1;1;1;1
38;Santa Cruz de Tenerife;347;Warehouse Management Technician;1;28;28;28
38;Santa Cruz de Tenerife;377;Hospitality Trainer;1;8;8;8
38;Santa Cruz de Tenerife;380;Sports Instructor;1;35;35;35
38;Santa Cruz de Tenerife;316;Store Sales Assistant;1;8;8;8
38;Santa Cruz de Tenerife;324;Food Cost Analyst;1;11;11;11
38;Santa Cruz de Tenerife;282;Partners Specialist;1;17;17;17
38;Santa Cruz de Tenerife;283;Regional Sales Executive;1;9;9;9
38;Santa Cruz de Tenerife;314;Salesperson Call Center;1;22;22;22
38;Santa Cruz de Tenerife;490;Air Conditioning Maintenance Technician;1;17;17;17
38;Santa Cruz de Tenerife;488;Gardening Assistant;1;24;24;24
38;Santa Cruz de Tenerife;502;Technical Services Specialist;1;6;6;6
38;Santa Cruz de Tenerife;503;Warehouse Stock Handler;1;29;29;29
38;Santa Cruz de Tenerife;516;Digital Marketing Manager;1;20;20;20
38;Santa Cruz de Tenerife;495;Mason;1;3;3;3
38;Santa Cruz de Tenerife;497;Building Repairer;1;11;11;11
38;Santa Cruz de Tenerife;135;Dance Animator;1;3;3;3
38;Santa Cruz de Tenerife;139;DJ;1;5;5;5
38;Santa Cruz de Tenerife;120;Reservations Manager;1;35;35;35
38;Santa Cruz de Tenerife;117;Travel guide;1;29;29;29
38;Santa Cruz de Tenerife;88;Office Manager;1;0;0;0
38;Santa Cruz de Tenerife;92;Recreation Manager;1;0;0;0
38;Santa Cruz de Tenerife;99;Theme Park Staff;1;8;8;8
38;Santa Cruz de Tenerife;101;Business Intelligence Manager;1;12;12;12
38;Santa Cruz de Tenerife;104;Data Analytics Specialist;1;16;16;16
38;Santa Cruz de Tenerife;112;Travel Agency Manager;1;19;19;19
38;Santa Cruz de Tenerife;30;Administrative Technician;1;10;10;10
38;Santa Cruz de Tenerife;18;Accounts Receivable Executive;1;11;11;11
38;Santa Cruz de Tenerife;70;Franchise Director;1;36;36;36
38;Santa Cruz de Tenerife;75;Head of Administration;1;21;21;21
38;Santa Cruz de Tenerife;48;Operations Manager;1;12;12;12
38;Santa Cruz de Tenerife;55;Controller;1;45;45;45
38;Santa Cruz de Tenerife;59;Business Development Director;1;16;16;16
38;Santa Cruz de Tenerife;170;Customer Service Manager;1;30;30;30
38;Santa Cruz de Tenerife;171;Customer Service Specialist;1;16;16;16
38;Santa Cruz de Tenerife;179;GEX - Guest Experience Director;1;51;51;51
38;Santa Cruz de Tenerife;183;Service Specialist;1;16;16;16
38;Santa Cruz de Tenerife;210;Assistant Baker;1;22;22;22
38;Santa Cruz de Tenerife;213;Event Chef;1;35;35;35
38;Santa Cruz de Tenerife;192;Call Center Agent;1;29;29;29
38;Santa Cruz de Tenerife;198;Call Center Technician;1;12;12;12
38;Santa Cruz de Tenerife;250;Pastry Shop Manager;1;15;15;15
38;Santa Cruz de Tenerife;267;Commercial Manager;1;15;15;15
38;Santa Cruz de Tenerife;270;Group Sales Manager;1;12;12;12
38;Santa Cruz de Tenerife;274;Marketing and Sales Director;1;26;26;26
