IDCity;CityName;IDRegion;RegionName;TitleId;JobTitleName;N;TotalApplications;Mean;P50
882;Barcelona;8;Barcelona;669;Waiter;307;28291;92;84
882;Barcelona;8;Barcelona;591;Receptionist;299;43117;144;153
4359;Madrid;28;Madrid;669;Waiter;210;18172;87;68
882;Barcelona;8;Barcelona;221;Cook;207;16184;78;80
4359;Madrid;28;Madrid;591;Receptionist;190;35855;189;170
4359;Madrid;28;Madrid;221;Cook;146;9569;66;55
882;Barcelona;8;Barcelona;552;Chambermaid;109;11455;105;103
882;Barcelona;8;Barcelona;584;Hotel Receptionist;100;11292;113;96
11470;Lisboa;132;Lisboa;591;Receptionist;97;9824;101;100
11470;Lisboa;132;Lisboa;669;Waiter;84;8041;96;90
882;Barcelona;8;Barcelona;494;Maintenance Technician;84;3393;40;39
882;Barcelona;8;Barcelona;243;Kitchen Assistant;82;10070;123;114
4359;Madrid;28;Madrid;243;Kitchen Assistant;81;6654;82;78
32641;Oporto;147;Porto;669;Waiter;78;5938;76;65
882;Barcelona;8;Barcelona;561;Housekeeping Staff;77;12427;161;147
4359;Madrid;28;Madrid;584;Hotel Receptionist;76;8532;112;74
4359;Madrid;28;Madrid;668;Waiter Assistant;75;6597;88;79
4359;Madrid;28;Madrid;572;Bellboy;74;4769;64;65
882;Barcelona;8;Barcelona;668;Waiter Assistant;74;7267;98;99
11470;Lisboa;132;Lisboa;584;Hotel Receptionist;73;5979;82;57
29812;València;46;Valencia;591;Receptionist;68;13322;196;148
5697;Adeje;38;Santa Cruz de Tenerife;552;Chambermaid;67;1653;25;19
32641;Oporto;147;Porto;221;Cook;66;3227;49;39
5697;Adeje;38;Santa Cruz de Tenerife;668;Waiter Assistant;65;915;14;7
837;Palma de Mallorca;7;Islas Baleares;669;Waiter;65;10314;159;143
882;Barcelona;8;Barcelona;572;Bellboy;63;3398;54;57
4359;Madrid;28;Madrid;552;Chambermaid;63;8687;138;123
4359;Madrid;28;Madrid;590;Reception Assistant;63;7464;118;84
4359;Madrid;28;Madrid;494;Maintenance Technician;60;1721;29;22
4526;Málaga;29;Málaga;669;Waiter;59;4544;77;60
6155;Sevilla;41;Sevilla;669;Waiter;59;4874;83;64
837;Palma de Mallorca;7;Islas Baleares;221;Cook;58;4194;72;62
29812;València;46;Valencia;221;Cook;56;3540;63;57
29812;València;46;Valencia;669;Waiter;55;5401;98;94
32641;Oporto;147;Porto;591;Receptionist;55;6504;118;114
11470;Lisboa;132;Lisboa;221;Cook;54;4241;79;70
882;Barcelona;8;Barcelona;226;Dishwasher;51;4481;88;80
4526;Málaga;29;Málaga;552;Chambermaid;49;4361;89;63
4359;Madrid;28;Madrid;561;Housekeeping Staff;48;5005;104;95
882;Barcelona;8;Barcelona;589;Night Receptionist;45;3351;74;62
837;Palma de Mallorca;7;Islas Baleares;591;Receptionist;44;6120;139;111
4359;Madrid;28;Madrid;257;Chef de Partie;44;1623;37;31
11470;Lisboa;132;Lisboa;494;Maintenance Technician;44;1098;25;24
882;Barcelona;8;Barcelona;124;Actor;43;0;0;0
4528;Marbella;29;Málaga;221;Cook;42;1424;34;28
882;Barcelona;8;Barcelona;587;Night Auditor;41;1743;43;39
6155;Sevilla;41;Sevilla;221;Cook;39;2835;73;62
837;Palma de Mallorca;7;Islas Baleares;552;Chambermaid;38;5940;156;126
815;Ibiza;7;Islas Baleares;221;Cook;38;1781;47;29
168;Benidorm;3;Alicante;669;Waiter;36;1837;51;37
837;Palma de Mallorca;7;Islas Baleares;257;Chef de Partie;36;1722;48;40
882;Barcelona;8;Barcelona;119;Reservation Agent;36;2647;74;60
882;Barcelona;8;Barcelona;551;Assistant Executive Housekeeper;36;1490;41;36
882;Barcelona;8;Barcelona;657;Bartender;36;2395;67;69
882;Barcelona;8;Barcelona;580;Front Office Manager;35;1938;55;54
5697;Adeje;38;Santa Cruz de Tenerife;243;Kitchen Assistant;33;553;17;17
4526;Málaga;29;Málaga;221;Cook;33;1556;47;37
30153;San Jorge de ses Salines;7;Islas Baleares;561;Housekeeping Staff;33;405;12;6
29812;València;46;Valencia;122;Activities Assistant;32;1;0;0
29812;València;46;Valencia;494;Maintenance Technician;32;930;29;27
11470;Lisboa;132;Lisboa;587;Night Auditor;32;1331;42;35
4526;Málaga;29;Málaga;591;Receptionist;32;5361;168;160
4528;Marbella;29;Málaga;669;Waiter;32;1550;48;31
6155;Sevilla;41;Sevilla;591;Receptionist;32;5581;174;127
882;Barcelona;8;Barcelona;597;Intern in Reception;32;691;22;23
837;Palma de Mallorca;7;Islas Baleares;494;Maintenance Technician;32;1110;35;31
4359;Madrid;28;Madrid;301;Sales Intern;31;451;15;14
4528;Marbella;29;Málaga;552;Chambermaid;30;2131;71;44
168;Benidorm;3;Alicante;552;Chambermaid;30;1863;62;39
882;Barcelona;8;Barcelona;590;Reception Assistant;30;1417;47;30
11470;Lisboa;132;Lisboa;657;Bartender;30;1862;62;38
882;Barcelona;8;Barcelona;593;Human Resources Intern;29;313;11;8
5735;Santa Cruz de Tenerife;38;Santa Cruz de Tenerife;669;Waiter;29;1112;38;35
6155;Sevilla;41;Sevilla;552;Chambermaid;28;3637;130;101
4359;Madrid;28;Madrid;119;Reservation Agent;28;1867;67;40
29812;València;46;Valencia;552;Chambermaid;28;4162;149;143
5697;Adeje;38;Santa Cruz de Tenerife;221;Cook;27;264;10;9
882;Barcelona;8;Barcelona;218;Chef;27;1508;56;58
837;Palma de Mallorca;7;Islas Baleares;652;Head Waiter;26;1489;57;58
168;Benidorm;3;Alicante;668;Waiter Assistant;26;1253;48;41
797;Alcúdia;7;Islas Baleares;552;Chambermaid;26;1190;46;35
5697;Adeje;38;Santa Cruz de Tenerife;494;Maintenance Technician;26;388;15;13
4359;Madrid;28;Madrid;113;Travel Agent;26;1836;71;67
4528;Marbella;29;Málaga;591;Receptionist;26;2371;91;73
4359;Madrid;28;Madrid;657;Bartender;25;1286;51;46
5697;Adeje;38;Santa Cruz de Tenerife;177;GEX - Guest Experience Assistant;25;790;32;28
815;Ibiza;7;Islas Baleares;552;Chambermaid;25;2389;96;49
882;Barcelona;8;Barcelona;653;Host/Hostess;25;1835;73;66
29681;Canillo;322;Canillo;652;Head Waiter;25;690;28;24
29810;Ciudad de México;131;Ciudad de México;113;Travel Agent;25;615;25;21
882;Barcelona;8;Barcelona;652;Head Waiter;24;1154;48;49
882;Barcelona;8;Barcelona;493;Maintenance Officer;24;567;24;21
882;Barcelona;8;Barcelona;257;Chef de Partie;24;1145;48;49
5735;Santa Cruz de Tenerife;38;Santa Cruz de Tenerife;552;Chambermaid;24;1257;52;39
7492;Bilbao;48;Vizcaya;591;Receptionist;24;1693;71;81
4359;Madrid;28;Madrid;652;Head Waiter;24;737;31;28
4359;Madrid;28;Madrid;589;Night Receptionist;24;2212;92;92
4359;Madrid;28;Madrid;489;Maintenance Manager;24;734;31;22
4359;Madrid;28;Madrid;661;Restaurant Manager;23;533;23;24
4528;Marbella;29;Málaga;668;Waiter Assistant;23;687;30;23
882;Barcelona;8;Barcelona;113;Travel Agent;23;1992;87;77
815;Ibiza;7;Islas Baleares;669;Waiter;23;2247;98;61
29690;Costa Adeje;38;Santa Cruz de Tenerife;243;Kitchen Assistant;23;605;26;21
11470;Lisboa;132;Lisboa;653;Host/Hostess;23;1996;87;49
11470;Lisboa;132;Lisboa;80;Hotel Manager;23;1135;49;38
32641;Oporto;147;Porto;652;Head Waiter;22;716;33;23
815;Ibiza;7;Islas Baleares;668;Waiter Assistant;22;1689;77;59
815;Ibiza;7;Islas Baleares;494;Maintenance Technician;22;865;39;30
815;Ibiza;7;Islas Baleares;257;Chef de Partie;22;490;22;14
168;Benidorm;3;Alicante;591;Receptionist;22;2376;108;89
152;Alicante/Alacant;3;Alicante;669;Waiter;22;1662;76;44
4359;Madrid;28;Madrid;551;Assistant Executive Housekeeper;22;1042;47;43
4359;Madrid;28;Madrid;226;Dishwasher;22;1528;69;71
6155;Sevilla;41;Sevilla;243;Kitchen Assistant;22;1745;79;77
5266;Tías;35;Las Palmas;552;Chambermaid;22;426;19;17
5272;Yaiza;35;Las Palmas;177;GEX - Guest Experience Assistant;22;471;21;18
152;Alicante/Alacant;3;Alicante;591;Receptionist;21;2575;123;66
815;Ibiza;7;Islas Baleares;243;Kitchen Assistant;21;1147;55;46
882;Barcelona;8;Barcelona;1;Accountant;21;98;5;1
2199;Santiago de Compostela;15;A Coruña;221;Cook;21;302;14;12
32641;Oporto;147;Porto;561;Housekeeping Staff;21;1411;67;67
11470;Lisboa;132;Lisboa;166;Customer Service Agent;21;375;18;16
11470;Lisboa;132;Lisboa;580;Front Office Manager;20;704;35;33
29717;Las Palmas de Gran Canaria;35;Las Palmas;669;Waiter;20;1267;63;61
882;Barcelona;8;Barcelona;301;Sales Intern;20;281;14;13
882;Barcelona;8;Barcelona;577;Concierge;20;1855;93;78
882;Barcelona;8;Barcelona;630;Assistant Head Waiter;20;562;28;23
152;Alicante/Alacant;3;Alicante;584;Hotel Receptionist;20;2817;141;124
5735;Santa Cruz de Tenerife;38;Santa Cruz de Tenerife;668;Waiter Assistant;20;422;21;22
7492;Bilbao;48;Vizcaya;669;Waiter;20;1333;67;66
4359;Madrid;28;Madrid;580;Front Office Manager;20;1464;73;59
4528;Marbella;29;Málaga;243;Kitchen Assistant;20;719;36;25
4359;Madrid;28;Madrid;493;Maintenance Officer;19;349;18;16
4359;Madrid;28;Madrid;293;Sales Agent;19;1068;56;38
5735;Santa Cruz de Tenerife;38;Santa Cruz de Tenerife;221;Cook;19;659;35;31
152;Alicante/Alacant;3;Alicante;221;Cook;19;992;52;50
815;Ibiza;7;Islas Baleares;591;Receptionist;19;2277;120;105
837;Palma de Mallorca;7;Islas Baleares;243;Kitchen Assistant;19;2753;145;153
882;Barcelona;8;Barcelona;492;Maintenance Assistant;19;724;38;40
882;Barcelona;8;Barcelona;661;Restaurant Manager;19;823;43;29
2749;Granada;18;Granada;221;Cook;19;872;46;40
29717;Las Palmas de Gran Canaria;35;Las Palmas;552;Chambermaid;19;1042;55;39
11470;Lisboa;132;Lisboa;561;Housekeeping Staff;19;3825;201;163
29812;València;46;Valencia;572;Bellboy;19;1254;66;60
29815;Calviá;7;Islas Baleares;221;Cook;19;715;38;27
32641;Oporto;147;Porto;552;Chambermaid;19;1081;57;43
32641;Oporto;147;Porto;657;Bartender;19;523;28;24
882;Barcelona;8;Barcelona;489;Maintenance Manager;18;551;31;29
882;Barcelona;8;Barcelona;293;Sales Agent;18;781;43;33
837;Palma de Mallorca;7;Islas Baleares;668;Waiter Assistant;18;1546;86;87
168;Benidorm;3;Alicante;221;Cook;18;554;31;26
5266;Tías;35;Las Palmas;243;Kitchen Assistant;18;279;16;16
5266;Tías;35;Las Palmas;630;Assistant Head Waiter;18;269;15;10
5272;Yaiza;35;Las Palmas;552;Chambermaid;18;461;26;25
6155;Sevilla;41;Sevilla;584;Hotel Receptionist;18;2048;114;98
4359;Madrid;28;Madrid;492;Maintenance Assistant;17;541;32;16
4359;Madrid;28;Madrid;587;Night Auditor;17;1244;73;57
4359;Madrid;28;Madrid;653;Host/Hostess;17;1298;76;47
882;Barcelona;8;Barcelona;6;Accounting Intern;17;70;4;0
827;Llucmajor;7;Islas Baleares;552;Chambermaid;17;359;21;19
882;Barcelona;8;Barcelona;557;Executive Housekeeper;17;596;35;33
2749;Granada;18;Granada;552;Chambermaid;17;1585;93;70
32641;Oporto;147;Porto;572;Bellboy;17;468;28;17
32641;Oporto;147;Porto;584;Hotel Receptionist;17;1363;80;58
32641;Oporto;147;Porto;218;Chef;17;395;23;24
32641;Oporto;147;Porto;80;Hotel Manager;17;793;47;28
29851;L'Hospitalet de Llobregat;8;Barcelona;591;Receptionist;17;1926;113;97
29717;Las Palmas de Gran Canaria;35;Las Palmas;221;Cook;17;578;34;33
29690;Costa Adeje;38;Santa Cruz de Tenerife;552;Chambermaid;16;558;35;30
11470;Lisboa;132;Lisboa;218;Chef;16;924;58;36
11470;Lisboa;132;Lisboa;489;Maintenance Manager;16;293;18;16
11470;Lisboa;132;Lisboa;113;Travel Agent;16;1442;90;82
1221;Burgos;9;Burgos;221;Cook;16;197;12;12
1221;Burgos;9;Burgos;669;Waiter;16;404;25;21
152;Alicante/Alacant;3;Alicante;552;Chambermaid;16;1726;108;108
4359;Madrid;28;Madrid;630;Assistant Head Waiter;16;389;24;22
4359;Madrid;28;Madrid;557;Executive Housekeeper;16;615;38;34
4359;Madrid;28;Madrid;570;Assistant Head of Reception;16;1036;65;54
4359;Madrid;28;Madrid;533;Marketing Intern;16;364;23;17
4359;Madrid;28;Madrid;286;Rental Sales Consultant;16;223;14;16
4359;Madrid;28;Madrid;165;Customer Service Advisor;16;397;25;19
4526;Málaga;29;Málaga;243;Kitchen Assistant;16;881;55;48
4526;Málaga;29;Málaga;257;Chef de Partie;15;656;44;38
4526;Málaga;29;Málaga;119;Reservation Agent;15;1193;80;76
4484;Benalmádena;29;Málaga;552;Chambermaid;15;1389;93;56
4359;Madrid;28;Madrid;218;Chef;15;555;37;34
6488;Salou;43;Tarragona;552;Chambermaid;15;1769;118;124
5272;Yaiza;35;Las Palmas;669;Waiter;15;330;22;21
5735;Santa Cruz de Tenerife;38;Santa Cruz de Tenerife;243;Kitchen Assistant;15;611;41;31
5697;Adeje;38;Santa Cruz de Tenerife;669;Waiter;15;529;35;27
837;Palma de Mallorca;7;Islas Baleares;460;Airport Guide;15;80;5;0
882;Barcelona;8;Barcelona;570;Assistant Head of Reception;15;704;47;45
882;Barcelona;8;Barcelona;254;Sous Chef;15;1041;69;69
2151;A Coruña;15;A Coruña;221;Cook;15;221;15;10
29812;València;46;Valencia;243;Kitchen Assistant;15;1150;77;89
29681;Canillo;322;Canillo;669;Waiter;14;1117;80;64
29690;Costa Adeje;38;Santa Cruz de Tenerife;669;Waiter;14;765;55;44
29694;Islas Baleares;7;Islas Baleares;552;Chambermaid;14;1188;85;38
32641;Oporto;147;Porto;243;Kitchen Assistant;14;757;54;45
882;Barcelona;8;Barcelona;337;Purchasing Intern;14;165;12;12
882;Barcelona;8;Barcelona;650;Food and Beverage Manager;14;466;33;31
837;Palma de Mallorca;7;Islas Baleares;218;Chef;14;710;51;45
882;Barcelona;8;Barcelona;181;GEX - Guest Experience Coordinator;14;612;44;37
168;Benidorm;3;Alicante;494;Maintenance Technician;14;309;22;19
5697;Adeje;38;Santa Cruz de Tenerife;572;Bellboy;14;236;17;16
5697;Adeje;38;Santa Cruz de Tenerife;226;Dishwasher;14;114;8;8
5735;Santa Cruz de Tenerife;38;Santa Cruz de Tenerife;226;Dishwasher;14;356;25;25
5330;Vigo;36;Pontevedra;669;Waiter;14;551;39;32
5266;Tías;35;Las Palmas;561;Housekeeping Staff;14;253;18;17
4359;Madrid;28;Madrid;337;Purchasing Intern;14;130;9;8
4359;Madrid;28;Madrid;593;Human Resources Intern;14;199;14;10
4359;Madrid;28;Madrid;486;Facilities Technician;14;223;16;16
4359;Madrid;28;Madrid;79;Hotel Director;14;699;50;27
4526;Málaga;29;Málaga;572;Bellboy;14;632;45;43
4526;Málaga;29;Málaga;668;Waiter Assistant;14;688;49;35
4549;Torremolinos;29;Málaga;552;Chambermaid;14;1350;96;66
4528;Marbella;29;Málaga;257;Chef de Partie;13;335;26;24
4528;Marbella;29;Málaga;226;Dishwasher;13;368;28;23
4359;Madrid;28;Madrid;6;Accounting Intern;13;155;12;11
4359;Madrid;28;Madrid;577;Concierge;13;1801;139;98
4359;Madrid;28;Madrid;254;Sous Chef;13;535;41;35
4359;Madrid;28;Madrid;177;GEX - Guest Experience Assistant;13;721;55;38
5258;San Bartolomé de Tirajana;35;Las Palmas;552;Chambermaid;13;968;74;59
5272;Yaiza;35;Las Palmas;221;Cook;13;247;19;17
5735;Santa Cruz de Tenerife;38;Santa Cruz de Tenerife;653;Host/Hostess;13;356;27;35
5702;Arona;38;Santa Cruz de Tenerife;243;Kitchen Assistant;13;275;21;19
6155;Sevilla;41;Sevilla;572;Bellboy;13;994;76;56
882;Barcelona;8;Barcelona;166;Customer Service Agent;13;392;30;34
2603;Sant Feliu de Guíxols;17;Girona;552;Chambermaid;13;386;30;26
32641;Oporto;147;Porto;653;Host/Hostess;13;943;73;97
29681;Canillo;322;Canillo;243;Kitchen Assistant;13;588;45;45
11470;Lisboa;132;Lisboa;177;GEX - Guest Experience Assistant;13;383;29;23
11470;Lisboa;132;Lisboa;254;Sous Chef;13;450;35;31
11470;Lisboa;132;Lisboa;570;Assistant Head of Reception;13;727;56;30
29815;Calviá;7;Islas Baleares;552;Chambermaid;13;752;58;45
29812;València;46;Valencia;657;Bartender;13;395;30;35
29815;Calviá;7;Islas Baleares;669;Waiter;13;1041;80;76
30153;San Jorge de ses Salines;7;Islas Baleares;221;Cook;13;200;15;13
30153;San Jorge de ses Salines;7;Islas Baleares;668;Waiter Assistant;12;298;25;6
29935;San Juan Bautista;7;Islas Baleares;552;Chambermaid;12;170;14;13
11470;Lisboa;132;Lisboa;119;Reservation Agent;12;1418;118;112
29677;Portals Nous;7;Islas Baleares;221;Cook;12;301;25;20
29694;Islas Baleares;7;Islas Baleares;221;Cook;12;784;65;22
32641;Oporto;147;Porto;226;Dishwasher;12;694;58;42
2749;Granada;18;Granada;669;Waiter;12;853;71;32
3162;Donostia/San Sebastián;20;Guipúzcoa;552;Chambermaid;12;621;52;60
882;Barcelona;8;Barcelona;533;Marketing Intern;12;293;24;26
882;Barcelona;8;Barcelona;80;Hotel Manager;12;859;72;61
168;Benidorm;3;Alicante;580;Front Office Manager;12;671;56;61
168;Benidorm;3;Alicante;243;Kitchen Assistant;12;441;37;37
815;Ibiza;7;Islas Baleares;551;Assistant Executive Housekeeper;12;323;27;20
6155;Sevilla;41;Sevilla;494;Maintenance Technician;12;355;30;28
7492;Bilbao;48;Vizcaya;221;Cook;12;895;75;69
5697;Adeje;38;Santa Cruz de Tenerife;664;Restaurant Section Head;12;174;15;13
5735;Santa Cruz de Tenerife;38;Santa Cruz de Tenerife;293;Sales Agent;12;125;10;11
5330;Vigo;36;Pontevedra;221;Cook;12;335;28;25
4391;Pozuelo de Alarcón;28;Madrid;192;Call Center Agent;12;275;23;26
4526;Málaga;29;Málaga;494;Maintenance Technician;12;462;39;39
4513;Fuengirola;29;Málaga;591;Receptionist;12;1498;125;105
4526;Málaga;29;Málaga;286;Rental Sales Consultant;12;247;21;18
4528;Marbella;29;Málaga;590;Reception Assistant;12;590;49;49
4528;Marbella;29;Málaga;551;Assistant Executive Housekeeper;12;372;31;20
4528;Marbella;29;Málaga;561;Housekeeping Staff;11;294;27;30
4528;Marbella;29;Málaga;657;Bartender;11;406;37;28
5253;Oliva, La;35;Las Palmas;552;Chambermaid;11;474;43;36
4484;Benalmádena;29;Málaga;221;Cook;11;596;54;37
4526;Málaga;29;Málaga;589;Night Receptionist;11;1166;106;81
4359;Madrid;28;Madrid;664;Restaurant Section Head;11;252;23;25
4359;Madrid;28;Madrid;650;Food and Beverage Manager;11;428;39;33
4241;Lugo;27;Lugo;8;Accounting Technician;11;57;5;4
5272;Yaiza;35;Las Palmas;243;Kitchen Assistant;11;338;31;26
5266;Tías;35;Las Palmas;130;Children's Animator;11;322;29;25
8116;Zaragoza;50;Zaragoza;669;Waiter;11;391;36;44
6155;Sevilla;41;Sevilla;652;Head Waiter;11;305;28;35
815;Ibiza;7;Islas Baleares;489;Maintenance Manager;11;341;31;16
168;Benidorm;3;Alicante;257;Chef de Partie;11;356;32;19
168;Benidorm;3;Alicante;584;Hotel Receptionist;11;806;73;61
152;Alicante/Alacant;3;Alicante;257;Chef de Partie;11;294;27;25
882;Barcelona;8;Barcelona;89;Valet Parking;11;526;48;43
882;Barcelona;8;Barcelona;192;Call Center Agent;11;678;62;64
837;Palma de Mallorca;7;Islas Baleares;23;Administrative;11;298;27;27
837;Palma de Mallorca;7;Islas Baleares;572;Bellboy;11;549;50;37
837;Palma de Mallorca;7;Islas Baleares;584;Hotel Receptionist;11;1970;179;175
815;Ibiza;7;Islas Baleares;590;Reception Assistant;11;626;57;34
815;Ibiza;7;Islas Baleares;652;Head Waiter;11;477;43;34
882;Barcelona;8;Barcelona;550;Assistant Hotel Manager;11;325;30;31
882;Barcelona;8;Barcelona;647;Food and Beverage Assistant;11;215;20;16
882;Barcelona;8;Barcelona;631;Assistant Restaurant Manager;11;254;23;18
882;Barcelona;8;Barcelona;632;Bakery Attendant;11;636;58;48
882;Barcelona;8;Barcelona;286;Rental Sales Consultant;11;143;13;12
3162;Donostia/San Sebastián;20;Guipúzcoa;669;Waiter;11;295;27;16
2749;Granada;18;Granada;591;Receptionist;11;1648;150;177
2749;Granada;18;Granada;226;Dishwasher;11;466;42;38
2067;Córdoba;14;Córdoba;552;Chambermaid;11;823;75;97
2067;Córdoba;14;Córdoba;669;Waiter;11;492;45;63
2527;Girona;17;Girona;591;Receptionist;11;604;55;59
32565;Dehesa de Campoamor;3;Alicante;552;Chambermaid;11;1063;97;105
32641;Oporto;147;Porto;630;Assistant Head Waiter;11;250;23;21
29690;Costa Adeje;38;Santa Cruz de Tenerife;221;Cook;11;255;23;24
11470;Lisboa;132;Lisboa;243;Kitchen Assistant;11;1850;168;126
11470;Lisboa;132;Lisboa;634;Bar Manager;11;322;29;20
29812;València;46;Valencia;668;Waiter Assistant;11;574;52;27
29815;Calviá;7;Islas Baleares;254;Sous Chef;11;275;25;19
29812;València;46;Valencia;584;Hotel Receptionist;11;1467;133;106
29858;Menorca;7;Islas Baleares;552;Chambermaid;11;421;38;24
29912;Maspalomas;35;Las Palmas;221;Cook;11;297;27;28
29856;La Manga;30;Murcia;221;Cook;10;158;16;15
29812;València;46;Valencia;590;Reception Assistant;10;709;71;14
29812;València;46;Valencia;257;Chef de Partie;10;542;54;38
29815;Calviá;7;Islas Baleares;257;Chef de Partie;10;317;32;28
30026;Palmanova;7;Islas Baleares;669;Waiter;10;1236;124;102
11470;Lisboa;132;Lisboa;79;Hotel Director;10;442;44;23
11470;Lisboa;132;Lisboa;661;Restaurant Manager;10;233;23;20
29805;Soldeu;322;Canillo;572;Bellboy;10;518;52;46
31190;Arroios;146;Vila Real;591;Receptionist;10;1334;133;139
31458;Vila Nova de Gaia;387;Serzedo;669;Waiter;10;59;6;3
2543;Lloret de Mar;17;Girona;221;Cook;10;361;36;37
2199;Santiago de Compostela;15;A Coruña;668;Waiter Assistant;10;345;35;28
2563;Palamós;17;Girona;552;Chambermaid;10;259;26;18
3162;Donostia/San Sebastián;20;Guipúzcoa;591;Receptionist;10;449;45;43
1221;Burgos;9;Burgos;584;Hotel Receptionist;10;359;36;34
1782;Conil de la Frontera;11;Cádiz;590;Reception Assistant;10;547;55;51
882;Barcelona;8;Barcelona;165;Customer Service Advisor;10;62;6;0
882;Barcelona;8;Barcelona;177;GEX - Guest Experience Assistant;10;428;43;20
882;Barcelona;8;Barcelona;8;Accounting Technician;10;127;13;14
882;Barcelona;8;Barcelona;10;Accounts Manager;10;55;6;0
168;Benidorm;3;Alicante;589;Night Receptionist;10;409;41;37
168;Benidorm;3;Alicante;630;Assistant Head Waiter;10;154;15;13
815;Ibiza;7;Islas Baleares;561;Housekeeping Staff;10;461;46;25
815;Ibiza;7;Islas Baleares;177;GEX - Guest Experience Assistant;10;252;25;18
6155;Sevilla;41;Sevilla;561;Housekeeping Staff;10;755;76;84
6502;Tarragona;43;Tarragona;591;Receptionist;10;1234;123;135
8116;Zaragoza;50;Zaragoza;221;Cook;10;179;18;13
7148;Oliva;46;Valencia;226;Dishwasher;10;505;51;48
5266;Tías;35;Las Palmas;590;Reception Assistant;10;269;27;23
5272;Yaiza;35;Las Palmas;493;Maintenance Officer;10;176;18;18
5702;Arona;38;Santa Cruz de Tenerife;668;Waiter Assistant;10;204;20;23
5697;Adeje;38;Santa Cruz de Tenerife;591;Receptionist;10;348;35;37
4359;Madrid;28;Madrid;23;Administrative;10;416;42;30
4359;Madrid;28;Madrid;45;Chief Executive Officer (CEO);10;264;26;23
4359;Madrid;28;Madrid;628;Assistant Bar Manager;10;248;25;15
4359;Madrid;28;Madrid;181;GEX - Guest Experience Coordinator;10;340;34;27
4359;Madrid;28;Madrid;248;Pastry Chef;10;311;31;29
4359;Madrid;28;Madrid;220;Commis Chef;10;374;37;39
4484;Benalmádena;29;Málaga;572;Bellboy;10;101;10;2
4526;Málaga;29;Málaga;226;Dishwasher;10;772;77;67
5251;Mogán;35;Las Palmas;552;Chambermaid;10;356;36;31
4528;Marbella;29;Málaga;572;Bellboy;10;337;34;36
4528;Marbella;29;Málaga;587;Night Auditor;9;313;35;42
4526;Málaga;29;Málaga;557;Executive Housekeeper;9;284;32;31
4526;Málaga;29;Málaga;561;Housekeeping Staff;9;835;93;72
4359;Madrid;28;Madrid;611;Human Resources Coordinator;9;223;25;16
4359;Madrid;28;Madrid;59;Business Development Director;9;294;33;20
4359;Madrid;28;Madrid;1;Accountant;9;179;20;17
4359;Madrid;28;Madrid;89;Valet Parking;9;624;69;57
3679;León;24;León;590;Reception Assistant;9;209;23;22
5735;Santa Cruz de Tenerife;38;Santa Cruz de Tenerife;590;Reception Assistant;9;622;69;67
5735;Santa Cruz de Tenerife;38;Santa Cruz de Tenerife;257;Chef de Partie;9;260;29;30
5272;Yaiza;35;Las Palmas;489;Maintenance Manager;9;259;29;19
5272;Yaiza;35;Las Palmas;551;Assistant Executive Housekeeper;9;134;15;17
9068;Monterrey;117;Nuevo León;113;Travel Agent;9;112;12;10
11468;Estoril;132;Lisboa;669;Waiter;9;637;71;83
11470;Lisboa;132;Lisboa;23;Administrative;9;438;49;22
11470;Lisboa;132;Lisboa;26;Administrative Assistant;9;781;87;53
6937;Toledo;45;Toledo;43;Casino Staff;9;72;8;6
6155;Sevilla;41;Sevilla;218;Chef;9;439;49;45
6155;Sevilla;41;Sevilla;590;Reception Assistant;9;1074;119;113
815;Ibiza;7;Islas Baleares;23;Administrative;9;162;18;20
797;Alcúdia;7;Islas Baleares;221;Cook;9;225;25;22
168;Benidorm;3;Alicante;590;Reception Assistant;9;439;49;35
168;Benidorm;3;Alicante;293;Sales Agent;9;167;19;16
882;Barcelona;8;Barcelona;23;Administrative;9;457;51;55
882;Barcelona;8;Barcelona;180;GEX - Guest Experience Manager;9;444;49;39
837;Palma de Mallorca;7;Islas Baleares;664;Restaurant Section Head;9;421;47;36
815;Ibiza;7;Islas Baleares;653;Host/Hostess;9;318;35;22
815;Ibiza;7;Islas Baleares;589;Night Receptionist;9;394;44;32
837;Palma de Mallorca;7;Islas Baleares;589;Night Receptionist;9;688;76;85
837;Palma de Mallorca;7;Islas Baleares;2;Accounting Assistant;9;226;25;22
837;Palma de Mallorca;7;Islas Baleares;226;Dishwasher;9;1273;141;98
1581;Cáceres;10;Cáceres;552;Chambermaid;9;396;44;48
1778;Cádiz;11;Cádiz;221;Cook;9;213;24;23
1780;Chiclana de la Frontera;11;Cádiz;221;Cook;9;140;16;0
2784;Monachil;18;Granada;221;Cook;9;116;13;11
2603;Sant Feliu de Guíxols;17;Girona;551;Assistant Executive Housekeeper;9;105;12;12
2543;Lloret de Mar;17;Girona;580;Front Office Manager;9;473;53;48
31458;Vila Nova de Gaia;387;Serzedo;657;Bartender;9;67;7;5
32641;Oporto;147;Porto;494;Maintenance Technician;9;228;25;24
29805;Soldeu;322;Canillo;591;Receptionist;9;375;42;8
29717;Las Palmas de Gran Canaria;35;Las Palmas;561;Housekeeping Staff;9;840;93;69
29717;Las Palmas de Gran Canaria;35;Las Palmas;668;Waiter Assistant;9;1189;132;156
11470;Lisboa;132;Lisboa;652;Head Waiter;9;157;17;14
11470;Lisboa;132;Lisboa;172;Customer Support Assistant;9;363;40;35
11470;Lisboa;132;Lisboa;552;Chambermaid;9;983;109;77
11597;Faro;137;Faro;10;Accounts Manager;9;75;8;10
11784;Porto;147;Porto;669;Waiter;9;492;55;49
11786;Póvoa de Varzim;147;Porto;221;Cook;9;146;16;14
11804;Braga;148;Braga;669;Waiter;9;364;40;33
29813;Playas de Muro;7;Islas Baleares;552;Chambermaid;9;269;30;33
29812;València;46;Valencia;630;Assistant Head Waiter;9;198;22;15
29812;València;46;Valencia;561;Housekeeping Staff;9;880;98;63
29858;Menorca;7;Islas Baleares;221;Cook;9;134;15;14
29873;Colonia de Sant Jordi;7;Islas Baleares;669;Waiter;9;792;88;49
29856;La Manga;30;Murcia;552;Chambermaid;8;299;37;37
29856;La Manga;30;Murcia;561;Housekeeping Staff;8;111;14;13
29851;L'Hospitalet de Llobregat;8;Barcelona;669;Waiter;8;851;106;83
29828;Playa Blanca;35;Las Palmas;257;Chef de Partie;8;129;16;14
29828;Playa Blanca;35;Las Palmas;221;Cook;8;161;20;18
30026;Palmanova;7;Islas Baleares;221;Cook;8;419;52;42
29935;San Juan Bautista;7;Islas Baleares;551;Assistant Executive Housekeeper;8;175;22;24
29950;Can Picafort;7;Islas Baleares;221;Cook;8;378;47;36
29950;Can Picafort;7;Islas Baleares;669;Waiter;8;737;92;85
30026;Palmanova;7;Islas Baleares;591;Receptionist;8;673;84;65
30192;L'Hospitalet de l'Infant;43;Tarragona;561;Housekeeping Staff;8;301;38;33
30243;L'Escala;17;Girona;561;Housekeeping Staff;8;137;17;19
11786;Póvoa de Varzim;147;Porto;669;Waiter;8;118;15;15
11603;Portimão;137;Faro;591;Receptionist;8;440;55;48
11470;Lisboa;132;Lisboa;557;Executive Housekeeper;8;480;60;55
11470;Lisboa;132;Lisboa;572;Bellboy;8;229;29;29
11470;Lisboa;132;Lisboa;628;Assistant Bar Manager;8;384;48;27
11470;Lisboa;132;Lisboa;589;Night Receptionist;8;319;40;37
11470;Lisboa;132;Lisboa;474;Tourist Information Guide;8;227;28;24
11470;Lisboa;132;Lisboa;665;Sommelier;8;95;12;13
11591;Albufeira;137;Faro;591;Receptionist;8;216;27;30
29724;El Puerto de Santa María;11;Cádiz;669;Waiter;8;355;44;40
29734;Carvalhal;135;Setúbal;221;Cook;8;173;22;20
29784;Comporta;390;Comporta;669;Waiter;8;110;14;13
29784;Comporta;390;Comporta;486;Facilities Technician;8;90;11;11
29805;Soldeu;322;Canillo;714;Spa Receptionist;8;555;69;80
11854;Funchal;182;Madeira;10;Accounts Manager;8;60;8;8
29681;Canillo;322;Canillo;248;Pastry Chef;8;144;18;22
29681;Canillo;322;Canillo;257;Chef de Partie;8;296;37;37
29681;Canillo;322;Canillo;221;Cook;8;416;52;42
32641;Oporto;147;Porto;587;Night Auditor;8;196;25;20
34130;Arenal d'en Castell;7;Islas Baleares;668;Waiter Assistant;8;35;4;4
31458;Vila Nova de Gaia;387;Serzedo;591;Receptionist;8;161;20;14
2067;Córdoba;14;Córdoba;591;Receptionist;8;501;63;61
2784;Monachil;18;Granada;572;Bellboy;8;98;12;10
2749;Granada;18;Granada;494;Maintenance Technician;8;200;25;26
3162;Donostia/San Sebastián;20;Guipúzcoa;630;Assistant Head Waiter;8;118;15;10
1161;Viladecans;8;Barcelona;591;Receptionist;8;1010;126;104
882;Barcelona;8;Barcelona;438;Groups & Events Sales Manager;8;278;35;29
882;Barcelona;8;Barcelona;600;Revenue Agent;8;202;25;23
882;Barcelona;8;Barcelona;532;Marketing Director;8;220;28;30
837;Palma de Mallorca;7;Islas Baleares;254;Sous Chef;8;298;37;31
837;Palma de Mallorca;7;Islas Baleares;26;Administrative Assistant;8;365;46;48
837;Palma de Mallorca;7;Islas Baleares;590;Reception Assistant;8;809;101;102
837;Palma de Mallorca;7;Islas Baleares;587;Night Auditor;8;748;94;99
815;Ibiza;7;Islas Baleares;584;Hotel Receptionist;8;480;60;45
851;Santa Eulària des Riu;7;Islas Baleares;552;Chambermaid;8;877;110;93
882;Barcelona;8;Barcelona;213;Event Chef;8;562;70;66
882;Barcelona;8;Barcelona;50;Operations Specialist;8;119;15;14
882;Barcelona;8;Barcelona;120;Reservations Manager;8;284;36;37
168;Benidorm;3;Alicante;254;Sous Chef;8;216;27;26
168;Benidorm;3;Alicante;561;Housekeeping Staff;8;303;38;19
201;Dénia;3;Alicante;552;Chambermaid;8;316;40;40
156;Altea;3;Alicante;669;Waiter;8;131;16;13
797;Alcúdia;7;Islas Baleares;669;Waiter;8;330;41;27
815;Ibiza;7;Islas Baleares;564;Laundry Attendant;8;636;80;38
6155;Sevilla;41;Sevilla;589;Night Receptionist;8;369;46;38
6155;Sevilla;41;Sevilla;226;Dishwasher;8;458;57;62
6937;Toledo;45;Toledo;669;Waiter;8;179;22;22
8116;Zaragoza;50;Zaragoza;243;Kitchen Assistant;8;120;15;0
7418;Valladolid;47;Valladolid;221;Cook;8;99;12;8
8116;Zaragoza;50;Zaragoza;113;Travel Agent;8;726;91;104
7492;Bilbao;48;Vizcaya;572;Bellboy;8;220;28;29
5272;Yaiza;35;Las Palmas;498;Swimming Pool Maintenance;8;191;24;19
5266;Tías;35;Las Palmas;725;Security Guard;8;47;6;5
5272;Yaiza;35;Las Palmas;257;Chef de Partie;8;122;15;16
5258;San Bartolomé de Tirajana;35;Las Palmas;669;Waiter;8;423;53;47
5254;Pájara;35;Las Palmas;552;Chambermaid;8;234;29;22
5254;Pájara;35;Las Palmas;590;Reception Assistant;8;212;27;31
5735;Santa Cruz de Tenerife;38;Santa Cruz de Tenerife;181;GEX - Guest Experience Coordinator;8;272;34;21
5735;Santa Cruz de Tenerife;38;Santa Cruz de Tenerife;177;GEX - Guest Experience Assistant;8;167;21;17
5735;Santa Cruz de Tenerife;38;Santa Cruz de Tenerife;300;Sales Host;8;121;15;17
4110;Haro;26;La Rioja;552;Chambermaid;8;143;18;18
3400;Huesca;22;Huesca;221;Cook;8;72;9;7
4359;Madrid;28;Madrid;80;Hotel Manager;8;544;68;49
4359;Madrid;28;Madrid;170;Customer Service Manager;8;0;0;0
4359;Madrid;28;Madrid;10;Accounts Manager;8;104;13;10
4359;Madrid;28;Madrid;267;Commercial Manager;8;151;19;21
4359;Madrid;28;Madrid;436;Groups & Events Coordinator;8;449;56;55
4359;Madrid;28;Madrid;302;Sales Manager;8;186;23;25
4359;Madrid;28;Madrid;647;Food and Beverage Assistant;8;152;19;14
4359;Madrid;28;Madrid;631;Assistant Restaurant Manager;8;170;21;22
4526;Málaga;29;Málaga;590;Reception Assistant;8;1111;139;167
4526;Málaga;29;Málaga;587;Night Auditor;8;498;62;60
4526;Málaga;29;Málaga;652;Head Waiter;8;325;41;30
4526;Málaga;29;Málaga;653;Host/Hostess;8;430;54;54
4528;Marbella;29;Málaga;177;GEX - Guest Experience Assistant;8;220;28;27
4528;Marbella;29;Málaga;664;Restaurant Section Head;8;129;16;15
4549;Torremolinos;29;Málaga;591;Receptionist;8;753;94;106
4591;Murcia;30;Murcia;669;Waiter;8;491;61;61
4577;Cartagena;30;Murcia;591;Receptionist;7;399;57;67
5253;Oliva, La;35;Las Palmas;668;Waiter Assistant;7;129;18;19
4549;Torremolinos;29;Málaga;221;Cook;7;296;42;32
4526;Málaga;29;Málaga;664;Restaurant Section Head;7;105;15;15
4526;Málaga;29;Málaga;301;Sales Intern;7;178;25;25
4359;Madrid;28;Madrid;634;Bar Manager;7;209;30;26
4359;Madrid;28;Madrid;713;Spa Manager;7;223;32;30
4359;Madrid;28;Madrid;505;Car Washer;7;216;31;30
3260;Huelva;21;Huelva;668;Waiter Assistant;7;174;25;34
3921;Lleida;25;Lleida;591;Receptionist;7;674;96;98
5735;Santa Cruz de Tenerife;38;Santa Cruz de Tenerife;493;Maintenance Officer;7;140;20;25
5697;Adeje;38;Santa Cruz de Tenerife;697;Masseur;7;25;4;0
5697;Adeje;38;Santa Cruz de Tenerife;254;Sous Chef;7;99;14;10
5697;Adeje;38;Santa Cruz de Tenerife;257;Chef de Partie;7;134;19;19
5702;Arona;38;Santa Cruz de Tenerife;552;Chambermaid;7;230;33;28
5256;Puerto del Rosario;35;Las Palmas;669;Waiter;7;136;19;15
5258;San Bartolomé de Tirajana;35;Las Palmas;668;Waiter Assistant;7;335;48;42
5266;Tías;35;Las Palmas;498;Swimming Pool Maintenance;7;128;18;22
5272;Yaiza;35;Las Palmas;492;Maintenance Assistant;7;142;20;21
5272;Yaiza;35;Las Palmas;664;Restaurant Section Head;7;93;13;14
5272;Yaiza;35;Las Palmas;572;Bellboy;7;190;27;29
5272;Yaiza;35;Las Palmas;668;Waiter Assistant;7;197;28;36
5591;Salamanca;37;Salamanca;669;Waiter;7;143;20;23
7492;Bilbao;48;Vizcaya;584;Hotel Receptionist;7;254;36;31
7418;Valladolid;47;Valladolid;552;Chambermaid;7;139;20;20
7418;Valladolid;47;Valladolid;669;Waiter;7;272;39;42
6502;Tarragona;43;Tarragona;552;Chambermaid;7;672;96;104
6488;Salou;43;Tarragona;551;Assistant Executive Housekeeper;7;191;27;25
6488;Salou;43;Tarragona;218;Chef;7;288;41;40
6390;Cambrils;43;Tarragona;221;Cook;7;398;57;67
6488;Salou;43;Tarragona;159;Tourist Animator;7;719;103;112
6155;Sevilla;41;Sevilla;580;Front Office Manager;7;361;52;43
6155;Sevilla;41;Sevilla;593;Human Resources Intern;7;130;19;17
6155;Sevilla;41;Sevilla;661;Restaurant Manager;7;190;27;19
6155;Sevilla;41;Sevilla;668;Waiter Assistant;7;537;77;70
6362;Altafulla;43;Tarragona;226;Dishwasher;7;255;36;37
815;Ibiza;7;Islas Baleares;242;Sushiman;7;125;18;11
811;Ciutadella de Menorca;7;Islas Baleares;221;Cook;7;191;27;29
811;Ciutadella de Menorca;7;Islas Baleares;552;Chambermaid;7;928;133;126
152;Alicante/Alacant;3;Alicante;494;Maintenance Technician;7;286;41;46
46;Vitoria-Gasteiz;1;Álava;669;Waiter;7;157;22;10
168;Benidorm;3;Alicante;551;Assistant Executive Housekeeper;7;172;25;24
168;Benidorm;3;Alicante;657;Bartender;7;188;27;18
882;Barcelona;8;Barcelona;26;Administrative Assistant;7;546;78;89
882;Barcelona;8;Barcelona;28;Administrative Intern;7;104;15;17
837;Palma de Mallorca;7;Islas Baleares;653;Host/Hostess;7;1038;148;150
815;Ibiza;7;Islas Baleares;572;Bellboy;7;525;75;70
815;Ibiza;7;Islas Baleares;664;Restaurant Section Head;7;89;13;16
821;Formentera;7;Islas Baleares;631;Assistant Restaurant Manager;7;350;50;26
837;Palma de Mallorca;7;Islas Baleares;251;Pizzaiolo;7;152;22;20
882;Barcelona;8;Barcelona;486;Facilities Technician;7;125;18;19
882;Barcelona;8;Barcelona;273;Key Account Manager;7;76;11;1
882;Barcelona;8;Barcelona;302;Sales Manager;7;144;21;23
1778;Cádiz;11;Cádiz;257;Chef de Partie;7;161;23;18
1778;Cádiz;11;Cádiz;552;Chambermaid;7;328;47;29
1782;Conil de la Frontera;11;Cádiz;243;Kitchen Assistant;7;123;18;16
1782;Conil de la Frontera;11;Cádiz;668;Waiter Assistant;7;133;19;18
3162;Donostia/San Sebastián;20;Guipúzcoa;494;Maintenance Technician;7;83;12;11
2583;Puigcerdà;17;Girona;669;Waiter;7;29;4;3
2151;A Coruña;15;A Coruña;286;Rental Sales Consultant;7;41;6;5
2543;Lloret de Mar;17;Girona;552;Chambermaid;7;279;40;31
32641;Oporto;147;Porto;166;Customer Service Agent;7;378;54;36
35291;Lisbon;427;Arroios;591;Receptionist;7;783;112;104
29694;Islas Baleares;7;Islas Baleares;669;Waiter;7;794;113;46
29810;Ciudad de México;131;Ciudad de México;105;Business Travel Agent;7;142;20;24
29812;València;46;Valencia;79;Hotel Director;7;764;109;116
29805;Soldeu;322;Canillo;552;Chambermaid;7;815;116;116
29717;Las Palmas de Gran Canaria;35;Las Palmas;293;Sales Agent;7;98;14;14
29701;Puerto del Carmen;35;Las Palmas;591;Receptionist;7;304;43;44
11591;Albufeira;137;Faro;669;Waiter;7;188;27;31
11475;Odivelas;132;Lisboa;113;Travel Agent;7;520;74;86
11470;Lisboa;132;Lisboa;313;Sales Assistant;7;310;44;41
11470;Lisboa;132;Lisboa;293;Sales Agent;7;137;20;23
11470;Lisboa;132;Lisboa;631;Assistant Restaurant Manager;7;305;44;32
11470;Lisboa;132;Lisboa;267;Commercial Manager;7;162;23;25
30243;L'Escala;17;Girona;560;Cleaning Manager;7;67;10;11
30153;San Jorge de ses Salines;7;Islas Baleares;243;Kitchen Assistant;7;58;8;3
30153;San Jorge de ses Salines;7;Islas Baleares;257;Chef de Partie;7;31;4;2
30153;San Jorge de ses Salines;7;Islas Baleares;564;Laundry Attendant;7;160;23;22
29950;Can Picafort;7;Islas Baleares;257;Chef de Partie;7;198;28;16
29935;San Juan Bautista;7;Islas Baleares;653;Host/Hostess;7;80;11;9
29985;Mallorca;419;Mallorca;552;Chambermaid;7;578;83;35
29828;Playa Blanca;35;Las Palmas;669;Waiter;7;363;52;38
29831;San Antonio Abad;7;Islas Baleares;580;Front Office Manager;7;190;27;11
29858;Menorca;7;Islas Baleares;257;Chef de Partie;7;86;12;12
29860;Peguera;7;Islas Baleares;552;Chambermaid;7;420;60;28
29912;Maspalomas;35;Las Palmas;552;Chambermaid;7;282;40;35
29883;Portocolom;7;Islas Baleares;669;Waiter;6;426;71;68
29851;L'Hospitalet de Llobregat;8;Barcelona;221;Cook;6;428;71;77
29851;L'Hospitalet de Llobregat;8;Barcelona;584;Hotel Receptionist;6;597;100;101
29844;Camp de Mar;7;Islas Baleares;591;Receptionist;6;214;36;37
29849;Puigpuñent;7;Islas Baleares;591;Receptionist;6;564;94;98
29830;Lanzarote;35;Las Palmas;669;Waiter;6;142;24;24
29841;Melides;135;Setúbal;669;Waiter;6;177;30;30
29828;Playa Blanca;35;Las Palmas;243;Kitchen Assistant;6;224;37;34
29828;Playa Blanca;35;Las Palmas;552;Chambermaid;6;333;56;30
29815;Calviá;7;Islas Baleares;591;Receptionist;6;359;60;57
29826;Cascaes;417;Cascais;669;Waiter;6;150;25;22
29815;Calviá;7;Islas Baleares;494;Maintenance Technician;6;167;28;25
29935;San Juan Bautista;7;Islas Baleares;669;Waiter;6;142;24;24
29947;Alvor;137;Faro;669;Waiter;6;116;19;20
29935;San Juan Bautista;7;Islas Baleares;550;Assistant Hotel Manager;6;98;16;17
30153;San Jorge de ses Salines;7;Islas Baleares;590;Reception Assistant;6;126;21;23
30153;San Jorge de ses Salines;7;Islas Baleares;630;Assistant Head Waiter;6;82;14;16
30153;San Jorge de ses Salines;7;Islas Baleares;690;Holistic Therapist;6;53;9;5
30194;Coímbra;142;Coimbra;221;Cook;6;185;31;35
11470;Lisboa;132;Lisboa;463;Driver Tour Guide;6;198;33;35
11470;Lisboa;132;Lisboa;471;Tour Guide;6;134;22;24
11470;Lisboa;132;Lisboa;654;Ice Cream Shop Attendant;6;656;109;82
11548;Alcochete;135;Setúbal;584;Hotel Receptionist;6;83;14;11
11548;Alcochete;135;Setúbal;591;Receptionist;6;142;24;23
11804;Braga;148;Braga;221;Cook;6;99;17;22
29717;Las Palmas de Gran Canaria;35;Las Palmas;226;Dishwasher;6;479;80;85
29717;Las Palmas de Gran Canaria;35;Las Palmas;177;GEX - Guest Experience Assistant;6;305;51;31
29717;Las Palmas de Gran Canaria;35;Las Palmas;591;Receptionist;6;567;95;53
29717;Las Palmas de Gran Canaria;35;Las Palmas;243;Kitchen Assistant;6;311;52;48
29717;Las Palmas de Gran Canaria;35;Las Palmas;257;Chef de Partie;6;155;26;24
29784;Comporta;390;Comporta;587;Night Auditor;6;40;7;7
29784;Comporta;390;Comporta;221;Cook;6;107;18;17
29805;Soldeu;322;Canillo;697;Masseur;6;143;24;23
29805;Soldeu;322;Canillo;650;Food and Beverage Manager;6;130;22;29
29695;Cancún;121;Quintana Roo;270;Group Sales Manager;6;27;5;4
29701;Puerto del Carmen;35;Las Palmas;552;Chambermaid;6;194;32;32
29690;Costa Adeje;38;Santa Cruz de Tenerife;590;Reception Assistant;6;149;25;19
29681;Canillo;322;Canillo;665;Sommelier;6;75;13;12
29687;Cala d'Or;7;Islas Baleares;552;Chambermaid;6;294;49;23
29687;Cala d'Or;7;Islas Baleares;590;Reception Assistant;6;432;72;60
34130;Arenal d'en Castell;7;Islas Baleares;561;Housekeeping Staff;6;60;10;5
32641;Oporto;147;Porto;580;Front Office Manager;6;496;83;66
32641;Oporto;147;Porto;557;Executive Housekeeper;6;157;26;26
31926;El Albir;3;Alicante;552;Chambermaid;6;305;51;42
31458;Vila Nova de Gaia;387;Serzedo;552;Chambermaid;6;124;21;28
2543;Lloret de Mar;17;Girona;494;Maintenance Technician;6;135;23;20
2543;Lloret de Mar;17;Girona;591;Receptionist;6;332;55;52
2543;Lloret de Mar;17;Girona;254;Sous Chef;6;199;33;30
2527;Girona;17;Girona;165;Customer Service Advisor;6;0;0;0
2514;Figueres;17;Girona;669;Waiter;6;63;11;9
2151;A Coruña;15;A Coruña;584;Hotel Receptionist;6;368;61;57
2067;Córdoba;14;Córdoba;221;Cook;6;174;29;29
1799;San Roque;11;Cádiz;221;Cook;6;235;39;29
2543;Lloret de Mar;17;Girona;669;Waiter;6;388;65;52
2595;Roses;17;Girona;668;Waiter Assistant;6;652;109;115
2749;Granada;18;Granada;243;Kitchen Assistant;6;212;35;33
2749;Granada;18;Granada;254;Sous Chef;6;239;40;47
2643;Tossa de Mar;17;Girona;591;Receptionist;6;165;28;30
2643;Tossa de Mar;17;Girona;552;Chambermaid;6;219;37;30
3166;Elgoibar;20;Guipúzcoa;221;Cook;6;76;13;13
3162;Donostia/San Sebastián;20;Guipúzcoa;221;Cook;6;123;21;21
3260;Huelva;21;Huelva;226;Dishwasher;6;103;17;9
1782;Conil de la Frontera;11;Cádiz;669;Waiter;6;108;18;19
1782;Conil de la Frontera;11;Cádiz;690;Holistic Therapist;6;62;10;6
1778;Cádiz;11;Cádiz;591;Receptionist;6;606;101;113
1131;Sitges;8;Barcelona;669;Waiter;6;218;36;32
1131;Sitges;8;Barcelona;552;Chambermaid;6;240;40;40
882;Barcelona;8;Barcelona;316;Store Sales Assistant;6;342;57;36
882;Barcelona;8;Barcelona;415;Conference & Events Trainee;6;83;14;14
882;Barcelona;8;Barcelona;611;Human Resources Coordinator;6;74;12;12
882;Barcelona;8;Barcelona;615;Human Resources Technician;6;59;10;8
882;Barcelona;8;Barcelona;665;Sommelier;6;152;25;22
837;Palma de Mallorca;7;Islas Baleares;1;Accountant;6;153;26;18
837;Palma de Mallorca;7;Islas Baleares;286;Rental Sales Consultant;6;124;21;25
837;Palma de Mallorca;7;Islas Baleares;165;Customer Service Advisor;6;73;12;1
821;Formentera;7;Islas Baleares;591;Receptionist;6;1042;174;190
827;Llucmajor;7;Islas Baleares;669;Waiter;6;290;48;48
821;Formentera;7;Islas Baleares;218;Chef;6;576;96;103
837;Palma de Mallorca;7;Islas Baleares;755;IT Manager;6;87;15;15
851;Santa Eulària des Riu;7;Islas Baleares;591;Receptionist;6;669;112;111
851;Santa Eulària des Riu;7;Islas Baleares;669;Waiter;6;496;83;100
851;Santa Eulària des Riu;7;Islas Baleares;221;Cook;6;334;56;30
854;Santanyí;7;Islas Baleares;669;Waiter;6;465;78;77
882;Barcelona;8;Barcelona;105;Business Travel Agent;6;510;85;103
882;Barcelona;8;Barcelona;49;Revenue Manager;6;224;37;28
882;Barcelona;8;Barcelona;79;Hotel Director;6;439;73;89
168;Benidorm;3;Alicante;661;Restaurant Manager;6;187;31;32
168;Benidorm;3;Alicante;652;Head Waiter;6;188;31;32
187;Calp;3;Alicante;591;Receptionist;6;282;47;53
168;Benidorm;3;Alicante;557;Executive Housekeeper;6;297;50;42
168;Benidorm;3;Alicante;438;Groups & Events Sales Manager;6;186;31;29
168;Benidorm;3;Alicante;226;Dishwasher;6;245;41;31
168;Benidorm;3;Alicante;218;Chef;6;289;48;53
168;Benidorm;3;Alicante;177;GEX - Guest Experience Assistant;6;274;46;46
168;Benidorm;3;Alicante;124;Actor;6;182;30;29
152;Alicante/Alacant;3;Alicante;6;Accounting Intern;6;38;6;3
152;Alicante/Alacant;3;Alicante;242;Sushiman;6;59;10;8
152;Alicante/Alacant;3;Alicante;589;Night Receptionist;6;656;109;105
152;Alicante/Alacant;3;Alicante;580;Front Office Manager;6;367;61;56
152;Alicante/Alacant;3;Alicante;652;Head Waiter;6;172;29;30
811;Ciutadella de Menorca;7;Islas Baleares;591;Receptionist;6;797;133;146
811;Ciutadella de Menorca;7;Islas Baleares;669;Waiter;6;810;135;139
815;Ibiza;7;Islas Baleares;226;Dishwasher;6;379;63;64
644;Badajoz;6;Badajoz;584;Hotel Receptionist;6;198;33;33
6155;Sevilla;41;Sevilla;653;Host/Hostess;6;605;101;85
6027;Segovia;40;Segovia;584;Hotel Receptionist;6;160;27;31
6390;Cambrils;43;Tarragona;552;Chambermaid;6;550;92;60
6488;Salou;43;Tarragona;243;Kitchen Assistant;6;536;89;88
7418;Valladolid;47;Valladolid;584;Hotel Receptionist;6;246;41;35
7397;Tiedra;47;Valladolid;669;Waiter;6;125;21;25
7492;Bilbao;48;Vizcaya;552;Chambermaid;6;485;81;77
5697;Adeje;38;Santa Cruz de Tenerife;26;Administrative Assistant;6;180;30;29
5272;Yaiza;35;Las Palmas;697;Masseur;6;121;20;23
5315;Pontevedra;36;Pontevedra;584;Hotel Receptionist;6;229;38;38
5272;Yaiza;35;Las Palmas;538;Public Relations Assistant;6;93;16;16
5272;Yaiza;35;Las Palmas;557;Executive Housekeeper;6;94;16;18
5272;Yaiza;35;Las Palmas;561;Housekeeping Staff;6;181;30;32
5272;Yaiza;35;Las Palmas;567;Linen Keeper;6;59;10;7
5272;Yaiza;35;Las Palmas;584;Hotel Receptionist;6;241;40;39
5266;Tías;35;Las Palmas;221;Cook;6;77;13;16
5266;Tías;35;Las Palmas;167;Customer Service Assistant;6;152;25;25
5254;Pájara;35;Las Palmas;669;Waiter;6;297;50;37
5702;Arona;38;Santa Cruz de Tenerife;584;Hotel Receptionist;6;214;36;32
5702;Arona;38;Santa Cruz de Tenerife;226;Dishwasher;6;124;21;24
5702;Arona;38;Santa Cruz de Tenerife;550;Assistant Hotel Manager;6;236;39;34
5702;Arona;38;Santa Cruz de Tenerife;177;GEX - Guest Experience Assistant;6;90;15;14
5707;Candelaria;38;Santa Cruz de Tenerife;591;Receptionist;6;250;42;44
5715;Guía de Isora;38;Santa Cruz de Tenerife;668;Waiter Assistant;6;97;16;12
5697;Adeje;38;Santa Cruz de Tenerife;590;Reception Assistant;6;253;42;42
5735;Santa Cruz de Tenerife;38;Santa Cruz de Tenerife;494;Maintenance Technician;6;118;20;20
5735;Santa Cruz de Tenerife;38;Santa Cruz de Tenerife;302;Sales Manager;6;111;19;18
5735;Santa Cruz de Tenerife;38;Santa Cruz de Tenerife;561;Housekeeping Staff;6;183;31;25
5735;Santa Cruz de Tenerife;38;Santa Cruz de Tenerife;124;Actor;6;202;34;33
5735;Santa Cruz de Tenerife;38;Santa Cruz de Tenerife;218;Chef;6;164;27;24
3921;Lleida;25;Lleida;552;Chambermaid;6;501;84;75
3921;Lleida;25;Lleida;221;Cook;6;210;35;20
4127;Logroño;26;La Rioja;552;Chambermaid;6;88;15;13
3260;Huelva;21;Huelva;552;Chambermaid;6;303;51;46
4359;Madrid;28;Madrid;32;Amusement Park Staff;6;163;27;21
4359;Madrid;28;Madrid;166;Customer Service Agent;6;155;26;34
4285;Alcalá de Henares;28;Madrid;591;Receptionist;6;415;69;53
4359;Madrid;28;Madrid;471;Tour Guide;6;379;63;60
4359;Madrid;28;Madrid;597;Intern in Reception;6;191;32;31
4359;Madrid;28;Madrid;550;Assistant Hotel Manager;6;167;28;35
4359;Madrid;28;Madrid;271;Hotel Sales Manager;6;253;42;29
4359;Madrid;28;Madrid;761;Technical Services Assistant;6;55;9;11
4526;Málaga;29;Málaga;254;Sous Chef;6;281;47;32
4513;Fuengirola;29;Málaga;669;Waiter;6;474;79;74
4484;Benalmádena;29;Málaga;669;Waiter;6;239;40;40
4510;Estepona;29;Málaga;552;Chambermaid;6;480;80;60
4526;Málaga;29;Málaga;761;Technical Services Assistant;6;63;11;12
4526;Málaga;29;Málaga;570;Assistant Head of Reception;6;321;54;50
4526;Málaga;29;Málaga;580;Front Office Manager;6;288;48;40
4526;Málaga;29;Málaga;584;Hotel Receptionist;6;338;56;51
4528;Marbella;29;Málaga;577;Concierge;6;288;48;48
4591;Murcia;30;Murcia;551;Assistant Executive Housekeeper;6;80;13;13
4817;Pamplona/Iruña;31;Navarra;552;Chambermaid;5;173;35;36
5251;Mogán;35;Las Palmas;221;Cook;5;130;26;26
5012;Oviedo;33;Asturias;6;Accounting Intern;5;0;0;0
4528;Marbella;29;Málaga;580;Front Office Manager;5;277;55;55
4528;Marbella;29;Málaga;489;Maintenance Manager;5;90;18;23
4528;Marbella;29;Málaga;630;Assistant Head Waiter;5;74;15;16
4528;Marbella;29;Málaga;653;Host/Hostess;5;311;62;42
4549;Torremolinos;29;Málaga;669;Waiter;5;231;46;49
4526;Málaga;29;Málaga;577;Concierge;5;346;69;65
4526;Málaga;29;Málaga;551;Assistant Executive Housekeeper;5;241;48;33
4526;Málaga;29;Málaga;713;Spa Manager;5;243;49;41
4526;Málaga;29;Málaga;630;Assistant Head Waiter;5;106;21;28
4528;Marbella;29;Málaga;89;Valet Parking;5;266;53;59
4528;Marbella;29;Málaga;181;GEX - Guest Experience Coordinator;5;170;34;43
4513;Fuengirola;29;Málaga;221;Cook;5;246;49;36
4484;Benalmádena;29;Málaga;226;Dishwasher;5;162;32;30
4526;Málaga;29;Málaga;79;Hotel Director;5;351;70;100
4526;Málaga;29;Málaga;177;GEX - Guest Experience Assistant;5;344;69;36
4526;Málaga;29;Málaga;218;Chef;5;100;20;18
4526;Málaga;29;Málaga;302;Sales Manager;5;110;22;25
4359;Madrid;28;Madrid;773;Cabin Crew;5;46;9;2
4359;Madrid;28;Madrid;715;Spa Therapist;5;189;38;33
4359;Madrid;28;Madrid;697;Masseur;5;187;37;46
4359;Madrid;28;Madrid;636;Barback;5;79;16;15
4407;San Fernando de Henares;28;Madrid;243;Kitchen Assistant;5;0;0;0
4482;Benahavís;29;Málaga;192;Call Center Agent;5;120;24;25
4359;Madrid;28;Madrid;273;Key Account Manager;5;93;19;7
4359;Madrid;28;Madrid;482;Electrical Maintenance Technician;5;69;14;12
4331;Coslada;28;Madrid;591;Receptionist;5;706;141;127
4359;Madrid;28;Madrid;78;Hotel Development Director;5;102;20;21
4359;Madrid;28;Madrid;142;Events Coordinator;5;195;39;44
4359;Madrid;28;Madrid;48;Operations Manager;5;327;65;39
4359;Madrid;28;Madrid;49;Revenue Manager;5;110;22;20
4359;Madrid;28;Madrid;50;Operations Specialist;5;86;17;17
3921;Lleida;25;Lleida;226;Dishwasher;5;259;52;69
5735;Santa Cruz de Tenerife;38;Santa Cruz de Tenerife;220;Commis Chef;5;180;36;27
5735;Santa Cruz de Tenerife;38;Santa Cruz de Tenerife;254;Sous Chef;5;107;21;15
5735;Santa Cruz de Tenerife;38;Santa Cruz de Tenerife;80;Hotel Manager;5;156;31;26
5735;Santa Cruz de Tenerife;38;Santa Cruz de Tenerife;584;Hotel Receptionist;5;258;52;52
5735;Santa Cruz de Tenerife;38;Santa Cruz de Tenerife;550;Assistant Hotel Manager;5;95;19;18
5258;San Bartolomé de Tirajana;35;Las Palmas;243;Kitchen Assistant;5;220;44;41
5254;Pájara;35;Las Palmas;221;Cook;5;130;26;18
5266;Tías;35;Las Palmas;551;Assistant Executive Housekeeper;5;82;16;18
5266;Tías;35;Las Palmas;669;Waiter;5;147;29;29
5272;Yaiza;35;Las Palmas;182;Service Manager;5;84;17;9
5272;Yaiza;35;Las Palmas;577;Concierge;5;74;15;17
5324;Sanxenxo;36;Pontevedra;552;Chambermaid;5;74;15;13
5324;Sanxenxo;36;Pontevedra;572;Bellboy;5;42;8;8
5697;Adeje;38;Santa Cruz de Tenerife;23;Administrative;5;160;32;28
5697;Adeje;38;Santa Cruz de Tenerife;130;Children's Animator;5;189;38;28
5330;Vigo;36;Pontevedra;243;Kitchen Assistant;5;166;33;35
5591;Salamanca;37;Salamanca;218;Chef;5;92;18;10
7492;Bilbao;48;Vizcaya;243;Kitchen Assistant;5;412;82;81
7492;Bilbao;48;Vizcaya;218;Chef;5;139;28;31
7492;Bilbao;48;Vizcaya;254;Sous Chef;5;116;23;24
7492;Bilbao;48;Vizcaya;551;Assistant Executive Housekeeper;5;163;33;21
8116;Zaragoza;50;Zaragoza;591;Receptionist;5;513;103;66
8652;Zapopan;112;Jalisco;113;Travel Agent;5;40;8;7
9934;San Luis Potosí;122;San Luis Potosí;113;Travel Agent;5;34;7;8
6488;Salou;43;Tarragona;221;Cook;5;304;61;60
6488;Salou;43;Tarragona;590;Reception Assistant;5;717;143;147
6488;Salou;43;Tarragona;591;Receptionist;5;465;93;115
6488;Salou;43;Tarragona;668;Waiter Assistant;5;585;117;137
6502;Tarragona;43;Tarragona;10;Accounts Manager;5;0;0;0
6502;Tarragona;43;Tarragona;79;Hotel Director;5;339;68;73
6502;Tarragona;43;Tarragona;221;Cook;5;174;35;51
6502;Tarragona;43;Tarragona;668;Waiter Assistant;5;427;85;80
6937;Toledo;45;Toledo;584;Hotel Receptionist;5;197;39;37
6937;Toledo;45;Toledo;218;Chef;5;60;12;11
6937;Toledo;45;Toledo;221;Cook;5;102;20;19
6155;Sevilla;41;Sevilla;80;Hotel Manager;5;386;77;89
6155;Sevilla;41;Sevilla;630;Assistant Head Waiter;5;228;46;61
6155;Sevilla;41;Sevilla;257;Chef de Partie;5;330;66;61
644;Badajoz;6;Badajoz;669;Waiter;5;176;35;38
796;Alaró;7;Islas Baleares;669;Waiter;5;142;28;25
797;Alcúdia;7;Islas Baleares;257;Chef de Partie;5;207;41;17
797;Alcúdia;7;Islas Baleares;590;Reception Assistant;5;302;60;87
797;Alcúdia;7;Islas Baleares;561;Housekeeping Staff;5;179;36;23
815;Ibiza;7;Islas Baleares;228;Executive Chef;5;87;17;13
815;Ibiza;7;Islas Baleares;218;Chef;5;205;41;40
815;Ibiza;7;Islas Baleares;254;Sous Chef;5;100;20;13
815;Ibiza;7;Islas Baleares;492;Maintenance Assistant;5;54;11;15
797;Alcúdia;7;Islas Baleares;664;Restaurant Section Head;5;103;21;18
797;Alcúdia;7;Islas Baleares;668;Waiter Assistant;5;412;82;76
152;Alicante/Alacant;3;Alicante;505;Car Washer;5;108;22;23
152;Alicante/Alacant;3;Alicante;533;Marketing Intern;5;25;5;4
152;Alicante/Alacant;3;Alicante;550;Assistant Hotel Manager;5;119;24;19
152;Alicante/Alacant;3;Alicante;286;Rental Sales Consultant;5;145;29;19
76;Caudete;2;Albacete;669;Waiter;5;39;8;3
168;Benidorm;3;Alicante;181;GEX - Guest Experience Coordinator;5;105;21;9
168;Benidorm;3;Alicante;220;Commis Chef;5;139;28;18
168;Benidorm;3;Alicante;300;Sales Host;5;149;30;26
168;Benidorm;3;Alicante;572;Bellboy;5;254;51;47
882;Barcelona;8;Barcelona;45;Chief Executive Officer (CEO);5;491;98;110
882;Barcelona;8;Barcelona;2;Accounting Assistant;5;156;31;15
881;Barberà del Vallès;8;Barcelona;591;Receptionist;5;237;47;47
876;Badalona;8;Barcelona;221;Cook;5;342;68;71
876;Badalona;8;Barcelona;591;Receptionist;5;346;69;74
837;Palma de Mallorca;7;Islas Baleares;767;Airport Operations Manager;5;128;26;32
837;Palma de Mallorca;7;Islas Baleares;661;Restaurant Manager;5;120;24;35
839;Pobla, Sa;7;Islas Baleares;243;Kitchen Assistant;5;72;14;16
843;Salines, Ses;7;Islas Baleares;221;Cook;5;192;38;27
821;Formentera;7;Islas Baleares;221;Cook;5;304;61;37
815;Ibiza;7;Islas Baleares;715;Spa Therapist;5;245;49;38
815;Ibiza;7;Islas Baleares;657;Bartender;5;245;49;45
815;Ibiza;7;Islas Baleares;661;Restaurant Manager;5;127;25;18
815;Ibiza;7;Islas Baleares;580;Front Office Manager;5;220;44;43
821;Formentera;7;Islas Baleares;580;Front Office Manager;5;166;33;37
837;Palma de Mallorca;7;Islas Baleares;577;Concierge;5;291;58;25
837;Palma de Mallorca;7;Islas Baleares;580;Front Office Manager;5;500;100;104
837;Palma de Mallorca;7;Islas Baleares;561;Housekeeping Staff;5;435;87;71
837;Palma de Mallorca;7;Islas Baleares;530;Marketing Assistant;5;177;35;27
837;Palma de Mallorca;7;Islas Baleares;551;Assistant Executive Housekeeper;5;202;40;18
837;Palma de Mallorca;7;Islas Baleares;630;Assistant Head Waiter;5;213;43;34
837;Palma de Mallorca;7;Islas Baleares;489;Maintenance Manager;5;152;30;32
837;Palma de Mallorca;7;Islas Baleares;293;Sales Agent;5;75;15;14
882;Barcelona;8;Barcelona;771;Bus Driver;5;115;23;22
882;Barcelona;8;Barcelona;628;Assistant Bar Manager;5;131;26;13
882;Barcelona;8;Barcelona;503;Warehouse Stock Handler;5;425;85;49
882;Barcelona;8;Barcelona;544;Social Media Manager;5;144;29;31
882;Barcelona;8;Barcelona;432;Events Sales Executive;5;127;25;28
882;Barcelona;8;Barcelona;314;Salesperson Call Center;5;35;7;1
1127;Santa Susanna;8;Barcelona;591;Receptionist;5;238;48;54
1778;Cádiz;11;Cádiz;669;Waiter;5;220;44;35
1572;Berrocalejo;10;Cáceres;591;Receptionist;5;0;0;0
1782;Conil de la Frontera;11;Cádiz;630;Assistant Head Waiter;5;64;13;14
3260;Huelva;21;Huelva;243;Kitchen Assistant;5;157;31;39
2784;Monachil;18;Granada;218;Chef;5;53;11;5
2784;Monachil;18;Granada;669;Waiter;5;102;20;18
2603;Sant Feliu de Guíxols;17;Girona;221;Cook;5;173;35;37
2543;Lloret de Mar;17;Girona;634;Bar Manager;5;169;34;33
1799;San Roque;11;Cádiz;552;Chambermaid;5;571;114;116
2151;A Coruña;15;A Coruña;669;Waiter;5;106;21;22
2483;Caldes de Malavella;17;Girona;221;Cook;5;208;42;53
2527;Girona;17;Girona;669;Waiter;5;166;33;28
2543;Lloret de Mar;17;Girona;159;Tourist Animator;5;837;167;195
31192;Orpesa;12;Castellón;552;Chambermaid;5;111;22;25
31458;Vila Nova de Gaia;387;Serzedo;221;Cook;5;33;7;4
31801;Lisbon;458;Avenidas Novas;669;Waiter;5;533;107;75
31801;Lisbon;458;Avenidas Novas;591;Receptionist;5;713;143;140
30283;Fuente Álamo de Murcia;30;Murcia;552;Chambermaid;5;253;51;38
32565;Dehesa de Campoamor;3;Alicante;551;Assistant Executive Housekeeper;5;152;30;26
32641;Oporto;147;Porto;8;Accounting Technician;5;139;28;30
32641;Oporto;147;Porto;113;Travel Agent;5;452;90;91
32641;Oporto;147;Porto;220;Commis Chef;5;150;30;30
33282;Foz do Douro;147;Porto;669;Waiter;5;87;17;17
32641;Oporto;147;Porto;650;Food and Beverage Manager;5;260;52;55
32641;Oporto;147;Porto;715;Spa Therapist;5;133;27;33
35013;Santiago del Monte;33;Asturias;286;Rental Sales Consultant;5;8;2;1
29681;Canillo;322;Canillo;507;Advertising Manager;5;97;19;22
29681;Canillo;322;Canillo;552;Chambermaid;5;491;98;108
29698;Can Pastilla;7;Islas Baleares;552;Chambermaid;5;272;54;57
29690;Costa Adeje;38;Santa Cruz de Tenerife;668;Waiter Assistant;5;121;24;19
29694;Islas Baleares;7;Islas Baleares;561;Housekeeping Staff;5;77;15;18
29810;Ciudad de México;131;Ciudad de México;764;Air Traffic Controller;5;71;14;10
29784;Comporta;390;Comporta;561;Housekeeping Staff;5;120;24;26
29743;Cales de Mallorca;7;Islas Baleares;591;Receptionist;5;230;46;34
29717;Las Palmas de Gran Canaria;35;Las Palmas;584;Hotel Receptionist;5;218;44;49
29717;Las Palmas de Gran Canaria;35;Las Palmas;254;Sous Chef;5;91;18;17
29717;Las Palmas de Gran Canaria;35;Las Palmas;630;Assistant Head Waiter;5;181;36;41
29717;Las Palmas de Gran Canaria;35;Las Palmas;218;Chef;5;263;53;51
29701;Puerto del Carmen;35;Las Palmas;652;Head Waiter;5;124;25;28
29717;Las Palmas de Gran Canaria;35;Las Palmas;59;Business Development Director;5;95;19;22
29743;Cales de Mallorca;7;Islas Baleares;257;Chef de Partie;5;64;13;15
29724;El Puerto de Santa María;11;Cádiz;221;Cook;5;207;41;37
11769;Vila Real;146;Vila Real;221;Cook;5;11;2;0
11769;Vila Real;146;Vila Real;669;Waiter;5;19;4;0
11773;Vila Nova de Gaia;147;Porto;591;Receptionist;5;275;55;37
11604;Quarteira;137;Faro;669;Waiter;5;146;29;21
11470;Lisboa;132;Lisboa;650;Food and Beverage Manager;5;160;32;36
11470;Lisboa;132;Lisboa;630;Assistant Head Waiter;5;127;25;22
11470;Lisboa;132;Lisboa;615;Human Resources Technician;5;220;44;39
11470;Lisboa;132;Lisboa;486;Facilities Technician;5;101;20;22
30175;Fuerteventura;35;Las Palmas;668;Waiter Assistant;5;102;20;18
30168;Jandia;35;Las Palmas;243;Kitchen Assistant;5;96;19;16
30168;Jandia;35;Las Palmas;552;Chambermaid;5;153;31;30
30100;L'Ampolla;43;Tarragona;552;Chambermaid;5;95;19;17
29947;Alvor;137;Faro;715;Spa Therapist;5;49;10;9
29950;Can Picafort;7;Islas Baleares;218;Chef;5;287;57;62
29950;Can Picafort;7;Islas Baleares;561;Housekeeping Staff;5;173;35;30
29950;Can Picafort;7;Islas Baleares;590;Reception Assistant;5;270;54;59
29985;Mallorca;419;Mallorca;165;Customer Service Advisor;5;0;0;0
29985;Mallorca;419;Mallorca;218;Chef;5;379;76;83
29985;Mallorca;419;Mallorca;293;Sales Agent;5;131;26;27
29815;Calviá;7;Islas Baleares;243;Kitchen Assistant;5;338;68;48
29815;Calviá;7;Islas Baleares;551;Assistant Executive Housekeeper;5;175;35;45
29815;Calviá;7;Islas Baleares;218;Chef;5;293;59;39
29813;Playas de Muro;7;Islas Baleares;221;Cook;5;159;32;13
29813;Playas de Muro;7;Islas Baleares;254;Sous Chef;5;149;30;11
29812;València;46;Valencia;653;Host/Hostess;5;404;81;46
29812;València;46;Valencia;557;Executive Housekeeper;5;146;29;14
29812;València;46;Valencia;286;Rental Sales Consultant;5;58;12;5
29815;Calviá;7;Islas Baleares;668;Waiter Assistant;5;303;61;32
29830;Lanzarote;35;Las Palmas;293;Sales Agent;5;70;14;17
29830;Lanzarote;35;Las Palmas;552;Chambermaid;5;114;23;22
29849;Puigpuñent;7;Islas Baleares;669;Waiter;5;350;70;58
29849;Puigpuñent;7;Islas Baleares;221;Cook;5;469;94;85
29851;L'Hospitalet de Llobregat;8;Barcelona;589;Night Receptionist;5;403;81;92
29886;Canyamel;7;Islas Baleares;669;Waiter;5;192;38;22
29858;Menorca;7;Islas Baleares;551;Assistant Executive Housekeeper;5;46;9;10
29873;Colonia de Sant Jordi;7;Islas Baleares;561;Housekeeping Staff;5;212;42;17
29877;El Prat de Llobregat;8;Barcelona;166;Customer Service Agent;4;133;33;39
29886;Canyamel;7;Islas Baleares;552;Chambermaid;4;404;101;92
29883;Portocolom;7;Islas Baleares;254;Sous Chef;4;151;38;32
29883;Portocolom;7;Islas Baleares;257;Chef de Partie;4;151;38;36
29900;Cala Rajada;7;Islas Baleares;221;Cook;4;39;10;9
29900;Cala Rajada;7;Islas Baleares;669;Waiter;4;82;21;20
29897;Corralejo;35;Las Palmas;552;Chambermaid;4;59;15;18
29900;Cala Rajada;7;Islas Baleares;552;Chambermaid;4;74;19;23
29844;Camp de Mar;7;Islas Baleares;257;Chef de Partie;4;147;37;38
29860;Peguera;7;Islas Baleares;221;Cook;4;167;42;28
29860;Peguera;7;Islas Baleares;669;Waiter;4;232;58;43
29856;La Manga;30;Murcia;550;Assistant Hotel Manager;4;165;41;45
29858;Menorca;7;Islas Baleares;254;Sous Chef;4;62;16;17
29830;Lanzarote;35;Las Palmas;591;Receptionist;4;337;84;63
29831;San Antonio Abad;7;Islas Baleares;591;Receptionist;4;314;79;69
29841;Melides;135;Setúbal;561;Housekeeping Staff;4;296;74;71
29828;Playa Blanca;35;Las Palmas;731;Pool Attendant;4;61;15;13
29830;Lanzarote;35;Las Palmas;130;Children's Animator;4;162;41;38
29830;Lanzarote;35;Las Palmas;177;GEX - Guest Experience Assistant;4;131;33;26
29815;Calviá;7;Islas Baleares;590;Reception Assistant;4;396;99;93
29815;Calviá;7;Islas Baleares;661;Restaurant Manager;4;115;29;27
29826;Cascaes;417;Cascais;221;Cook;4;77;19;17
29812;València;46;Valencia;218;Chef;4;205;51;51
29812;València;46;Valencia;551;Assistant Executive Housekeeper;4;75;19;13
29812;València;46;Valencia;652;Head Waiter;4;136;34;35
29812;València;46;Valencia;587;Night Auditor;4;249;62;56
29812;València;46;Valencia;665;Sommelier;4;153;38;38
29985;Mallorca;419;Mallorca;302;Sales Manager;4;72;18;21
29977;Tenerife;333;Islas Canarias;591;Receptionist;4;97;24;25
29950;Can Picafort;7;Islas Baleares;668;Waiter Assistant;4;134;34;32
29985;Mallorca;419;Mallorca;551;Assistant Executive Housekeeper;4;130;33;25
29985;Mallorca;419;Mallorca;572;Bellboy;4;198;50;32
30026;Palmanova;7;Islas Baleares;226;Dishwasher;4;405;101;107
30026;Palmanova;7;Islas Baleares;243;Kitchen Assistant;4;189;47;44
29985;Mallorca;419;Mallorca;669;Waiter;4;262;66;53
29950;Can Picafort;7;Islas Baleares;580;Front Office Manager;4;204;51;49
29947;Alvor;137;Faro;653;Host/Hostess;4;54;14;12
29947;Alvor;137;Faro;657;Bartender;4;26;7;8
29935;San Juan Bautista;7;Islas Baleares;657;Bartender;4;38;10;9
29935;San Juan Bautista;7;Islas Baleares;561;Housekeeping Staff;4;78;20;18
29947;Alvor;137;Faro;221;Cook;4;37;9;10
29935;San Juan Bautista;7;Islas Baleares;650;Food and Beverage Manager;4;101;25;27
29947;Alvor;137;Faro;564;Laundry Attendant;4;47;12;14
29947;Alvor;137;Faro;634;Bar Manager;4;19;5;5
29935;San Juan Bautista;7;Islas Baleares;221;Cook;4;132;33;20
29935;San Juan Bautista;7;Islas Baleares;504;Painter;4;87;22;20
29935;San Juan Bautista;7;Islas Baleares;257;Chef de Partie;4;46;12;10
29935;San Juan Bautista;7;Islas Baleares;479;Window Cleaner;4;15;4;4
30101;Cala Sant Vicenç;7;Islas Baleares;257;Chef de Partie;4;112;28;28
30060;Illes Balears;419;Mallorca;669;Waiter;4;267;67;41
30101;Cala Sant Vicenç;7;Islas Baleares;221;Cook;4;167;42;29
30153;San Jorge de ses Salines;7;Islas Baleares;552;Chambermaid;4;30;8;3
30153;San Jorge de ses Salines;7;Islas Baleares;550;Assistant Hotel Manager;4;88;22;24
30153;San Jorge de ses Salines;7;Islas Baleares;210;Assistant Baker;4;18;5;3
30153;San Jorge de ses Salines;7;Islas Baleares;503;Warehouse Stock Handler;4;34;9;3
30175;Fuerteventura;35;Las Palmas;221;Cook;4;92;23;19
30175;Fuerteventura;35;Las Palmas;550;Assistant Hotel Manager;4;105;26;23
30175;Fuerteventura;35;Las Palmas;584;Hotel Receptionist;4;176;44;44
30218;Puerto de Santiago;333;Islas Canarias;221;Cook;4;68;17;16
30224;Somosaguas;28;Madrid;669;Waiter;4;793;198;165
30194;Coímbra;142;Coimbra;669;Waiter;4;85;21;26
30245;Esquinzo;35;Las Palmas;552;Chambermaid;4;206;52;36
11470;Lisboa;132;Lisboa;503;Warehouse Stock Handler;4;148;37;25
11470;Lisboa;132;Lisboa;50;Operations Specialist;4;87;22;15
11470;Lisboa;132;Lisboa;762;Technologist brewing;4;58;15;15
11544;Tomar;134;Santarém;669;Waiter;4;152;38;34
11591;Albufeira;137;Faro;165;Customer Service Advisor;4;0;0;0
11591;Albufeira;137;Faro;221;Cook;4;75;19;20
11548;Alcochete;135;Setúbal;657;Bartender;4;46;12;11
11609;Tavira;137;Faro;591;Receptionist;4;128;32;33
11701;Espinho;143;Aveiro;584;Hotel Receptionist;4;65;16;17
11597;Faro;137;Faro;80;Hotel Manager;4;120;30;20
11475;Odivelas;132;Lisboa;23;Administrative;4;346;87;76
11603;Portimão;137;Faro;221;Cook;4;55;14;16
11769;Vila Real;146;Vila Real;248;Pastry Chef;4;0;0;0
11804;Braga;148;Braga;552;Chambermaid;4;257;64;58
11784;Porto;147;Porto;591;Receptionist;4;240;60;29
11815;Vila Verde;148;Braga;669;Waiter;4;141;35;39
29718;Puerto de Alcudia;7;Islas Baleares;552;Chambermaid;4;136;34;32
29743;Cales de Mallorca;7;Islas Baleares;221;Cook;4;56;14;13
29701;Puerto del Carmen;35;Las Palmas;669;Waiter;4;172;43;49
29717;Las Palmas de Gran Canaria;35;Las Palmas;664;Restaurant Section Head;4;70;18;17
29717;Las Palmas de Gran Canaria;35;Las Palmas;286;Rental Sales Consultant;4;79;20;18
29717;Las Palmas de Gran Canaria;35;Las Palmas;550;Assistant Hotel Manager;4;93;23;24
29805;Soldeu;322;Canillo;242;Sushiman;4;89;22;22
29805;Soldeu;322;Canillo;250;Pastry Shop Manager;4;72;18;18
29784;Comporta;390;Comporta;652;Head Waiter;4;36;9;9
29784;Comporta;390;Comporta;657;Bartender;4;45;11;12
29810;Ciudad de México;131;Ciudad de México;293;Sales Agent;4;106;27;22
29694;Islas Baleares;7;Islas Baleares;494;Maintenance Technician;4;149;37;39
29694;Islas Baleares;7;Islas Baleares;668;Waiter Assistant;4;436;109;56
29690;Costa Adeje;38;Santa Cruz de Tenerife;584;Hotel Receptionist;4;183;46;49
29694;Islas Baleares;7;Islas Baleares;243;Kitchen Assistant;4;245;61;41
29701;Puerto del Carmen;35;Las Palmas;493;Maintenance Officer;4;107;27;26
29681;Canillo;322;Canillo;206;Quality Specialist;4;76;19;21
29677;Portals Nous;7;Islas Baleares;669;Waiter;4;316;79;84
29681;Canillo;322;Canillo;436;Groups & Events Coordinator;4;98;25;27
29677;Portals Nous;7;Islas Baleares;226;Dishwasher;4;147;37;40
29687;Cala d'Or;7;Islas Baleares;664;Restaurant Section Head;4;50;13;13
29687;Cala d'Or;7;Islas Baleares;254;Sous Chef;4;102;26;26
29687;Cala d'Or;7;Islas Baleares;257;Chef de Partie;4;113;28;30
29687;Cala d'Or;7;Islas Baleares;221;Cook;4;136;34;25
29690;Costa Adeje;38;Santa Cruz de Tenerife;591;Receptionist;4;270;68;68
29690;Costa Adeje;38;Santa Cruz de Tenerife;518;Public Relations Director;4;107;27;27
29688;Morro Jable;35;Las Palmas;591;Receptionist;4;198;50;56
35403;El Priorato;43;Tarragona;665;Sommelier;4;49;12;16
32641;Oporto;147;Porto;771;Bus Driver;4;53;13;13
32641;Oporto;147;Porto;628;Assistant Bar Manager;4;102;26;22
32641;Oporto;147;Porto;632;Bakery Attendant;4;95;24;21
32641;Oporto;147;Porto;634;Bar Manager;4;128;32;32
32641;Oporto;147;Porto;636;Barback;4;142;36;32
32641;Oporto;147;Porto;661;Restaurant Manager;4;87;22;25
32641;Oporto;147;Porto;809;Skipper;4;46;12;12
33399;Santa Susana;17;Girona;221;Cook;4;143;36;42
32641;Oporto;147;Porto;254;Sous Chef;4;106;27;32
32641;Oporto;147;Porto;396;Sommelier Consultant;4;41;10;9
32641;Oporto;147;Porto;551;Assistant Executive Housekeeper;4;172;43;31
32641;Oporto;147;Porto;473;Tourism Agent;4;160;40;30
32641;Oporto;147;Porto;613;Human Resources Manager;4;129;32;33
32641;Oporto;147;Porto;10;Accounts Manager;4;93;23;25
32426;Estrela;132;Lisboa;669;Waiter;4;421;105;89
30261;Playa de Fañabé;333;Islas Canarias;669;Waiter;4;61;15;18
30378;Los Realejos;333;Islas Canarias;591;Receptionist;4;370;93;106
30619;Cullera;46;Valencia;591;Receptionist;4;361;90;90
31801;Lisbon;458;Avenidas Novas;494;Maintenance Technician;4;156;39;35
31458;Vila Nova de Gaia;387;Serzedo;561;Housekeeping Staff;4;138;35;40
31458;Vila Nova de Gaia;387;Serzedo;630;Assistant Head Waiter;4;24;6;1
31458;Vila Nova de Gaia;387;Serzedo;631;Assistant Restaurant Manager;4;14;4;0
31458;Vila Nova de Gaia;387;Serzedo;634;Bar Manager;4;39;10;7
31458;Vila Nova de Gaia;387;Serzedo;584;Hotel Receptionist;4;87;22;24
2543;Lloret de Mar;17;Girona;177;GEX - Guest Experience Assistant;4;134;34;35
2543;Lloret de Mar;17;Girona;243;Kitchen Assistant;4;240;60;62
2527;Girona;17;Girona;286;Rental Sales Consultant;4;74;19;6
2244;Belinchón;16;Cuenca;669;Waiter;4;27;7;5
2483;Caldes de Malavella;17;Girona;561;Housekeeping Staff;4;31;8;5
2523;Garrigàs;17;Girona;243;Kitchen Assistant;4;24;6;5
2495;Castelló d'Empúries;17;Girona;591;Receptionist;4;137;34;42
2199;Santiago de Compostela;15;A Coruña;10;Accounts Manager;4;0;0;0
2151;A Coruña;15;A Coruña;473;Tourism Agent;4;47;12;13
2151;A Coruña;15;A Coruña;552;Chambermaid;4;184;46;18
2067;Córdoba;14;Córdoba;243;Kitchen Assistant;4;154;39;43
2067;Córdoba;14;Córdoba;584;Hotel Receptionist;4;316;79;80
2543;Lloret de Mar;17;Girona;652;Head Waiter;4;151;38;36
2643;Tossa de Mar;17;Girona;494;Maintenance Technician;4;26;7;8
2643;Tossa de Mar;17;Girona;243;Kitchen Assistant;4;91;23;12
2672;Vilobí d'Onyar;17;Girona;166;Customer Service Agent;4;47;12;11
2749;Granada;18;Granada;257;Chef de Partie;4;73;18;17
2749;Granada;18;Granada;79;Hotel Director;4;436;109;121
2784;Monachil;18;Granada;591;Receptionist;4;104;26;16
2784;Monachil;18;Granada;630;Assistant Head Waiter;4;34;9;8
2749;Granada;18;Granada;218;Chef;4;187;47;53
2749;Granada;18;Granada;551;Assistant Executive Housekeeper;4;187;47;46
2749;Granada;18;Granada;170;Customer Service Manager;4;0;0;0
2749;Granada;18;Granada;572;Bellboy;4;314;79;88
2749;Granada;18;Granada;697;Masseur;4;170;43;45
3240;Cartaya;21;Huelva;243;Kitchen Assistant;4;58;15;10
2784;Monachil;18;Granada;257;Chef de Partie;4;61;15;13
3162;Donostia/San Sebastián;20;Guipúzcoa;166;Customer Service Agent;4;30;8;5
1782;Conil de la Frontera;11;Cádiz;492;Maintenance Assistant;4;119;30;31
1782;Conil de la Frontera;11;Cádiz;221;Cook;4;53;13;13
1782;Conil de la Frontera;11;Cádiz;257;Chef de Partie;4;27;7;7
1780;Chiclana de la Frontera;11;Cádiz;254;Sous Chef;4;55;14;13
1780;Chiclana de la Frontera;11;Cádiz;494;Maintenance Technician;4;11;3;3
1780;Chiclana de la Frontera;11;Cádiz;652;Head Waiter;4;81;20;22
1581;Cáceres;10;Cáceres;630;Assistant Head Waiter;4;59;15;14
1581;Cáceres;10;Cáceres;669;Waiter;4;142;36;36
1778;Cádiz;11;Cádiz;80;Hotel Manager;4;47;12;12
1778;Cádiz;11;Cádiz;254;Sous Chef;4;48;12;14
1778;Cádiz;11;Cádiz;668;Waiter Assistant;4;177;44;46
1778;Cádiz;11;Cádiz;494;Maintenance Technician;4;80;20;17
1778;Cádiz;11;Cádiz;165;Customer Service Advisor;4;0;0;0
1142;Terrassa;8;Barcelona;669;Waiter;4;197;49;48
1221;Burgos;9;Burgos;591;Receptionist;4;145;36;44
1069;Sant Cugat del Vallès;8;Barcelona;591;Receptionist;4;143;36;36
1127;Santa Susanna;8;Barcelona;221;Cook;4;166;42;49
882;Barcelona;8;Barcelona;358;Food and Beverage Consultant;4;38;10;10
882;Barcelona;8;Barcelona;437;Groups & Events Manager;4;269;67;47
882;Barcelona;8;Barcelona;479;Window Cleaner;4;40;10;12
882;Barcelona;8;Barcelona;345;Supply Department Assistant;4;143;36;27
882;Barcelona;8;Barcelona;248;Pastry Chef;4;225;56;45
882;Barcelona;8;Barcelona;519;Public Relations and Communication Director;4;77;19;22
882;Barcelona;8;Barcelona;637;Barista;4;362;91;96
882;Barcelona;8;Barcelona;642;Cocktail Bar Manager;4;135;34;32
882;Barcelona;8;Barcelona;745;Software Developer;4;41;10;12
882;Barcelona;8;Barcelona;796;Rider;4;205;51;48
898;Calella;8;Barcelona;552;Chambermaid;4;93;23;23
963;Granollers;8;Barcelona;591;Receptionist;4;119;30;26
993;Mollet del Vallès;8;Barcelona;591;Receptionist;4;262;66;66
837;Palma de Mallorca;7;Islas Baleares;316;Store Sales Assistant;4;534;134;141
837;Palma de Mallorca;7;Islas Baleares;471;Tour Guide;4;89;22;22
837;Palma de Mallorca;7;Islas Baleares;550;Assistant Hotel Manager;4;515;129;130
837;Palma de Mallorca;7;Islas Baleares;275;Marketing and Sales Manager;4;158;40;38
827;Llucmajor;7;Islas Baleares;572;Bellboy;4;207;52;47
827;Llucmajor;7;Islas Baleares;551;Assistant Executive Housekeeper;4;114;29;19
830;Maó-Mahón;7;Islas Baleares;652;Head Waiter;4;225;56;34
830;Maó-Mahón;7;Islas Baleares;669;Waiter;4;568;142;121
835;Montuïri;7;Islas Baleares;221;Cook;4;208;52;53
815;Ibiza;7;Islas Baleares;570;Assistant Head of Reception;4;104;26;28
815;Ibiza;7;Islas Baleares;577;Concierge;4;103;26;19
815;Ibiza;7;Islas Baleares;600;Revenue Agent;4;97;24;24
815;Ibiza;7;Islas Baleares;618;Occupational Risk Prevention Technician;4;33;8;8
815;Ibiza;7;Islas Baleares;630;Assistant Head Waiter;4;83;21;18
815;Ibiza;7;Islas Baleares;640;Cashier;4;207;52;41
847;Sant Josep de sa Talaia;7;Islas Baleares;221;Cook;4;94;24;26
837;Palma de Mallorca;7;Islas Baleares;715;Spa Therapist;4;176;44;43
837;Palma de Mallorca;7;Islas Baleares;761;Technical Services Assistant;4;109;27;30
851;Santa Eulària des Riu;7;Islas Baleares;2;Accounting Assistant;4;36;9;7
851;Santa Eulària des Riu;7;Islas Baleares;652;Head Waiter;4;216;54;51
851;Santa Eulària des Riu;7;Islas Baleares;577;Concierge;4;246;62;57
882;Barcelona;8;Barcelona;48;Operations Manager;4;194;49;37
882;Barcelona;8;Barcelona;30;Administrative Technician;4;107;27;21
851;Santa Eulària des Riu;7;Islas Baleares;668;Waiter Assistant;4;151;38;27
882;Barcelona;8;Barcelona;88;Office Manager;4;0;0;0
882;Barcelona;8;Barcelona;68;Financial Intern;4;26;7;7
882;Barcelona;8;Barcelona;111;Travel Agencies Account Manager;4;43;11;9
882;Barcelona;8;Barcelona;117;Travel guide;4;228;57;58
882;Barcelona;8;Barcelona;123;Activities Supervisor;4;71;18;21
168;Benidorm;3;Alicante;302;Sales Manager;4;111;28;28
168;Benidorm;3;Alicante;486;Facilities Technician;4;50;13;14
168;Benidorm;3;Alicante;436;Groups & Events Coordinator;4;123;31;26
168;Benidorm;3;Alicante;180;GEX - Guest Experience Manager;4;121;30;33
168;Benidorm;3;Alicante;165;Customer Service Advisor;4;54;14;0
156;Altea;3;Alicante;698;Nursing professionals;4;12;3;2
198;Crevillent;3;Alicante;221;Cook;4;262;66;70
168;Benidorm;3;Alicante;697;Masseur;4;110;28;26
152;Alicante/Alacant;3;Alicante;254;Sous Chef;4;106;27;23
152;Alicante/Alacant;3;Alicante;243;Kitchen Assistant;4;73;18;16
152;Alicante/Alacant;3;Alicante;561;Housekeeping Staff;4;221;55;41
152;Alicante/Alacant;3;Alicante;587;Night Auditor;4;217;54;51
152;Alicante/Alacant;3;Alicante;631;Assistant Restaurant Manager;4;150;38;35
152;Alicante/Alacant;3;Alicante;590;Reception Assistant;4;470;118;60
152;Alicante/Alacant;3;Alicante;650;Food and Beverage Manager;4;53;13;14
156;Altea;3;Alicante;552;Chambermaid;4;107;27;20
815;Ibiza;7;Islas Baleares;26;Administrative Assistant;4;175;44;25
811;Ciutadella de Menorca;7;Islas Baleares;494;Maintenance Technician;4;211;53;47
815;Ibiza;7;Islas Baleares;502;Technical Services Specialist;4;61;15;15
815;Ibiza;7;Islas Baleares;503;Warehouse Stock Handler;4;285;71;62
815;Ibiza;7;Islas Baleares;557;Executive Housekeeper;4;121;30;18
815;Ibiza;7;Islas Baleares;498;Swimming Pool Maintenance;4;36;9;7
815;Ibiza;7;Islas Baleares;490;Air Conditioning Maintenance Technician;4;27;7;6
815;Ibiza;7;Islas Baleares;484;Facilities Manager;4;30;8;9
815;Ibiza;7;Islas Baleares;247;Pastry Assistant;4;97;24;15
815;Ibiza;7;Islas Baleares;244;Meat Cutter;4;27;7;7
815;Ibiza;7;Islas Baleares;125;Animation Assistant;4;120;30;21
797;Alcúdia;7;Islas Baleares;647;Food and Beverage Assistant;4;186;47;42
797;Alcúdia;7;Islas Baleares;652;Head Waiter;4;97;24;14
797;Alcúdia;7;Islas Baleares;494;Maintenance Technician;4;112;28;27
797;Alcúdia;7;Islas Baleares;243;Kitchen Assistant;4;244;61;65
797;Alcúdia;7;Islas Baleares;89;Valet Parking;4;95;24;26
356;Roquetas de Mar;4;Almería;221;Cook;4;221;55;54
356;Roquetas de Mar;4;Almería;492;Maintenance Assistant;4;113;28;33
356;Roquetas de Mar;4;Almería;494;Maintenance Technician;4;51;13;13
356;Roquetas de Mar;4;Almería;669;Waiter;4;283;71;82
6155;Sevilla;41;Sevilla;286;Rental Sales Consultant;4;70;18;18
6155;Sevilla;41;Sevilla;503;Warehouse Stock Handler;4;102;26;28
6155;Sevilla;41;Sevilla;557;Executive Housekeeper;4;252;63;65
6155;Sevilla;41;Sevilla;632;Bakery Attendant;4;125;31;36
6155;Sevilla;41;Sevilla;628;Assistant Bar Manager;4;136;34;29
6390;Cambrils;43;Tarragona;591;Receptionist;4;413;103;97
6155;Sevilla;41;Sevilla;166;Customer Service Agent;4;160;40;2
6062;Aguadulce;41;Sevilla;221;Cook;4;132;33;24
6937;Toledo;45;Toledo;591;Receptionist;4;205;51;53
6724;Teruel;44;Teruel;79;Hotel Director;4;288;72;80
6502;Tarragona;43;Tarragona;584;Hotel Receptionist;4;374;94;81
6502;Tarragona;43;Tarragona;6;Accounting Intern;4;0;0;0
6488;Salou;43;Tarragona;492;Maintenance Assistant;4;304;76;68
6390;Cambrils;43;Tarragona;551;Assistant Executive Housekeeper;4;156;39;27
7492;Bilbao;48;Vizcaya;668;Waiter Assistant;4;196;49;34
8841;Naucalpan de Juárez;113;Estado de México;113;Travel Agent;4;68;17;19
11470;Lisboa;132;Lisboa;1;Accountant;4;91;23;21
7492;Bilbao;48;Vizcaya;494;Maintenance Technician;4;85;21;26
7492;Bilbao;48;Vizcaya;652;Head Waiter;4;111;28;29
8116;Zaragoza;50;Zaragoza;6;Accounting Intern;4;0;0;0
7418;Valladolid;47;Valladolid;591;Receptionist;4;154;39;33
6985;Alberic;46;Valencia;669;Waiter;4;35;9;4
7342;Olmedo;47;Valladolid;45;Chief Executive Officer (CEO);4;312;78;41
7126;Manises;46;Valencia;286;Rental Sales Consultant;4;29;7;8
5330;Vigo;36;Pontevedra;552;Chambermaid;4;113;28;32
5330;Vigo;36;Pontevedra;286;Rental Sales Consultant;4;37;9;6
5697;Adeje;38;Santa Cruz de Tenerife;150;Multifunctional Animator;4;0;0;0
5272;Yaiza;35;Las Palmas;696;Massage Therapist;4;109;27;27
5315;Pontevedra;36;Pontevedra;218;Chef;4;62;16;15
5272;Yaiza;35;Las Palmas;591;Receptionist;4;177;44;46
5272;Yaiza;35;Las Palmas;251;Pizzaiolo;4;54;14;14
5266;Tías;35;Las Palmas;668;Waiter Assistant;4;140;35;33
5266;Tías;35;Las Palmas;636;Barback;4;50;13;12
5266;Tías;35;Las Palmas;226;Dishwasher;4;62;16;21
5266;Tías;35;Las Palmas;567;Linen Keeper;4;69;17;16
5254;Pájara;35;Las Palmas;489;Maintenance Manager;4;69;17;16
5254;Pájara;35;Las Palmas;498;Swimming Pool Maintenance;4;41;10;11
5254;Pájara;35;Las Palmas;504;Painter;4;50;13;12
5254;Pájara;35;Las Palmas;551;Assistant Executive Housekeeper;4;55;14;13
5258;San Bartolomé de Tirajana;35;Las Palmas;221;Cook;4;85;21;24
5258;San Bartolomé de Tirajana;35;Las Palmas;226;Dishwasher;4;231;58;71
5258;San Bartolomé de Tirajana;35;Las Palmas;254;Sous Chef;4;91;23;20
5258;San Bartolomé de Tirajana;35;Las Palmas;493;Maintenance Officer;4;84;21;20
5254;Pájara;35;Las Palmas;668;Waiter Assistant;4;78;20;22
5258;San Bartolomé de Tirajana;35;Las Palmas;550;Assistant Hotel Manager;4;183;46;45
5735;Santa Cruz de Tenerife;38;Santa Cruz de Tenerife;286;Rental Sales Consultant;4;70;18;16
5826;Santander;39;Cantabria;552;Chambermaid;4;133;33;17
5735;Santa Cruz de Tenerife;38;Santa Cruz de Tenerife;2;Accounting Assistant;4;118;30;28
5697;Adeje;38;Santa Cruz de Tenerife;577;Concierge;4;88;22;21
5697;Adeje;38;Santa Cruz de Tenerife;584;Hotel Receptionist;4;183;46;52
5697;Adeje;38;Santa Cruz de Tenerife;561;Housekeeping Staff;4;45;11;10
5697;Adeje;38;Santa Cruz de Tenerife;570;Assistant Head of Reception;4;152;38;39
5697;Adeje;38;Santa Cruz de Tenerife;483;Electrician;4;57;14;15
5697;Adeje;38;Santa Cruz de Tenerife;492;Maintenance Assistant;4;87;22;25
5715;Guía de Isora;38;Santa Cruz de Tenerife;669;Waiter;4;99;25;23
5715;Guía de Isora;38;Santa Cruz de Tenerife;221;Cook;4;45;11;13
5702;Arona;38;Santa Cruz de Tenerife;257;Chef de Partie;4;56;14;15
5702;Arona;38;Santa Cruz de Tenerife;489;Maintenance Manager;4;56;14;12
5702;Arona;38;Santa Cruz de Tenerife;492;Maintenance Assistant;4;51;13;9
3921;Lleida;25;Lleida;6;Accounting Intern;4;0;0;0
4127;Logroño;26;La Rioja;669;Waiter;4;114;29;30
3940;Naut Aran;25;Lleida;221;Cook;4;118;30;30
4359;Madrid;28;Madrid;14;Accounts Payable Intern;4;31;8;6
4359;Madrid;28;Madrid;130;Children's Animator;4;137;34;4
4359;Madrid;28;Madrid;105;Business Travel Agent;4;236;59;62
4359;Madrid;28;Madrid;473;Tourism Agent;4;151;38;21
4359;Madrid;28;Madrid;501;Technical Services Officer;4;82;21;20
4359;Madrid;28;Madrid;530;Marketing Assistant;4;59;15;17
4359;Madrid;28;Madrid;300;Sales Host;4;157;39;22
4359;Madrid;28;Madrid;347;Warehouse Management Technician;4;90;23;18
4359;Madrid;28;Madrid;247;Pastry Assistant;4;57;14;13
4359;Madrid;28;Madrid;180;GEX - Guest Experience Manager;4;317;79;47
4457;Villaviciosa de Odón;28;Madrid;669;Waiter;4;131;33;28
4391;Pozuelo de Alarcón;28;Madrid;323;Buyer;4;21;5;4
4391;Pozuelo de Alarcón;28;Madrid;337;Purchasing Intern;4;62;16;15
4359;Madrid;28;Madrid;637;Barista;4;142;36;10
4359;Madrid;28;Madrid;711;Spa Assistant;4;185;46;47
4359;Madrid;28;Madrid;665;Sommelier;4;26;7;6
4391;Pozuelo de Alarcón;28;Madrid;221;Cook;4;227;57;57
4526;Málaga;29;Málaga;166;Customer Service Agent;4;12;3;0
4510;Estepona;29;Málaga;652;Head Waiter;4;223;56;35
4510;Estepona;29;Málaga;243;Kitchen Assistant;4;293;73;42
4528;Marbella;29;Málaga;300;Sales Host;4;52;13;13
4528;Marbella;29;Málaga;486;Facilities Technician;4;75;19;14
4528;Marbella;29;Málaga;119;Reservation Agent;4;202;51;47
4526;Málaga;29;Málaga;657;Bartender;4;92;23;19
4569;Alhama de Murcia;30;Murcia;668;Waiter Assistant;4;107;27;23
4549;Torremolinos;29;Málaga;551;Assistant Executive Housekeeper;4;239;60;52
4549;Torremolinos;29;Málaga;590;Reception Assistant;4;773;193;180
4528;Marbella;29;Málaga;680;Body Treatment Specialist;4;114;29;27
4528;Marbella;29;Málaga;690;Holistic Therapist;4;93;23;27
4528;Marbella;29;Málaga;492;Maintenance Assistant;4;187;47;49
4528;Marbella;29;Málaga;584;Hotel Receptionist;4;179;45;51
4528;Marbella;29;Málaga;589;Night Receptionist;4;147;37;37
4993;Gijón;33;Asturias;669;Waiter;4;46;12;13
5251;Mogán;35;Las Palmas;591;Receptionist;4;131;33;33
5251;Mogán;35;Las Palmas;664;Restaurant Section Head;4;35;9;7
5251;Mogán;35;Las Palmas;669;Waiter;4;93;23;19
5253;Oliva, La;35;Las Palmas;221;Cook;4;76;19;20
4817;Pamplona/Iruña;31;Navarra;669;Waiter;4;51;13;7
4577;Cartagena;30;Murcia;669;Waiter;4;149;37;38
4591;Murcia;30;Murcia;43;Casino Staff;4;50;13;12
4585;Lorca;30;Murcia;552;Chambermaid;3;121;40;38
4591;Murcia;30;Murcia;8;Accounting Technician;3;15;5;5
4591;Murcia;30;Murcia;483;Electrician;3;22;7;9
4591;Murcia;30;Murcia;489;Maintenance Manager;3;49;16;16
4845;Tudela;31;Navarra;669;Waiter;3;13;4;3
4817;Pamplona/Iruña;31;Navarra;113;Travel Agent;3;25;8;11
4591;Murcia;30;Murcia;494;Maintenance Technician;3;54;18;20
5012;Oviedo;33;Asturias;591;Receptionist;3;104;35;45
5251;Mogán;35;Las Palmas;226;Dishwasher;3;14;5;0
5251;Mogán;35;Las Palmas;254;Sous Chef;3;42;14;17
4993;Gijón;33;Asturias;221;Cook;3;56;19;27
4989;Corvera de Asturias;33;Asturias;218;Chef;3;105;35;36
4993;Gijón;33;Asturias;286;Rental Sales Consultant;3;15;5;1
4528;Marbella;29;Málaga;600;Revenue Agent;3;39;13;9
4528;Marbella;29;Málaga;606;Head of Human Resources;3;26;9;6
4528;Marbella;29;Málaga;493;Maintenance Officer;3;68;23;18
4528;Marbella;29;Málaga;494;Maintenance Technician;3;226;75;66
4528;Marbella;29;Málaga;504;Painter;3;30;10;10
4528;Marbella;29;Málaga;652;Head Waiter;3;104;35;35
4549;Torremolinos;29;Málaga;650;Food and Beverage Manager;3;118;39;49
4549;Torremolinos;29;Málaga;652;Head Waiter;3;116;39;38
4577;Cartagena;30;Murcia;221;Cook;3;39;13;13
4549;Torremolinos;29;Málaga;494;Maintenance Technician;3;96;32;27
4549;Torremolinos;29;Málaga;218;Chef;3;81;27;29
4526;Málaga;29;Málaga;661;Restaurant Manager;3;61;20;30
4526;Málaga;29;Málaga;665;Sommelier;3;83;28;25
4526;Málaga;29;Málaga;634;Bar Manager;3;83;28;27
4526;Málaga;29;Málaga;567;Linen Keeper;3;101;34;39
4526;Málaga;29;Málaga;593;Human Resources Intern;3;62;21;26
4526;Málaga;29;Málaga;489;Maintenance Manager;3;81;27;19
4526;Málaga;29;Málaga;550;Assistant Hotel Manager;3;219;73;69
4528;Marbella;29;Málaga;142;Events Coordinator;3;87;29;26
4528;Marbella;29;Málaga;167;Customer Service Assistant;3;122;41;27
4528;Marbella;29;Málaga;1;Accountant;3;70;23;23
4528;Marbella;29;Málaga;26;Administrative Assistant;3;122;41;40
4528;Marbella;29;Málaga;302;Sales Manager;3;74;25;23
4528;Marbella;29;Málaga;316;Store Sales Assistant;3;92;31;33
4528;Marbella;29;Málaga;180;GEX - Guest Experience Manager;3;73;24;26
4528;Marbella;29;Málaga;242;Sushiman;3;81;27;39
4528;Marbella;29;Málaga;266;Commercial and Marketing Manager;3;95;32;31
4528;Marbella;29;Málaga;248;Pastry Chef;3;95;32;26
4528;Marbella;29;Málaga;254;Sous Chef;3;58;19;11
4510;Estepona;29;Málaga;580;Front Office Manager;3;135;45;38
4510;Estepona;29;Málaga;584;Hotel Receptionist;3;60;20;29
4510;Estepona;29;Málaga;669;Waiter;3;151;50;58
4513;Fuengirola;29;Málaga;226;Dishwasher;3;97;32;24
4513;Fuengirola;29;Málaga;254;Sous Chef;3;151;50;27
4482;Benahavís;29;Málaga;119;Reservation Agent;3;102;34;33
4484;Benalmádena;29;Málaga;668;Waiter Assistant;3;99;33;48
4510;Estepona;29;Málaga;218;Chef;3;264;88;91
4510;Estepona;29;Málaga;221;Cook;3;114;38;28
4526;Málaga;29;Málaga;80;Hotel Manager;3;278;93;92
4513;Fuengirola;29;Málaga;652;Head Waiter;3;256;85;55
4513;Fuengirola;29;Málaga;561;Housekeeping Staff;3;556;185;183
4513;Fuengirola;29;Málaga;570;Assistant Head of Reception;3;166;55;56
4513;Fuengirola;29;Málaga;580;Front Office Manager;3;123;41;43
4513;Fuengirola;29;Málaga;181;GEX - Guest Experience Coordinator;3;191;64;62
4513;Fuengirola;29;Málaga;494;Maintenance Technician;3;135;45;44
4526;Málaga;29;Málaga;345;Supply Department Assistant;3;115;38;13
4526;Málaga;29;Málaga;270;Group Sales Manager;3;72;24;27
4526;Málaga;29;Málaga;170;Customer Service Manager;3;7;2;0
4391;Pozuelo de Alarcón;28;Madrid;78;Hotel Development Director;3;20;7;0
4391;Pozuelo de Alarcón;28;Madrid;6;Accounting Intern;3;46;15;14
4359;Madrid;28;Madrid;642;Cocktail Bar Manager;3;69;23;19
4359;Madrid;28;Madrid;615;Human Resources Technician;3;88;29;26
4359;Madrid;28;Madrid;620;Personnel Recruitment Technician;3;33;11;14
4391;Pozuelo de Alarcón;28;Madrid;533;Marketing Intern;3;55;18;18
4407;San Fernando de Henares;28;Madrid;221;Cook;3;0;0;0
4411;San Sebastián de los Reyes;28;Madrid;591;Receptionist;3;461;154;63
4359;Madrid;28;Madrid;213;Event Chef;3;158;53;60
4359;Madrid;28;Madrid;251;Pizzaiolo;3;66;22;30
4359;Madrid;28;Madrid;228;Executive Chef;3;133;44;26
4359;Madrid;28;Madrid;415;Conference & Events Trainee;3;113;38;43
4359;Madrid;28;Madrid;420;Events and Banquets Director;3;72;24;26
4359;Madrid;28;Madrid;277;MICE Sales Manager;3;69;23;26
4359;Madrid;28;Madrid;532;Marketing Director;3;66;22;22
4359;Madrid;28;Madrid;539;Public Relations Intern;3;22;7;9
4359;Madrid;28;Madrid;600;Revenue Agent;3;84;28;24
4359;Madrid;28;Madrid;503;Warehouse Stock Handler;3;187;62;70
4359;Madrid;28;Madrid;510;Brand Manager;3;50;17;16
4359;Madrid;28;Madrid;518;Public Relations Director;3;64;21;17
4359;Madrid;28;Madrid;438;Groups & Events Sales Manager;3;143;48;44
4359;Madrid;28;Madrid;485;Facilities Assistant;3;42;14;14
4359;Madrid;28;Madrid;111;Travel Agencies Account Manager;3;127;42;44
4359;Madrid;28;Madrid;117;Travel guide;3;134;45;47
4359;Madrid;28;Madrid;26;Administrative Assistant;3;280;93;78
4359;Madrid;28;Madrid;7;Accounting Manager;3;54;18;23
4359;Madrid;28;Madrid;43;Casino Staff;3;78;26;27
4359;Madrid;28;Madrid;55;Controller;3;84;28;29
4285;Alcalá de Henares;28;Madrid;221;Cook;3;72;24;23
4286;Alcobendas;28;Madrid;286;Rental Sales Consultant;3;69;23;24
4286;Alcobendas;28;Madrid;591;Receptionist;3;383;128;109
4241;Lugo;27;Lugo;221;Cook;3;26;9;7
4241;Lugo;27;Lugo;473;Tourism Agent;3;22;7;6
4285;Alcalá de Henares;28;Madrid;254;Sous Chef;3;70;23;25
4285;Alcalá de Henares;28;Madrid;668;Waiter Assistant;3;179;60;50
4285;Alcalá de Henares;28;Madrid;669;Waiter;3;160;53;38
3940;Naut Aran;25;Lleida;669;Waiter;3;181;60;61
4127;Logroño;26;La Rioja;591;Receptionist;3;133;44;59
4110;Haro;26;La Rioja;492;Maintenance Assistant;3;24;8;9
3921;Lleida;25;Lleida;10;Accounts Manager;3;0;0;0
3921;Lleida;25;Lleida;243;Kitchen Assistant;3;271;90;87
3921;Lleida;25;Lleida;119;Reservation Agent;3;239;80;77
3921;Lleida;25;Lleida;257;Chef de Partie;3;125;42;33
3940;Naut Aran;25;Lleida;248;Pastry Chef;3;23;8;7
3390;Fraga;22;Huesca;669;Waiter;3;8;3;0
3400;Huesca;22;Huesca;669;Waiter;3;19;6;7
3524;Carolina, La;23;Jaén;669;Waiter;3;61;20;24
3679;León;24;León;584;Hotel Receptionist;3;53;18;23
5702;Arona;38;Santa Cruz de Tenerife;551;Assistant Executive Housekeeper;3;56;19;18
5702;Arona;38;Santa Cruz de Tenerife;591;Receptionist;3;188;63;59
5715;Guía de Isora;38;Santa Cruz de Tenerife;243;Kitchen Assistant;3;31;10;9
5715;Guía de Isora;38;Santa Cruz de Tenerife;551;Assistant Executive Housekeeper;3;73;24;22
5715;Guía de Isora;38;Santa Cruz de Tenerife;580;Front Office Manager;3;81;27;24
5697;Adeje;38;Santa Cruz de Tenerife;505;Car Washer;3;50;17;17
5697;Adeje;38;Santa Cruz de Tenerife;248;Pastry Chef;3;60;20;19
5697;Adeje;38;Santa Cruz de Tenerife;184;Customer Experience Assistant;3;47;16;14
5697;Adeje;38;Santa Cruz de Tenerife;498;Swimming Pool Maintenance;3;22;7;0
5697;Adeje;38;Santa Cruz de Tenerife;489;Maintenance Manager;3;61;20;22
5697;Adeje;38;Santa Cruz de Tenerife;631;Assistant Restaurant Manager;3;30;10;15
5697;Adeje;38;Santa Cruz de Tenerife;652;Head Waiter;3;69;23;27
5735;Santa Cruz de Tenerife;38;Santa Cruz de Tenerife;262;Area Sales Manager;3;49;16;20
5724;Puerto de la Cruz;38;Santa Cruz de Tenerife;591;Receptionist;3;148;49;48
5724;Puerto de la Cruz;38;Santa Cruz de Tenerife;668;Waiter Assistant;3;205;68;41
5730;San Cristóbal de La Laguna;38;Santa Cruz de Tenerife;286;Rental Sales Consultant;3;18;6;5
5797;Noja;39;Cantabria;552;Chambermaid;3;38;13;18
5797;Noja;39;Cantabria;669;Waiter;3;24;8;10
5735;Santa Cruz de Tenerife;38;Santa Cruz de Tenerife;697;Masseur;3;181;60;60
5735;Santa Cruz de Tenerife;38;Santa Cruz de Tenerife;591;Receptionist;3;246;82;81
5735;Santa Cruz de Tenerife;38;Santa Cruz de Tenerife;589;Night Receptionist;3;80;27;18
5735;Santa Cruz de Tenerife;38;Santa Cruz de Tenerife;570;Assistant Head of Reception;3;158;53;43
5735;Santa Cruz de Tenerife;38;Santa Cruz de Tenerife;551;Assistant Executive Housekeeper;3;75;25;28
5258;San Bartolomé de Tirajana;35;Las Palmas;591;Receptionist;3;180;60;57
5262;Teguise;35;Las Palmas;552;Chambermaid;3;34;11;0
5262;Teguise;35;Las Palmas;668;Waiter Assistant;3;43;14;18
5254;Pájara;35;Las Palmas;493;Maintenance Officer;3;49;16;16
5254;Pájara;35;Las Palmas;630;Assistant Head Waiter;3;44;15;17
5266;Tías;35;Las Palmas;518;Public Relations Director;3;52;17;16
5262;Teguise;35;Las Palmas;493;Maintenance Officer;3;69;23;22
5266;Tías;35;Las Palmas;248;Pastry Chef;3;41;14;14
5266;Tías;35;Las Palmas;491;Kitchen Machinery Maintenance Technician;3;32;11;11
5266;Tías;35;Las Palmas;495;Mason;3;22;7;9
5266;Tías;35;Las Palmas;591;Receptionist;3;134;45;34
5266;Tías;35;Las Palmas;664;Restaurant Section Head;3;33;11;11
5272;Yaiza;35;Las Palmas;207;Quality Technician;3;19;6;7
5272;Yaiza;35;Las Palmas;167;Customer Service Assistant;3;56;19;14
5272;Yaiza;35;Las Palmas;488;Gardening Assistant;3;52;17;19
5272;Yaiza;35;Las Palmas;518;Public Relations Director;3;63;21;18
5272;Yaiza;35;Las Palmas;580;Front Office Manager;3;66;22;26
5315;Pontevedra;36;Pontevedra;221;Cook;3;98;33;33
5324;Sanxenxo;36;Pontevedra;591;Receptionist;3;108;36;40
5697;Adeje;38;Santa Cruz de Tenerife;159;Tourist Animator;3;131;44;27
5697;Adeje;38;Santa Cruz de Tenerife;127;Animation Manager;3;141;47;43
5591;Salamanca;37;Salamanca;489;Maintenance Manager;3;43;14;15
5697;Adeje;38;Santa Cruz de Tenerife;2;Accounting Assistant;3;84;28;20
5324;Sanxenxo;36;Pontevedra;113;Travel Agent;3;65;22;21
5591;Salamanca;37;Salamanca;192;Call Center Agent;3;123;41;46
5591;Salamanca;37;Salamanca;584;Hotel Receptionist;3;93;31;24
7126;Manises;46;Valencia;591;Receptionist;3;407;136;104
7314;Laguna de Duero;47;Valladolid;669;Waiter;3;63;21;20
7397;Tiedra;47;Valladolid;591;Receptionist;3;46;15;19
8116;Zaragoza;50;Zaragoza;165;Customer Service Advisor;3;0;0;0
7891;Calatayud;50;Zaragoza;669;Waiter;3;48;16;11
7492;Bilbao;48;Vizcaya;653;Host/Hostess;3;135;45;39
7492;Bilbao;48;Vizcaya;664;Restaurant Section Head;3;63;21;22
7492;Bilbao;48;Vizcaya;286;Rental Sales Consultant;3;39;13;14
7492;Bilbao;48;Vizcaya;226;Dishwasher;3;232;77;72
10233;Veracruz;128;Veracruz;113;Travel Agent;3;25;8;10
9906;Querétaro;120;Querétaro;2;Accounting Assistant;3;6;2;2
11451;Algés;132;Lisboa;113;Travel Agent;3;88;29;33
8119;Melilla;52;Melilla;257;Chef de Partie;3;42;14;14
8119;Melilla;52;Melilla;218;Chef;3;57;19;19
8119;Melilla;52;Melilla;221;Cook;3;38;13;13
6488;Salou;43;Tarragona;584;Hotel Receptionist;3;247;82;86
6488;Salou;43;Tarragona;669;Waiter;3;288;96;82
6502;Tarragona;43;Tarragona;669;Waiter;3;123;41;35
6937;Toledo;45;Toledo;630;Assistant Head Waiter;3;18;6;5
6937;Toledo;45;Toledo;165;Customer Service Advisor;3;0;0;0
6062;Aguadulce;41;Sevilla;243;Kitchen Assistant;3;109;36;36
6062;Aguadulce;41;Sevilla;254;Sous Chef;3;64;21;22
6062;Aguadulce;41;Sevilla;257;Chef de Partie;3;73;24;22
6001;Real Sitio de San Ildefonso;40;Segovia;668;Waiter Assistant;3;0;0;0
6062;Aguadulce;41;Sevilla;668;Waiter Assistant;3;110;37;32
6155;Sevilla;41;Sevilla;79;Hotel Director;3;221;74;72
6155;Sevilla;41;Sevilla;89;Valet Parking;3;147;49;64
6062;Aguadulce;41;Sevilla;552;Chambermaid;3;156;52;54
6390;Cambrils;43;Tarragona;628;Assistant Bar Manager;3;173;58;43
6155;Sevilla;41;Sevilla;637;Barista;3;95;32;29
6155;Sevilla;41;Sevilla;650;Food and Beverage Manager;3;124;41;48
6155;Sevilla;41;Sevilla;631;Assistant Restaurant Manager;3;98;33;33
6155;Sevilla;41;Sevilla;587;Night Auditor;3;224;75;76
6155;Sevilla;41;Sevilla;492;Maintenance Assistant;3;95;32;26
6155;Sevilla;41;Sevilla;493;Maintenance Officer;3;149;50;40
6155;Sevilla;41;Sevilla;358;Food and Beverage Consultant;3;21;7;7
6155;Sevilla;41;Sevilla;456;Wedding Planner;3;175;58;54
6155;Sevilla;41;Sevilla;335;Purchasing Coordinator;3;70;23;23
356;Roquetas de Mar;4;Almería;552;Chambermaid;3;336;112;112
218;Jávea/Xàbia;3;Alicante;669;Waiter;3;88;29;28
292;Almería;4;Almería;286;Rental Sales Consultant;3;34;11;8
292;Almería;4;Almería;494;Maintenance Technician;3;42;14;7
796;Alaró;7;Islas Baleares;552;Chambermaid;3;131;44;33
644;Badajoz;6;Badajoz;661;Restaurant Manager;3;8;3;1
797;Alcúdia;7;Islas Baleares;591;Receptionist;3;252;84;94
797;Alcúdia;7;Islas Baleares;572;Bellboy;3;146;49;41
815;Ibiza;7;Islas Baleares;167;Customer Service Assistant;3;169;56;67
815;Ibiza;7;Islas Baleares;168;Customer Service Coordinator;3;54;18;14
815;Ibiza;7;Islas Baleares;181;GEX - Guest Experience Coordinator;3;141;47;34
815;Ibiza;7;Islas Baleares;485;Facilities Assistant;3;110;37;24
815;Ibiza;7;Islas Baleares;486;Facilities Technician;3;81;27;4
815;Ibiza;7;Islas Baleares;358;Food and Beverage Consultant;3;24;8;8
811;Ciutadella de Menorca;7;Islas Baleares;577;Concierge;3;108;36;35
815;Ibiza;7;Islas Baleares;1;Accountant;3;32;11;13
815;Ibiza;7;Islas Baleares;79;Hotel Director;3;150;50;23
797;Alcúdia;7;Islas Baleares;254;Sous Chef;3;72;24;36
799;Andratx;7;Islas Baleares;551;Assistant Executive Housekeeper;3;18;6;4
156;Altea;3;Alicante;680;Body Treatment Specialist;3;26;9;7
156;Altea;3;Alicante;628;Assistant Bar Manager;3;16;5;4
156;Altea;3;Alicante;652;Head Waiter;3;25;8;12
156;Altea;3;Alicante;221;Cook;3;25;8;8
152;Alicante/Alacant;3;Alicante;630;Assistant Head Waiter;3;63;21;15
152;Alicante/Alacant;3;Alicante;570;Assistant Head of Reception;3;195;65;56
152;Alicante/Alacant;3;Alicante;572;Bellboy;3;146;49;43
152;Alicante/Alacant;3;Alicante;248;Pastry Chef;3;131;44;56
152;Alicante/Alacant;3;Alicante;293;Sales Agent;3;102;34;13
46;Vitoria-Gasteiz;1;Álava;221;Cook;3;11;4;3
149;Alfàs del Pi, l';3;Alicante;221;Cook;3;67;22;20
168;Benidorm;3;Alicante;593;Human Resources Intern;3;43;14;13
168;Benidorm;3;Alicante;616;Labor Administrative;3;104;35;22
187;Calp;3;Alicante;631;Assistant Restaurant Manager;3;45;15;14
187;Calp;3;Alicante;647;Food and Beverage Assistant;3;59;20;17
187;Calp;3;Alicante;221;Cook;3;133;44;46
198;Crevillent;3;Alicante;669;Waiter;3;260;87;109
168;Benidorm;3;Alicante;130;Children's Animator;3;107;36;19
168;Benidorm;3;Alicante;141;Entertainment Manager;3;76;25;25
168;Benidorm;3;Alicante;228;Executive Chef;3;87;29;29
168;Benidorm;3;Alicante;492;Maintenance Assistant;3;60;20;26
882;Barcelona;8;Barcelona;104;Data Analytics Specialist;3;86;29;31
882;Barcelona;8;Barcelona;142;Events Coordinator;3;161;54;65
882;Barcelona;8;Barcelona;235;Grill Chef;3;118;39;32
882;Barcelona;8;Barcelona;114;Travel Coordinator;3;111;37;30
882;Barcelona;8;Barcelona;59;Business Development Director;3;117;39;48
882;Barcelona;8;Barcelona;55;Controller;3;190;63;54
858;Sóller;7;Islas Baleares;248;Pastry Chef;3;61;20;21
858;Sóller;7;Islas Baleares;669;Waiter;3;234;78;57
860;Valldemossa;7;Islas Baleares;221;Cook;3;34;11;15
882;Barcelona;8;Barcelona;5;Accounting Director;3;0;0;0
882;Barcelona;8;Barcelona;47;Chief Operations Officer (COO);3;201;67;66
851;Santa Eulària des Riu;7;Islas Baleares;302;Sales Manager;3;47;16;16
851;Santa Eulària des Riu;7;Islas Baleares;561;Housekeeping Staff;3;99;33;17
854;Santanyí;7;Islas Baleares;79;Hotel Director;3;242;81;81
854;Santanyí;7;Islas Baleares;221;Cook;3;80;27;26
854;Santanyí;7;Islas Baleares;254;Sous Chef;3;89;30;23
854;Santanyí;7;Islas Baleares;551;Assistant Executive Housekeeper;3;74;25;24
854;Santanyí;7;Islas Baleares;552;Chambermaid;3;128;43;36
847;Sant Josep de sa Talaia;7;Islas Baleares;668;Waiter Assistant;3;129;43;26
847;Sant Josep de sa Talaia;7;Islas Baleares;590;Reception Assistant;3;223;74;77
851;Santa Eulària des Riu;7;Islas Baleares;489;Maintenance Manager;3;86;29;21
839;Pobla, Sa;7;Islas Baleares;221;Cook;3;74;25;30
837;Palma de Mallorca;7;Islas Baleares;692;Lifesaver;3;189;63;90
837;Palma de Mallorca;7;Islas Baleares;650;Food and Beverage Manager;3;110;37;34
839;Pobla, Sa;7;Islas Baleares;552;Chambermaid;3;337;112;146
840;Pollença;7;Islas Baleares;221;Cook;3;208;69;78
815;Ibiza;7;Islas Baleares;647;Food and Beverage Assistant;3;62;21;21
815;Ibiza;7;Islas Baleares;665;Sommelier;3;44;15;20
815;Ibiza;7;Islas Baleares;631;Assistant Restaurant Manager;3;26;9;9
815;Ibiza;7;Islas Baleares;628;Assistant Bar Manager;3;79;26;14
815;Ibiza;7;Islas Baleares;593;Human Resources Intern;3;28;9;11
820;Ferreries;7;Islas Baleares;494;Maintenance Technician;3;133;44;46
821;Formentera;7;Islas Baleares;257;Chef de Partie;3;192;64;66
828;Manacor;7;Islas Baleares;130;Children's Animator;3;0;0;0
830;Maó-Mahón;7;Islas Baleares;221;Cook;3;356;119;157
821;Formentera;7;Islas Baleares;664;Restaurant Section Head;3;51;17;18
837;Palma de Mallorca;7;Islas Baleares;49;Revenue Manager;3;77;26;26
837;Palma de Mallorca;7;Islas Baleares;119;Reservation Agent;3;289;96;43
837;Palma de Mallorca;7;Islas Baleares;55;Controller;3;43;14;11
835;Montuïri;7;Islas Baleares;591;Receptionist;3;323;108;117
835;Montuïri;7;Islas Baleares;668;Waiter Assistant;3;236;79;96
837;Palma de Mallorca;7;Islas Baleares;535;Marketing Specialist;3;46;15;16
837;Palma de Mallorca;7;Islas Baleares;634;Bar Manager;3;79;26;12
837;Palma de Mallorca;7;Islas Baleares;615;Human Resources Technician;3;34;11;10
837;Palma de Mallorca;7;Islas Baleares;492;Maintenance Assistant;3;88;29;33
837;Palma de Mallorca;7;Islas Baleares;493;Maintenance Officer;3;44;15;12
837;Palma de Mallorca;7;Islas Baleares;503;Warehouse Stock Handler;3;131;44;30
882;Barcelona;8;Barcelona;778;Car Driver;3;111;37;31
989;Mataró;8;Barcelona;286;Rental Sales Consultant;3;16;5;4
1030;Pineda de Mar;8;Barcelona;591;Receptionist;3;265;88;72
918;Castellbisbal;8;Barcelona;221;Cook;3;35;12;14
980;Manresa;8;Barcelona;166;Customer Service Agent;3;0;0;0
898;Calella;8;Barcelona;584;Hotel Receptionist;3;215;72;71
898;Calella;8;Barcelona;668;Waiter Assistant;3;39;13;17
898;Calella;8;Barcelona;243;Kitchen Assistant;3;157;52;53
920;Castelldefels;8;Barcelona;243;Kitchen Assistant;3;296;99;93
882;Barcelona;8;Barcelona;714;Spa Receptionist;3;175;58;24
882;Barcelona;8;Barcelona;715;Spa Therapist;3;129;43;40
882;Barcelona;8;Barcelona;697;Masseur;3;78;26;26
882;Barcelona;8;Barcelona;636;Barback;3;212;71;80
882;Barcelona;8;Barcelona;596;Recruitment Technician;3;55;18;22
882;Barcelona;8;Barcelona;515;Digital Marketing Director;3;50;17;17
882;Barcelona;8;Barcelona;502;Technical Services Specialist;3;19;6;8
882;Barcelona;8;Barcelona;529;Graphic Designer Intern;3;61;20;16
882;Barcelona;8;Barcelona;530;Marketing Assistant;3;118;39;26
882;Barcelona;8;Barcelona;535;Marketing Specialist;3;35;12;12
882;Barcelona;8;Barcelona;560;Cleaning Manager;3;131;44;33
882;Barcelona;8;Barcelona;267;Commercial Manager;3;44;15;17
882;Barcelona;8;Barcelona;270;Group Sales Manager;3;163;54;55
882;Barcelona;8;Barcelona;274;Marketing and Sales Director;3;71;24;23
882;Barcelona;8;Barcelona;275;Marketing and Sales Manager;3;140;47;49
882;Barcelona;8;Barcelona;277;MICE Sales Manager;3;42;14;16
882;Barcelona;8;Barcelona;346;Supply Department Manager;3;182;61;46
882;Barcelona;8;Barcelona;333;Purchasing and Warehouse Manager;3;103;34;45
882;Barcelona;8;Barcelona;323;Buyer;3;54;18;15
882;Barcelona;8;Barcelona;313;Sales Assistant;3;18;6;6
882;Barcelona;8;Barcelona;482;Electrical Maintenance Technician;3;71;24;31
882;Barcelona;8;Barcelona;446;MICE Manager;3;113;38;42
882;Barcelona;8;Barcelona;485;Facilities Assistant;3;37;12;17
882;Barcelona;8;Barcelona;399;Sustainable Tourism Consultant;3;40;13;17
882;Barcelona;8;Barcelona;420;Events and Banquets Director;3;101;34;36
882;Barcelona;8;Barcelona;436;Groups & Events Coordinator;3;129;43;39
1127;Santa Susanna;8;Barcelona;557;Executive Housekeeper;3;70;23;23
1126;Santa Perpètua de Mogoda;8;Barcelona;669;Waiter;3;8;3;2
1069;Sant Cugat del Vallès;8;Barcelona;669;Waiter;3;93;31;28
1030;Pineda de Mar;8;Barcelona;652;Head Waiter;3;92;31;26
1054;Sabadell;8;Barcelona;10;Accounts Manager;3;0;0;0
1054;Sabadell;8;Barcelona;286;Rental Sales Consultant;3;18;6;6
1054;Sabadell;8;Barcelona;572;Bellboy;3;107;36;37
1054;Sabadell;8;Barcelona;668;Waiter Assistant;3;110;37;24
1060;Sant Andreu de la Barca;8;Barcelona;591;Receptionist;3;105;35;40
1069;Sant Cugat del Vallès;8;Barcelona;221;Cook;3;167;56;52
1069;Sant Cugat del Vallès;8;Barcelona;584;Hotel Receptionist;3;218;73;76
1221;Burgos;9;Burgos;494;Maintenance Technician;3;29;10;10
1221;Burgos;9;Burgos;254;Sous Chef;3;32;11;14
1343;Miranda de Ebro;9;Burgos;669;Waiter;3;38;13;17
1168;Vilanova i la Geltrú;8;Barcelona;631;Assistant Restaurant Manager;3;46;15;13
1131;Sitges;8;Barcelona;591;Receptionist;3;271;90;70
1127;Santa Susanna;8;Barcelona;669;Waiter;3;114;38;43
1778;Cádiz;11;Cádiz;181;GEX - Guest Experience Coordinator;3;154;51;38
1778;Cádiz;11;Cádiz;226;Dishwasher;3;81;27;24
1581;Cáceres;10;Cáceres;221;Cook;3;88;29;29
1581;Cáceres;10;Cáceres;493;Maintenance Officer;3;12;4;5
1581;Cáceres;10;Cáceres;587;Night Auditor;3;99;33;39
1581;Cáceres;10;Cáceres;591;Receptionist;3;153;51;30
1780;Chiclana de la Frontera;11;Cádiz;489;Maintenance Manager;3;38;13;15
1780;Chiclana de la Frontera;11;Cádiz;669;Waiter;3;70;23;26
1782;Conil de la Frontera;11;Cádiz;167;Customer Service Assistant;3;108;36;34
1782;Conil de la Frontera;11;Cádiz;226;Dishwasher;3;68;23;26
1782;Conil de la Frontera;11;Cádiz;552;Chambermaid;3;62;21;20
1786;Jerez de la Frontera;11;Cádiz;552;Chambermaid;3;363;121;104
3162;Donostia/San Sebastián;20;Guipúzcoa;561;Housekeeping Staff;3;101;34;32
3162;Donostia/San Sebastián;20;Guipúzcoa;584;Hotel Receptionist;3;108;36;15
3162;Donostia/San Sebastián;20;Guipúzcoa;243;Kitchen Assistant;3;62;21;19
3162;Donostia/San Sebastián;20;Guipúzcoa;690;Holistic Therapist;3;52;17;15
2784;Monachil;18;Granada;664;Restaurant Section Head;3;15;5;0
3240;Cartaya;21;Huelva;221;Cook;3;53;18;12
2749;Granada;18;Granada;650;Food and Beverage Manager;3;164;55;51
2749;Granada;18;Granada;652;Head Waiter;3;82;27;29
2749;Granada;18;Granada;580;Front Office Manager;3;285;95;106
2749;Granada;18;Granada;438;Groups & Events Sales Manager;3;81;27;32
2749;Granada;18;Granada;441;Head Waiter for Catering & Events;3;80;27;30
3162;Donostia/San Sebastián;20;Guipúzcoa;79;Hotel Director;3;207;69;73
2749;Granada;18;Granada;570;Assistant Head of Reception;3;211;70;67
2784;Monachil;18;Granada;226;Dishwasher;3;11;4;3
2643;Tossa de Mar;17;Girona;221;Cook;3;80;27;20
2643;Tossa de Mar;17;Girona;159;Tourist Animator;3;244;81;75
2643;Tossa de Mar;17;Girona;254;Sous Chef;3;21;7;7
2543;Lloret de Mar;17;Girona;657;Bartender;3;225;75;85
2546;Maçanet de la Selva;17;Girona;669;Waiter;3;16;5;5
2543;Lloret de Mar;17;Girona;473;Tourism Agent;3;66;22;20
2595;Roses;17;Girona;697;Masseur;3;97;32;35
2603;Sant Feliu de Guíxols;17;Girona;584;Hotel Receptionist;3;116;39;44
2624;Santa Cristina d'Aro;17;Girona;561;Housekeeping Staff;3;79;26;29
2638;Torrent;17;Girona;668;Waiter Assistant;3;100;33;45
2067;Córdoba;14;Córdoba;80;Hotel Manager;3;119;40;32
2067;Córdoba;14;Córdoba;170;Customer Service Manager;3;0;0;0
2067;Córdoba;14;Córdoba;257;Chef de Partie;3;102;34;10
1786;Jerez de la Frontera;11;Cádiz;221;Cook;3;162;54;72
1799;San Roque;11;Cádiz;226;Dishwasher;3;153;51;66
1799;San Roque;11;Cádiz;243;Kitchen Assistant;3;94;31;47
1799;San Roque;11;Cádiz;669;Waiter;3;204;68;70
1799;San Roque;11;Cádiz;692;Lifesaver;3;83;28;26
1980;Ciudad Real;13;Ciudad Real;661;Restaurant Manager;3;8;3;3
1799;San Roque;11;Cádiz;551;Assistant Executive Housekeeper;3;378;126;129
2151;A Coruña;15;A Coruña;301;Sales Intern;3;47;16;6
2151;A Coruña;15;A Coruña;111;Travel Agencies Account Manager;3;57;19;20
2199;Santiago de Compostela;15;A Coruña;243;Kitchen Assistant;3;71;24;20
2199;Santiago de Compostela;15;A Coruña;669;Waiter;3;25;8;2
2495;Castelló d'Empúries;17;Girona;669;Waiter;3;98;33;30
2496;Castell-Platja d'Aro;17;Girona;221;Cook;3;122;41;41
2496;Castell-Platja d'Aro;17;Girona;669;Waiter;3;68;23;21
2523;Garrigàs;17;Girona;631;Assistant Restaurant Manager;3;12;4;4
2473;Blanes;17;Girona;669;Waiter;3;56;19;10
2495;Castelló d'Empúries;17;Girona;243;Kitchen Assistant;3;129;43;39
2278;Castillejo de Iniesta;16;Cuenca;669;Waiter;3;12;4;4
2527;Girona;17;Girona;221;Cook;3;93;31;29
2543;Lloret de Mar;17;Girona;557;Executive Housekeeper;3;71;24;26
2543;Lloret de Mar;17;Girona;584;Hotel Receptionist;3;84;28;34
2543;Lloret de Mar;17;Girona;257;Chef de Partie;3;130;43;42
2543;Lloret de Mar;17;Girona;213;Event Chef;3;81;27;22
31458;Vila Nova de Gaia;387;Serzedo;652;Head Waiter;3;34;11;10
31458;Vila Nova de Gaia;387;Serzedo;226;Dishwasher;3;359;120;128
31458;Vila Nova de Gaia;387;Serzedo;278;National Sales Executive;3;0;0;0
31190;Arroios;146;Vila Real;561;Housekeeping Staff;3;256;85;52
31801;Lisbon;458;Avenidas Novas;652;Head Waiter;3;59;20;23
30615;Empuriabrava;17;Girona;494;Maintenance Technician;3;57;19;13
30374;Campanhã;147;Porto;221;Cook;3;227;76;106
30282;Sierra Nevada;18;Granada;561;Housekeeping Staff;3;163;54;58
32426;Estrela;132;Lisboa;652;Head Waiter;3;63;21;24
31926;El Albir;3;Alicante;572;Bellboy;3;64;21;19
32641;Oporto;147;Porto;119;Reservation Agent;3;237;79;111
31458;Vila Nova de Gaia;387;Serzedo;577;Concierge;3;37;12;16
32641;Oporto;147;Porto;23;Administrative;3;433;144;155
32641;Oporto;147;Porto;26;Administrative Assistant;3;181;60;54
32641;Oporto;147;Porto;570;Assistant Head of Reception;3;88;29;25
32641;Oporto;147;Porto;486;Facilities Technician;3;31;10;10
32641;Oporto;147;Porto;293;Sales Agent;3;76;25;25
32641;Oporto;147;Porto;459;Adventure Tour Guide;3;45;15;13
32641;Oporto;147;Porto;316;Store Sales Assistant;3;142;47;44
32641;Oporto;147;Porto;257;Chef de Partie;3;65;22;23
32641;Oporto;147;Porto;248;Pastry Chef;3;40;13;12
32641;Oporto;147;Porto;250;Pastry Shop Manager;3;31;10;11
32641;Oporto;147;Porto;177;GEX - Guest Experience Assistant;3;67;22;20
32641;Oporto;147;Porto;198;Call Center Technician;3;20;7;7
33416;Villahermosa;125;Tabasco;113;Travel Agent;3;51;17;20
33392;Sagres;420;Santo António;591;Receptionist;3;49;16;15
32916;Cala Murada;7;Islas Baleares;218;Chef;3;71;24;26
32641;Oporto;147;Porto;665;Sommelier;3;26;9;10
32641;Oporto;147;Porto;631;Assistant Restaurant Manager;3;56;19;18
32641;Oporto;147;Porto;804;Ship Captain;3;5;2;2
32916;Cala Murada;7;Islas Baleares;669;Waiter;3;127;42;33
37280;Municipio de Manresa;17;Girona;10;Accounts Manager;3;0;0;0
36058;Torrent;17;Girona;668;Waiter Assistant;3;171;57;55
35291;Lisbon;427;Arroios;580;Front Office Manager;3;106;35;33
34503;Playa de Migjorn;7;Islas Baleares;80;Hotel Manager;3;65;22;22
29690;Costa Adeje;38;Santa Cruz de Tenerife;119;Reservation Agent;3;67;22;22
29690;Costa Adeje;38;Santa Cruz de Tenerife;159;Tourist Animator;3;225;75;51
29690;Costa Adeje;38;Santa Cruz de Tenerife;254;Sous Chef;3;58;19;18
29687;Cala d'Or;7;Islas Baleares;669;Waiter;3;241;80;108
29688;Morro Jable;35;Las Palmas;221;Cook;3;70;23;24
29688;Morro Jable;35;Las Palmas;226;Dishwasher;3;55;18;21
29688;Morro Jable;35;Las Palmas;552;Chambermaid;3;109;36;54
11854;Funchal;182;Madeira;591;Receptionist;3;66;22;21
29677;Portals Nous;7;Islas Baleares;580;Front Office Manager;3;145;48;53
29677;Portals Nous;7;Islas Baleares;591;Receptionist;3;242;81;104
29681;Canillo;322;Canillo;494;Maintenance Technician;3;58;19;25
29681;Canillo;322;Canillo;119;Reservation Agent;3;203;68;52
29681;Canillo;322;Canillo;572;Bellboy;3;132;44;41
29681;Canillo;322;Canillo;503;Warehouse Stock Handler;3;88;29;42
29681;Canillo;322;Canillo;551;Assistant Executive Housekeeper;3;53;18;23
29681;Canillo;322;Canillo;591;Receptionist;3;261;87;86
29700;El Maresme;317;Cataluña;221;Cook;3;55;18;21
29698;Can Pastilla;7;Islas Baleares;577;Concierge;3;93;31;28
29698;Can Pastilla;7;Islas Baleares;591;Receptionist;3;240;80;96
29698;Can Pastilla;7;Islas Baleares;669;Waiter;3;230;77;92
29695;Cancún;121;Quintana Roo;95;Supplies Manager;3;9;3;3
29690;Costa Adeje;38;Santa Cruz de Tenerife;630;Assistant Head Waiter;3;65;22;22
29694;Islas Baleares;7;Islas Baleares;591;Receptionist;3;473;158;111
29694;Islas Baleares;7;Islas Baleares;510;Brand Manager;3;27;9;10
29810;Ciudad de México;131;Ciudad de México;446;MICE Manager;3;20;7;7
29810;Ciudad de México;131;Ciudad de México;760;Product Development Manager;3;34;11;11
29812;València;46;Valencia;26;Administrative Assistant;3;193;64;54
29812;València;46;Valencia;49;Revenue Manager;3;92;31;36
29805;Soldeu;322;Canillo;653;Host/Hostess;3;46;15;9
29805;Soldeu;322;Canillo;657;Bartender;3;124;41;43
29805;Soldeu;322;Canillo;669;Waiter;3;139;46;51
29805;Soldeu;322;Canillo;577;Concierge;3;171;57;65
29810;Ciudad de México;131;Ciudad de México;26;Administrative Assistant;3;79;26;24
29810;Ciudad de México;131;Ciudad de México;119;Reservation Agent;3;79;26;29
29784;Comporta;390;Comporta;653;Host/Hostess;3;74;25;25
29784;Comporta;390;Comporta;591;Receptionist;3;201;67;30
29784;Comporta;390;Comporta;628;Assistant Bar Manager;3;59;20;28
29784;Comporta;390;Comporta;632;Bakery Attendant;3;37;12;11
29805;Soldeu;322;Canillo;254;Sous Chef;3;42;14;11
29805;Soldeu;322;Canillo;221;Cook;3;143;48;37
29784;Comporta;390;Comporta;218;Chef;3;44;15;15
29805;Soldeu;322;Canillo;551;Assistant Executive Housekeeper;3;116;39;41
29717;Las Palmas de Gran Canaria;35;Las Palmas;483;Electrician;3;45;15;21
29717;Las Palmas de Gran Canaria;35;Las Palmas;577;Concierge;3;94;31;37
29717;Las Palmas de Gran Canaria;35;Las Palmas;79;Hotel Director;3;98;33;31
29698;Can Pastilla;7;Islas Baleares;494;Maintenance Technician;3;127;42;39
29743;Cales de Mallorca;7;Islas Baleares;552;Chambermaid;3;49;16;6
29734;Carvalhal;135;Setúbal;715;Spa Therapist;3;51;17;15
29743;Cales de Mallorca;7;Islas Baleares;218;Chef;3;61;20;20
29730;Puerto de Mazarrón;30;Murcia;550;Assistant Hotel Manager;3;106;35;48
29734;Carvalhal;135;Setúbal;580;Front Office Manager;3;52;17;16
29730;Puerto de Mazarrón;30;Murcia;221;Cook;3;49;16;14
11815;Vila Verde;148;Braga;552;Chambermaid;3;67;22;22
11831;Lagoa;150;Açores;221;Cook;3;54;18;15
11831;Lagoa;150;Açores;242;Sushiman;3;59;20;26
11831;Lagoa;150;Açores;552;Chambermaid;3;63;21;16
11831;Lagoa;150;Açores;669;Waiter;3;62;21;15
11831;Lagoa;150;Açores;715;Spa Therapist;3;39;13;12
11786;Póvoa de Varzim;147;Porto;628;Assistant Bar Manager;3;26;9;10
11794;Santo Tirso;147;Porto;221;Cook;3;83;28;31
11769;Vila Real;146;Vila Real;653;Host/Hostess;3;0;0;0
11773;Vila Nova de Gaia;147;Porto;467;Museum Guide;3;83;28;28
11773;Vila Nova de Gaia;147;Porto;221;Cook;3;92;31;32
11773;Vila Nova de Gaia;147;Porto;657;Bartender;3;57;19;16
11773;Vila Nova de Gaia;147;Porto;557;Executive Housekeeper;3;47;16;15
11784;Porto;147;Porto;489;Maintenance Manager;3;40;13;10
11784;Porto;147;Porto;243;Kitchen Assistant;3;138;46;39
11784;Porto;147;Porto;634;Bar Manager;3;67;22;20
11597;Faro;137;Faro;591;Receptionist;3;290;97;101
11603;Portimão;137;Faro;248;Pastry Chef;3;36;12;13
11604;Quarteira;137;Faro;248;Pastry Chef;3;11;4;4
11604;Quarteira;137;Faro;254;Sous Chef;3;43;14;10
11604;Quarteira;137;Faro;257;Chef de Partie;3;42;14;15
11604;Quarteira;137;Faro;221;Cook;3;66;22;19
11604;Quarteira;137;Faro;544;Social Media Manager;3;52;17;10
11604;Quarteira;137;Faro;577;Concierge;3;37;12;12
11604;Quarteira;137;Faro;584;Hotel Receptionist;3;60;20;20
11701;Espinho;143;Aveiro;628;Assistant Bar Manager;3;54;18;14
11674;Coimbra;142;Coimbra;669;Waiter;3;100;33;37
11676;Figueira da Foz;142;Coimbra;584;Hotel Receptionist;3;64;21;20
11604;Quarteira;137;Faro;591;Receptionist;3;69;23;21
11604;Quarteira;137;Faro;657;Bartender;3;50;17;15
11609;Tavira;137;Faro;221;Cook;3;53;18;18
11548;Alcochete;135;Setúbal;669;Waiter;3;57;19;18
11557;Costa de Caparica;135;Setúbal;591;Receptionist;3;177;59;36
11559;Grândola;135;Setúbal;669;Waiter;3;48;16;16
11591;Albufeira;137;Faro;494;Maintenance Technician;3;46;15;16
11591;Albufeira;137;Faro;561;Housekeeping Staff;3;235;78;21
11548;Alcochete;135;Setúbal;587;Night Auditor;3;68;23;16
11548;Alcochete;135;Setúbal;218;Chef;3;55;18;17
11548;Alcochete;135;Setúbal;494;Maintenance Technician;3;40;13;13
11513;Nazaré;133;Leiria;218;Chef;3;79;26;39
11470;Lisboa;132;Lisboa;647;Food and Beverage Assistant;3;76;25;24
11470;Lisboa;132;Lisboa;664;Restaurant Section Head;3;82;27;26
11470;Lisboa;132;Lisboa;725;Security Guard;3;16;5;2
11470;Lisboa;132;Lisboa;8;Accounting Technician;3;50;17;16
11470;Lisboa;132;Lisboa;10;Accounts Manager;3;54;18;22
11470;Lisboa;132;Lisboa;159;Tourist Animator;3;87;29;30
11470;Lisboa;132;Lisboa;114;Travel Coordinator;3;169;56;49
11470;Lisboa;132;Lisboa;100;Warehouse Manager;3;208;69;84
11470;Lisboa;132;Lisboa;200;Customer Support Technician;3;66;22;21
11470;Lisboa;132;Lisboa;226;Dishwasher;3;217;72;91
11470;Lisboa;132;Lisboa;482;Electrical Maintenance Technician;3;51;17;17
11470;Lisboa;132;Lisboa;473;Tourism Agent;3;163;54;38
11470;Lisboa;132;Lisboa;302;Sales Manager;3;17;6;6
11470;Lisboa;132;Lisboa;528;Graphic Designer;3;91;30;12
11470;Lisboa;132;Lisboa;550;Assistant Hotel Manager;3;143;48;52
11470;Lisboa;132;Lisboa;551;Assistant Executive Housekeeper;3;89;30;25
11470;Lisboa;132;Lisboa;632;Bakery Attendant;3;155;52;35
11470;Lisboa;132;Lisboa;636;Barback;3;63;21;19
30218;Puerto de Santiago;333;Islas Canarias;561;Housekeeping Staff;3;118;39;34
30224;Somosaguas;28;Madrid;221;Cook;3;410;137;150
30236;Cabo Verde;35;Las Palmas;550;Assistant Hotel Manager;3;163;54;54
30175;Fuerteventura;35;Las Palmas;591;Receptionist;3;206;69;77
30175;Fuerteventura;35;Las Palmas;220;Commis Chef;3;38;13;12
30175;Fuerteventura;35;Las Palmas;572;Bellboy;3;60;20;20
30175;Fuerteventura;35;Las Palmas;580;Front Office Manager;3;116;39;30
30175;Fuerteventura;35;Las Palmas;226;Dishwasher;3;55;18;16
30175;Fuerteventura;35;Las Palmas;181;GEX - Guest Experience Coordinator;3;56;19;23
30175;Fuerteventura;35;Las Palmas;293;Sales Agent;3;31;10;11
30194;Coímbra;142;Coimbra;552;Chambermaid;3;124;41;36
30190;Cala Millor;7;Islas Baleares;165;Customer Service Advisor;3;0;0;0
30190;Cala Millor;7;Islas Baleares;494;Maintenance Technician;3;64;21;18
30153;San Jorge de ses Salines;7;Islas Baleares;510;Brand Manager;3;0;0;0
30153;San Jorge de ses Salines;7;Islas Baleares;494;Maintenance Technician;3;34;11;8
30153;San Jorge de ses Salines;7;Islas Baleares;628;Assistant Bar Manager;3;251;84;47
30175;Fuerteventura;35;Las Palmas;79;Hotel Director;3;242;81;98
30168;Jandia;35;Las Palmas;221;Cook;3;54;18;16
30166;Pinhão;420;Santo António;248;Pastry Chef;3;11;4;0
30153;San Jorge de ses Salines;7;Islas Baleares;669;Waiter;3;38;13;15
30153;San Jorge de ses Salines;7;Islas Baleares;653;Host/Hostess;3;72;24;21
30122;Puerto Nous;7;Islas Baleares;254;Sous Chef;3;36;12;18
29935;San Juan Bautista;7;Islas Baleares;489;Maintenance Manager;3;19;6;3
29935;San Juan Bautista;7;Islas Baleares;80;Hotel Manager;3;89;30;19
29935;San Juan Bautista;7;Islas Baleares;218;Chef;3;62;21;8
29935;San Juan Bautista;7;Islas Baleares;580;Front Office Manager;3;58;19;20
29935;San Juan Bautista;7;Islas Baleares;584;Hotel Receptionist;3;130;43;23
29935;San Juan Bautista;7;Islas Baleares;593;Human Resources Intern;3;38;13;11
29934;Cala Llonga;7;Islas Baleares;243;Kitchen Assistant;3;21;7;5
29920;ses Illetes;7;Islas Baleares;669;Waiter;3;479;160;183
29947;Alvor;137;Faro;647;Food and Beverage Assistant;3;45;15;14
29947;Alvor;137;Faro;489;Maintenance Manager;3;19;6;3
29947;Alvor;137;Faro;248;Pastry Chef;3;16;5;7
29935;San Juan Bautista;7;Islas Baleares;564;Laundry Attendant;3;38;13;11
29935;San Juan Bautista;7;Islas Baleares;707;Sauna Assistant;3;74;25;22
29950;Can Picafort;7;Islas Baleares;243;Kitchen Assistant;3;117;39;38
29950;Can Picafort;7;Islas Baleares;557;Executive Housekeeper;3;63;21;18
29950;Can Picafort;7;Islas Baleares;692;Lifesaver;3;62;21;9
29985;Mallorca;419;Mallorca;591;Receptionist;3;248;83;101
30026;Palmanova;7;Islas Baleares;257;Chef de Partie;3;86;29;28
29985;Mallorca;419;Mallorca;221;Cook;3;99;33;22
29985;Mallorca;419;Mallorca;79;Hotel Director;3;185;62;57
29977;Tenerife;333;Islas Canarias;669;Waiter;3;55;18;20
29813;Playas de Muro;7;Islas Baleares;494;Maintenance Technician;3;26;9;9
29813;Playas de Muro;7;Islas Baleares;668;Waiter Assistant;3;82;27;24
29813;Playas de Muro;7;Islas Baleares;669;Waiter;3;304;101;64
29815;Calviá;7;Islas Baleares;242;Sushiman;3;69;23;20
29815;Calviá;7;Islas Baleares;580;Front Office Manager;3;164;55;74
29815;Calviá;7;Islas Baleares;584;Hotel Receptionist;3;150;50;49
29815;Calviá;7;Islas Baleares;557;Executive Housekeeper;3;62;21;16
29812;València;46;Valencia;589;Night Receptionist;3;387;129;146
29812;València;46;Valencia;580;Front Office Manager;3;276;92;101
29812;València;46;Valencia;489;Maintenance Manager;3;149;50;33
29812;València;46;Valencia;226;Dishwasher;3;418;139;83
29812;València;46;Valencia;202;Quality Assistant;3;170;57;73
29812;València;46;Valencia;254;Sous Chef;3;111;37;31
29826;Cascaes;417;Cascais;657;Bartender;3;45;15;15
29826;Cascaes;417;Cascais;584;Hotel Receptionist;3;108;36;37
29826;Cascaes;417;Cascais;591;Receptionist;3;85;28;35
29826;Cascaes;417;Cascais;80;Hotel Manager;3;46;15;17
29815;Calviá;7;Islas Baleares;652;Head Waiter;3;97;32;31
29815;Calviá;7;Islas Baleares;653;Host/Hostess;3;143;48;30
29815;Calviá;7;Islas Baleares;657;Bartender;3;94;31;26
29830;Lanzarote;35;Las Palmas;300;Sales Host;3;47;16;16
29830;Lanzarote;35;Las Palmas;243;Kitchen Assistant;3;65;22;19
29828;Playa Blanca;35;Las Palmas;551;Assistant Executive Housekeeper;3;63;21;26
29831;San Antonio Abad;7;Islas Baleares;631;Assistant Restaurant Manager;3;44;15;17
29831;San Antonio Abad;7;Islas Baleares;634;Bar Manager;3;79;26;36
29831;San Antonio Abad;7;Islas Baleares;650;Food and Beverage Manager;3;72;24;28
29831;San Antonio Abad;7;Islas Baleares;652;Head Waiter;3;94;31;38
29831;San Antonio Abad;7;Islas Baleares;669;Waiter;3;362;121;165
29841;Melides;135;Setúbal;254;Sous Chef;3;45;15;13
29841;Melides;135;Setúbal;257;Chef de Partie;3;34;11;12
29831;San Antonio Abad;7;Islas Baleares;257;Chef de Partie;3;54;18;16
29830;Lanzarote;35;Las Palmas;221;Cook;3;65;22;20
29831;San Antonio Abad;7;Islas Baleares;181;GEX - Guest Experience Coordinator;3;70;23;22
29858;Menorca;7;Islas Baleares;591;Receptionist;3;189;63;30
29858;Menorca;7;Islas Baleares;243;Kitchen Assistant;3;64;21;23
29856;La Manga;30;Murcia;570;Assistant Head of Reception;3;77;26;27
29849;Puigpuñent;7;Islas Baleares;587;Night Auditor;3;69;23;24
29858;Menorca;7;Islas Baleares;661;Restaurant Manager;3;43;14;15
29858;Menorca;7;Islas Baleares;668;Waiter Assistant;3;88;29;29
29858;Menorca;7;Islas Baleares;669;Waiter;3;101;34;35
29860;Peguera;7;Islas Baleares;591;Receptionist;3;183;61;80
29844;Camp de Mar;7;Islas Baleares;669;Waiter;3;59;20;19
29851;L'Hospitalet de Llobregat;8;Barcelona;552;Chambermaid;3;295;98;125
29851;L'Hospitalet de Llobregat;8;Barcelona;572;Bellboy;3;174;58;56
29851;L'Hospitalet de Llobregat;8;Barcelona;580;Front Office Manager;3;150;50;39
29851;L'Hospitalet de Llobregat;8;Barcelona;119;Reservation Agent;3;149;50;69
29893;Es Pujols;7;Islas Baleares;335;Purchasing Coordinator;3;16;5;0
29893;Es Pujols;7;Islas Baleares;652;Head Waiter;3;115;38;42
29897;Corralejo;35;Las Palmas;221;Cook;3;26;9;9
29912;Maspalomas;35;Las Palmas;243;Kitchen Assistant;3;160;53;45
29912;Maspalomas;35;Las Palmas;630;Assistant Head Waiter;3;46;15;17
29912;Maspalomas;35;Las Palmas;286;Rental Sales Consultant;3;52;17;19
29883;Portocolom;7;Islas Baleares;552;Chambermaid;3;136;45;27
29881;Costa Calma;35;Las Palmas;552;Chambermaid;3;83;28;34
29873;Colonia de Sant Jordi;7;Islas Baleares;552;Chambermaid;3;46;15;15
29883;Portocolom;7;Islas Baleares;221;Cook;3;125;42;38
29886;Canyamel;7;Islas Baleares;221;Cook;3;93;31;25
29886;Canyamel;7;Islas Baleares;584;Hotel Receptionist;3;107;36;32
29877;El Prat de Llobregat;8;Barcelona;316;Store Sales Assistant;3;329;110;108
29877;El Prat de Llobregat;8;Barcelona;668;Waiter Assistant;3;109;36;0
29873;Colonia de Sant Jordi;7;Islas Baleares;631;Assistant Restaurant Manager;3;48;16;12
29873;Colonia de Sant Jordi;7;Islas Baleares;494;Maintenance Technician;3;26;9;5
29873;Colonia de Sant Jordi;7;Islas Baleares;591;Receptionist;2;224;112;112
29873;Colonia de Sant Jordi;7;Islas Baleares;564;Laundry Attendant;2;23;12;12
29873;Colonia de Sant Jordi;7;Islas Baleares;492;Maintenance Assistant;2;36;18;18
29873;Colonia de Sant Jordi;7;Islas Baleares;218;Chef;2;61;31;31
29873;Colonia de Sant Jordi;7;Islas Baleares;221;Cook;2;82;41;41
29877;El Prat de Llobregat;8;Barcelona;589;Night Receptionist;2;91;46;46
29877;El Prat de Llobregat;8;Barcelona;221;Cook;2;72;36;36
29873;Colonia de Sant Jordi;7;Islas Baleares;715;Spa Therapist;2;58;29;29
29886;Canyamel;7;Islas Baleares;637;Barista;2;46;23;23
29886;Canyamel;7;Islas Baleares;657;Bartender;2;51;26;26
29883;Portocolom;7;Islas Baleares;753;Head of Technical Services;2;29;15;15
29886;Canyamel;7;Islas Baleares;257;Chef de Partie;2;63;32;32
29883;Portocolom;7;Islas Baleares;89;Valet Parking;2;29;15;15
29883;Portocolom;7;Islas Baleares;591;Receptionist;2;207;104;104
29912;Maspalomas;35;Las Palmas;664;Restaurant Section Head;2;27;14;14
29912;Maspalomas;35;Las Palmas;668;Waiter Assistant;2;53;27;27
29912;Maspalomas;35;Las Palmas;669;Waiter;2;176;88;88
29912;Maspalomas;35;Las Palmas;257;Chef de Partie;2;24;12;12
29900;Cala Rajada;7;Islas Baleares;664;Restaurant Section Head;2;15;8;8
29900;Cala Rajada;7;Islas Baleares;668;Waiter Assistant;2;38;19;19
29912;Maspalomas;35;Las Palmas;159;Tourist Animator;2;178;89;89
29912;Maspalomas;35;Las Palmas;165;Customer Service Advisor;2;0;0;0
29893;Es Pujols;7;Islas Baleares;221;Cook;2;99;50;50
29883;Portocolom;7;Islas Baleares;652;Head Waiter;2;70;35;35
29897;Corralejo;35;Las Palmas;218;Chef;2;87;44;44
29897;Corralejo;35;Las Palmas;630;Assistant Head Waiter;2;16;8;8
29897;Corralejo;35;Las Palmas;664;Restaurant Section Head;2;26;13;13
29897;Corralejo;35;Las Palmas;668;Waiter Assistant;2;57;29;29
29897;Corralejo;35;Las Palmas;669;Waiter;2;29;15;15
29897;Corralejo;35;Las Palmas;557;Executive Housekeeper;2;28;14;14
29850;Matalascañas;21;Huelva;221;Cook;2;56;28;28
29851;L'Hospitalet de Llobregat;8;Barcelona;590;Reception Assistant;2;111;56;56
29851;L'Hospitalet de Llobregat;8;Barcelona;489;Maintenance Manager;2;54;27;27
29855;Santa Ponsa;7;Islas Baleares;550;Assistant Hotel Manager;2;99;50;50
29844;Camp de Mar;7;Islas Baleares;668;Waiter Assistant;2;25;13;13
29849;Puigpuñent;7;Islas Baleares;572;Bellboy;2;94;47;47
29849;Puigpuñent;7;Islas Baleares;226;Dishwasher;2;159;80;80
29849;Puigpuñent;7;Islas Baleares;692;Lifesaver;2;102;51;51
29849;Puigpuñent;7;Islas Baleares;642;Cocktail Bar Manager;2;66;33;33
29842;Estartit;17;Girona;669;Waiter;2;135;68;68
29844;Camp de Mar;7;Islas Baleares;226;Dishwasher;2;187;94;94
29844;Camp de Mar;7;Islas Baleares;243;Kitchen Assistant;2;48;24;24
29844;Camp de Mar;7;Islas Baleares;552;Chambermaid;2;28;14;14
29860;Peguera;7;Islas Baleares;577;Concierge;2;101;51;51
29860;Peguera;7;Islas Baleares;243;Kitchen Assistant;2;85;43;43
29860;Peguera;7;Islas Baleares;257;Chef de Partie;2;0;0;0
29859;Fatima;133;Leiria;669;Waiter;2;23;12;12
29873;Colonia de Sant Jordi;7;Islas Baleares;243;Kitchen Assistant;2;200;100;100
29873;Colonia de Sant Jordi;7;Islas Baleares;254;Sous Chef;2;32;16;16
29864;Porto Cristo;7;Islas Baleares;552;Chambermaid;2;154;77;77
29856;La Manga;30;Murcia;29;Administrative Manager;2;25;13;13
29855;Santa Ponsa;7;Islas Baleares;591;Receptionist;2;174;87;87
29856;La Manga;30;Murcia;254;Sous Chef;2;38;19;19
29858;Menorca;7;Islas Baleares;177;GEX - Guest Experience Assistant;2;19;10;10
29831;San Antonio Abad;7;Islas Baleares;218;Chef;2;95;48;48
29831;San Antonio Abad;7;Islas Baleares;221;Cook;2;132;66;66
29830;Lanzarote;35;Las Palmas;226;Dishwasher;2;18;9;9
29830;Lanzarote;35;Las Palmas;286;Rental Sales Consultant;2;15;8;8
29830;Lanzarote;35;Las Palmas;551;Assistant Executive Housekeeper;2;42;21;21
29830;Lanzarote;35;Las Palmas;611;Human Resources Coordinator;2;24;12;12
29831;San Antonio Abad;7;Islas Baleares;45;Chief Executive Officer (CEO);2;132;66;66
29831;San Antonio Abad;7;Islas Baleares;492;Maintenance Assistant;2;30;15;15
29831;San Antonio Abad;7;Islas Baleares;551;Assistant Executive Housekeeper;2;35;18;18
29831;San Antonio Abad;7;Islas Baleares;247;Pastry Assistant;2;39;20;20
29841;Melides;135;Setúbal;657;Bartender;2;43;22;22
29841;Melides;135;Setúbal;220;Commis Chef;2;14;7;7
29841;Melides;135;Setúbal;221;Cook;2;27;14;14
29842;Estartit;17;Girona;591;Receptionist;2;79;40;40
29842;Estartit;17;Girona;243;Kitchen Assistant;2;160;80;80
29831;San Antonio Abad;7;Islas Baleares;661;Restaurant Manager;2;19;10;10
29831;San Antonio Abad;7;Islas Baleares;664;Restaurant Section Head;2;19;10;10
29839;Vila Nova de Cacela;137;Faro;551;Assistant Executive Housekeeper;2;19;10;10
29828;Playa Blanca;35;Las Palmas;668;Waiter Assistant;2;87;44;44
29828;Playa Blanca;35;Las Palmas;589;Night Receptionist;2;44;22;22
29828;Playa Blanca;35;Las Palmas;591;Receptionist;2;101;51;51
29830;Lanzarote;35;Las Palmas;460;Airport Guide;2;4;2;2
29830;Lanzarote;35;Las Palmas;159;Tourist Animator;2;78;39;39
29828;Playa Blanca;35;Las Palmas;809;Skipper;2;12;6;6
29829;Las Gaviotas;35;Las Palmas;376;Hospitality Consultant;2;25;13;13
29815;Calviá;7;Islas Baleares;618;Occupational Risk Prevention Technician;2;10;5;5
29826;Cascaes;417;Cascais;587;Night Auditor;2;26;13;13
29828;Playa Blanca;35;Las Palmas;165;Customer Service Advisor;2;0;0;0
29826;Cascaes;417;Cascais;494;Maintenance Technician;2;17;9;9
29826;Cascaes;417;Cascais;552;Chambermaid;2;49;25;25
29812;València;46;Valencia;244;Meat Cutter;2;156;78;78
29812;València;46;Valencia;293;Sales Agent;2;142;71;71
29812;València;46;Valencia;396;Sommelier Consultant;2;43;22;22
29812;València;46;Valencia;436;Groups & Events Coordinator;2;77;39;39
29812;València;46;Valencia;301;Sales Intern;2;23;12;12
29812;València;46;Valencia;89;Valet Parking;2;166;83;83
29812;València;46;Valencia;113;Travel Agent;2;102;51;51
29812;València;46;Valencia;182;Service Manager;2;0;0;0
29812;València;46;Valencia;492;Maintenance Assistant;2;50;25;25
29812;València;46;Valencia;471;Tour Guide;2;111;56;56
29812;València;46;Valencia;503;Warehouse Stock Handler;2;248;124;124
29812;València;46;Valencia;533;Marketing Intern;2;103;52;52
29812;València;46;Valencia;486;Facilities Technician;2;35;18;18
29812;València;46;Valencia;550;Assistant Hotel Manager;2;59;30;30
29812;València;46;Valencia;647;Food and Beverage Assistant;2;109;55;55
29812;València;46;Valencia;597;Intern in Reception;2;26;13;13
29815;Calviá;7;Islas Baleares;561;Housekeeping Staff;2;38;19;19
29815;Calviá;7;Islas Baleares;577;Concierge;2;125;63;63
29815;Calviá;7;Islas Baleares;589;Night Receptionist;2;97;49;49
29815;Calviá;7;Islas Baleares;570;Assistant Head of Reception;2;100;50;50
29815;Calviá;7;Islas Baleares;489;Maintenance Manager;2;46;23;23
29815;Calviá;7;Islas Baleares;181;GEX - Guest Experience Coordinator;2;88;44;44
29815;Calviá;7;Islas Baleares;80;Hotel Manager;2;63;32;32
29813;Playas de Muro;7;Islas Baleares;591;Receptionist;2;138;69;69
29813;Playas de Muro;7;Islas Baleares;652;Head Waiter;2;46;23;23
29815;Calviá;7;Islas Baleares;127;Animation Manager;2;147;74;74
29812;València;46;Valencia;661;Restaurant Manager;2;26;13;13
29985;Mallorca;419;Mallorca;300;Sales Host;2;77;39;39
29985;Mallorca;419;Mallorca;315;Store Manager;2;41;21;21
29985;Mallorca;419;Mallorca;489;Maintenance Manager;2;42;21;21
29985;Mallorca;419;Mallorca;494;Maintenance Technician;2;63;32;32
29977;Tenerife;333;Islas Canarias;489;Maintenance Manager;2;22;11;11
29977;Tenerife;333;Islas Canarias;652;Head Waiter;2;45;23;23
29953;Caniçal;182;Madeira;647;Food and Beverage Assistant;2;32;16;16
29953;Caniçal;182;Madeira;650;Food and Beverage Manager;2;37;19;19
29953;Caniçal;182;Madeira;725;Security Guard;2;21;11;11
29953;Caniçal;182;Madeira;248;Pastry Chef;2;24;12;12
29953;Caniçal;182;Madeira;590;Reception Assistant;2;24;12;12
29953;Caniçal;182;Madeira;591;Receptionist;2;50;25;25
29977;Tenerife;333;Islas Canarias;221;Cook;2;45;23;23
29977;Tenerife;333;Islas Canarias;243;Kitchen Assistant;2;53;27;27
29977;Tenerife;333;Islas Canarias;551;Assistant Executive Housekeeper;2;45;23;23
29977;Tenerife;333;Islas Canarias;552;Chambermaid;2;56;28;28
30026;Palmanova;7;Islas Baleares;494;Maintenance Technician;2;93;47;47
30038;Playa del Carmen;121;Quintana Roo;166;Customer Service Agent;2;9;5;5
30044;Artá;7;Islas Baleares;669;Waiter;2;175;88;88
29985;Mallorca;419;Mallorca;652;Head Waiter;2;41;21;21
30026;Palmanova;7;Islas Baleares;254;Sous Chef;2;48;24;24
29985;Mallorca;419;Mallorca;712;Spa Coordinator;2;65;33;33
29953;Caniçal;182;Madeira;140;Entertainment Coordinator;2;44;22;22
29950;Can Picafort;7;Islas Baleares;661;Restaurant Manager;2;84;42;42
29950;Can Picafort;7;Islas Baleares;48;Operations Manager;2;145;73;73
29950;Can Picafort;7;Islas Baleares;577;Concierge;2;59;30;30
29950;Can Picafort;7;Islas Baleares;552;Chambermaid;2;313;157;157
29935;San Juan Bautista;7;Islas Baleares;572;Bellboy;2;40;20;20
29947;Alvor;137;Faro;32;Amusement Park Staff;2;29;15;15
29935;San Juan Bautista;7;Islas Baleares;658;Oenologist;2;28;14;14
29935;San Juan Bautista;7;Islas Baleares;661;Restaurant Manager;2;35;18;18
29947;Alvor;137;Faro;503;Warehouse Stock Handler;2;26;13;13
29947;Alvor;137;Faro;551;Assistant Executive Housekeeper;2;23;12;12
29947;Alvor;137;Faro;584;Hotel Receptionist;2;18;9;9
29947;Alvor;137;Faro;572;Bellboy;2;11;6;6
29920;ses Illetes;7;Islas Baleares;591;Receptionist;2;329;165;165
29920;ses Illetes;7;Islas Baleares;652;Head Waiter;2;151;76;76
29925;Luz;460;Luz;561;Housekeeping Staff;2;5;3;3
29925;Luz;460;Luz;591;Receptionist;2;42;21;21
29935;San Juan Bautista;7;Islas Baleares;68;Financial Intern;2;16;8;8
29914;Magaluf;7;Islas Baleares;130;Children's Animator;2;85;43;43
29912;Maspalomas;35;Las Palmas;584;Hotel Receptionist;2;52;26;26
29914;Magaluf;7;Islas Baleares;550;Assistant Hotel Manager;2;87;44;44
29914;Magaluf;7;Islas Baleares;551;Assistant Executive Housekeeper;2;45;23;23
29914;Magaluf;7;Islas Baleares;577;Concierge;2;93;47;47
29914;Magaluf;7;Islas Baleares;584;Hotel Receptionist;2;294;147;147
29914;Magaluf;7;Islas Baleares;661;Restaurant Manager;2;56;28;28
29935;San Juan Bautista;7;Islas Baleares;220;Commis Chef;2;74;37;37
29935;San Juan Bautista;7;Islas Baleares;180;GEX - Guest Experience Manager;2;12;6;6
29935;San Juan Bautista;7;Islas Baleares;122;Activities Assistant;2;59;30;30
30122;Puerto Nous;7;Islas Baleares;257;Chef de Partie;2;34;17;17
30122;Puerto Nous;7;Islas Baleares;221;Cook;2;79;40;40
30114;Pla de l'Ermita;25;Lleida;552;Chambermaid;2;213;107;107
30131;Maia;147;Porto;483;Electrician;2;9;5;5
30111;Montaña Roja;35;Las Palmas;572;Bellboy;2;111;56;56
30112;Santa Gertrudis de Fruitera;7;Islas Baleares;487;Gardener;2;20;10;10
30101;Cala Sant Vicenç;7;Islas Baleares;668;Waiter Assistant;2;74;37;37
30026;Palmanova;7;Islas Baleares;580;Front Office Manager;2;215;108;108
30060;Illes Balears;419;Mallorca;577;Concierge;2;149;75;75
30044;Artá;7;Islas Baleares;552;Chambermaid;2;155;78;78
30086;Gran Canaria;35;Las Palmas;221;Cook;2;171;86;86
30153;San Jorge de ses Salines;7;Islas Baleares;778;Car Driver;2;27;14;14
30166;Pinhão;420;Santo António;665;Sommelier;2;10;5;5
30166;Pinhão;420;Santo António;221;Cook;2;0;0;0
30153;San Jorge de ses Salines;7;Islas Baleares;661;Restaurant Manager;2;11;6;6
30168;Jandia;35;Las Palmas;165;Customer Service Advisor;2;0;0;0
30168;Jandia;35;Las Palmas;669;Waiter;2;55;28;28
30153;San Jorge de ses Salines;7;Islas Baleares;631;Assistant Restaurant Manager;2;10;5;5
30153;San Jorge de ses Salines;7;Islas Baleares;636;Barback;2;6;3;3
30153;San Jorge de ses Salines;7;Islas Baleares;647;Food and Beverage Assistant;2;48;24;24
30153;San Jorge de ses Salines;7;Islas Baleares;498;Swimming Pool Maintenance;2;1;1;1
30153;San Jorge de ses Salines;7;Islas Baleares;577;Concierge;2;89;45;45
30153;San Jorge de ses Salines;7;Islas Baleares;584;Hotel Receptionist;2;47;24;24
30026;Palmanova;7;Islas Baleares;664;Restaurant Section Head;2;28;14;14
30153;San Jorge de ses Salines;7;Islas Baleares;492;Maintenance Assistant;2;30;15;15
30153;San Jorge de ses Salines;7;Islas Baleares;218;Chef;2;85;43;43
30153;San Jorge de ses Salines;7;Islas Baleares;79;Hotel Director;2;44;22;22
30153;San Jorge de ses Salines;7;Islas Baleares;479;Window Cleaner;2;14;7;7
30190;Cala Millor;7;Islas Baleares;221;Cook;2;35;18;18
30189;Port de Sóller;7;Islas Baleares;580;Front Office Manager;2;93;47;47
30189;Port de Sóller;7;Islas Baleares;680;Body Treatment Specialist;2;119;60;60
30190;Cala Millor;7;Islas Baleares;669;Waiter;2;154;77;77
30192;L'Hospitalet de l'Infant;43;Tarragona;551;Assistant Executive Housekeeper;2;51;26;26
30175;Fuerteventura;35;Las Palmas;669;Waiter;2;38;19;19
30185;Portinatx;7;Islas Baleares;489;Maintenance Manager;2;25;13;13
30185;Portinatx;7;Islas Baleares;493;Maintenance Officer;2;35;18;18
30185;Portinatx;7;Islas Baleares;591;Receptionist;2;181;91;91
30187;La Garriga;8;Barcelona;218;Chef;2;48;24;24
30187;La Garriga;8;Barcelona;350;Chef Consultant;2;18;9;9
30187;La Garriga;8;Barcelona;552;Chambermaid;2;26;13;13
30175;Fuerteventura;35;Las Palmas;218;Chef;2;84;42;42
30171;Zahara de los Atunes;11;Cádiz;159;Tourist Animator;2;0;0;0
30175;Fuerteventura;35;Las Palmas;128;Animation Supervisor;2;89;45;45
30175;Fuerteventura;35;Las Palmas;159;Tourist Animator;2;58;29;29
30175;Fuerteventura;35;Las Palmas;177;GEX - Guest Experience Assistant;2;47;24;24
30175;Fuerteventura;35;Las Palmas;180;GEX - Guest Experience Manager;2;44;22;22
30175;Fuerteventura;35;Las Palmas;552;Chambermaid;2;70;35;35
30175;Fuerteventura;35;Las Palmas;257;Chef de Partie;2;47;24;24
30175;Fuerteventura;35;Las Palmas;611;Human Resources Coordinator;2;32;16;16
30175;Fuerteventura;35;Las Palmas;653;Host/Hostess;2;45;23;23
30175;Fuerteventura;35;Las Palmas;534;Marketing Manager;2;45;23;23
30218;Puerto de Santiago;333;Islas Canarias;669;Waiter;2;61;31;31
30205;Castell-llebre;25;Lleida;652;Head Waiter;2;23;12;12
30258;Alcalá;333;Islas Canarias;257;Chef de Partie;2;38;19;19
30258;Alcalá;333;Islas Canarias;275;Marketing and Sales Manager;2;30;15;15
30258;Alcalá;333;Islas Canarias;293;Sales Agent;2;30;15;15
30258;Alcalá;333;Islas Canarias;302;Sales Manager;2;13;7;7
30258;Alcalá;333;Islas Canarias;550;Assistant Hotel Manager;2;32;16;16
30261;Playa de Fañabé;333;Islas Canarias;1;Accountant;2;23;12;12
30261;Playa de Fañabé;333;Islas Canarias;40;Budgeting Specialist;2;6;3;3
30261;Playa de Fañabé;333;Islas Canarias;48;Operations Manager;2;28;14;14
30261;Playa de Fañabé;333;Islas Canarias;120;Reservations Manager;2;21;11;11
30261;Playa de Fañabé;333;Islas Canarias;221;Cook;2;17;9;9
11470;Lisboa;132;Lisboa;637;Barista;2;246;123;123
11470;Lisboa;132;Lisboa;537;Public Relations and Communication Manager;2;60;30;30
11470;Lisboa;132;Lisboa;530;Marketing Assistant;2;151;76;76
11470;Lisboa;132;Lisboa;533;Marketing Intern;2;41;21;21
11470;Lisboa;132;Lisboa;577;Concierge;2;62;31;31
11470;Lisboa;132;Lisboa;301;Sales Intern;2;48;24;24
11470;Lisboa;132;Lisboa;345;Supply Department Assistant;2;39;20;20
11470;Lisboa;132;Lisboa;376;Hospitality Consultant;2;39;20;20
11470;Lisboa;132;Lisboa;436;Groups & Events Coordinator;2;53;27;27
11470;Lisboa;132;Lisboa;437;Groups & Events Manager;2;55;28;28
11470;Lisboa;132;Lisboa;235;Grill Chef;2;128;64;64
11470;Lisboa;132;Lisboa;242;Sushiman;2;82;41;41
11470;Lisboa;132;Lisboa;247;Pastry Assistant;2;64;32;32
11470;Lisboa;132;Lisboa;248;Pastry Chef;2;83;42;42
11470;Lisboa;132;Lisboa;250;Pastry Shop Manager;2;56;28;28
11470;Lisboa;132;Lisboa;211;Bakery Manager;2;59;30;30
11470;Lisboa;132;Lisboa;192;Call Center Agent;2;48;24;24
11470;Lisboa;132;Lisboa;198;Call Center Technician;2;8;4;4
11470;Lisboa;132;Lisboa;274;Marketing and Sales Director;2;0;0;0
11470;Lisboa;132;Lisboa;257;Chef de Partie;2;171;86;86
11470;Lisboa;132;Lisboa;316;Store Sales Assistant;2;120;60;60
11470;Lisboa;132;Lisboa;323;Buyer;2;38;19;19
11470;Lisboa;132;Lisboa;105;Business Travel Agent;2;89;45;45
11470;Lisboa;132;Lisboa;165;Customer Service Advisor;2;51;26;26
11470;Lisboa;132;Lisboa;120;Reservations Manager;2;49;25;25
11470;Lisboa;132;Lisboa;167;Customer Service Assistant;2;23;12;12
11468;Estoril;132;Lisboa;591;Receptionist;2;128;64;64
11470;Lisboa;132;Lisboa;7;Accounting Manager;2;48;24;24
11470;Lisboa;132;Lisboa;75;Head of Administration;2;84;42;42
11470;Lisboa;132;Lisboa;89;Valet Parking;2;44;22;22
11470;Lisboa;132;Lisboa;715;Spa Therapist;2;33;17;17
11470;Lisboa;132;Lisboa;668;Waiter Assistant;2;35;18;18
11490;Sintra;132;Lisboa;584;Hotel Receptionist;2;172;86;86
11490;Sintra;132;Lisboa;591;Receptionist;2;48;24;24
11475;Odivelas;132;Lisboa;218;Chef;2;32;16;16
11513;Nazaré;133;Leiria;570;Assistant Head of Reception;2;48;24;24
11513;Nazaré;133;Leiria;652;Head Waiter;2;116;58;58
11513;Nazaré;133;Leiria;669;Waiter;2;39;20;20
11493;Torres Vedras;132;Lisboa;113;Travel Agent;2;129;65;65
11503;Caldas da Rainha;133;Leiria;669;Waiter;2;30;15;15
11548;Alcochete;135;Setúbal;589;Night Receptionist;2;43;22;22
11470;Lisboa;132;Lisboa;735;Filmmaker;2;111;56;56
11514;Óbidos;133;Leiria;669;Waiter;2;45;23;23
11519;Porto de Mós;133;Leiria;669;Waiter;2;41;21;21
11591;Albufeira;137;Faro;182;Service Manager;2;25;13;13
11591;Albufeira;137;Faro;243;Kitchen Assistant;2;81;41;41
11559;Grândola;135;Setúbal;653;Host/Hostess;2;20;10;10
11564;Porto Covo;135;Setúbal;669;Waiter;2;32;16;16
11569;Sesimbra;135;Setúbal;221;Cook;2;47;24;24
11559;Grândola;135;Setúbal;570;Assistant Head of Reception;2;28;14;14
11559;Grândola;135;Setúbal;580;Front Office Manager;2;19;10;10
11548;Alcochete;135;Setúbal;731;Pool Attendant;2;25;13;13
11569;Sesimbra;135;Setúbal;584;Hotel Receptionist;2;38;19;19
11604;Quarteira;137;Faro;653;Host/Hostess;2;28;14;14
11604;Quarteira;137;Faro;630;Assistant Head Waiter;2;31;16;16
11609;Tavira;137;Faro;254;Sous Chef;2;42;21;21
11609;Tavira;137;Faro;494;Maintenance Technician;2;29;15;15
11609;Tavira;137;Faro;552;Chambermaid;2;45;23;23
11615;Évora;138;Évora;221;Cook;2;28;14;14
11615;Évora;138;Évora;243;Kitchen Assistant;2;65;33;33
11609;Tavira;137;Faro;652;Head Waiter;2;39;20;20
11609;Tavira;137;Faro;669;Waiter;2;39;20;20
11636;Montargil;139;Portalegre;494;Maintenance Technician;2;18;9;9
11695;Aveiro;143;Aveiro;552;Chambermaid;2;136;68;68
11695;Aveiro;143;Aveiro;669;Waiter;2;60;30;30
11739;Viseu;144;Viseu;221;Cook;2;44;22;22
11739;Viseu;144;Viseu;669;Waiter;2;57;29;29
11604;Quarteira;137;Faro;494;Maintenance Technician;2;26;13;13
11603;Portimão;137;Faro;494;Maintenance Technician;2;25;13;13
11603;Portimão;137;Faro;561;Housekeeping Staff;2;34;17;17
11603;Portimão;137;Faro;669;Waiter;2;44;22;22
11604;Quarteira;137;Faro;80;Hotel Manager;2;34;17;17
11604;Quarteira;137;Faro;218;Chef;2;26;13;13
11604;Quarteira;137;Faro;220;Commis Chef;2;36;18;18
11597;Faro;137;Faro;584;Hotel Receptionist;2;90;45;45
11597;Faro;137;Faro;273;Key Account Manager;2;26;13;13
11591;Albufeira;137;Faro;652;Head Waiter;2;61;31;31
11591;Albufeira;137;Faro;657;Bartender;2;20;10;10
11599;Lagos;137;Faro;557;Executive Housekeeper;2;43;22;22
11599;Lagos;137;Faro;591;Receptionist;2;45;23;23
11597;Faro;137;Faro;647;Food and Beverage Assistant;2;42;21;21
11598;Lagoa (Algarve);137;Faro;221;Cook;2;20;10;10
11784;Porto;147;Porto;652;Head Waiter;2;45;23;23
11784;Porto;147;Porto;657;Bartender;2;35;18;18
11784;Porto;147;Porto;401;Tourist Management Consultant;2;149;75;75
11784;Porto;147;Porto;226;Dishwasher;2;54;27;27
11784;Porto;147;Porto;218;Chef;2;57;29;29
11773;Vila Nova de Gaia;147;Porto;669;Waiter;2;51;26;26
11780;Matosinhos;147;Porto;221;Cook;2;34;17;17
11779;Lavra;147;Porto;221;Cook;2;26;13;13
11779;Lavra;147;Porto;243;Kitchen Assistant;2;43;22;22
11769;Vila Real;146;Vila Real;665;Sommelier;2;0;0;0
11769;Vila Real;146;Vila Real;632;Bakery Attendant;2;0;0;0
11701;Espinho;143;Aveiro;669;Waiter;2;33;17;17
11708;Ovar;143;Aveiro;552;Chambermaid;2;148;74;74
11708;Ovar;143;Aveiro;591;Receptionist;2;109;55;55
11708;Ovar;143;Aveiro;715;Spa Therapist;2;43;22;22
11763;Peso da Régua;146;Vila Real;669;Waiter;2;51;26;26
11794;Santo Tirso;147;Porto;669;Waiter;2;67;34;34
11804;Braga;148;Braga;243;Kitchen Assistant;2;82;41;41
11815;Vila Verde;148;Braga;221;Cook;2;60;30;30
11815;Vila Verde;148;Braga;243;Kitchen Assistant;2;83;42;42
11786;Póvoa de Varzim;147;Porto;226;Dishwasher;2;47;24;24
11786;Póvoa de Varzim;147;Porto;494;Maintenance Technician;2;23;12;12
11784;Porto;147;Porto;630;Assistant Head Waiter;2;26;13;13
11784;Porto;147;Porto;713;Spa Manager;2;64;32;32
11831;Lagoa;150;Açores;628;Assistant Bar Manager;2;11;6;6
11831;Lagoa;150;Açores;557;Executive Housekeeper;2;62;31;31
11831;Lagoa;150;Açores;561;Housekeeping Staff;2;53;27;27
11831;Lagoa;150;Açores;247;Pastry Assistant;2;29;15;15
11822;Viana do Castelo;149;Viana do Castelo;221;Cook;2;14;7;7
29730;Puerto de Mazarrón;30;Murcia;79;Hotel Director;2;114;57;57
29724;El Puerto de Santa María;11;Cádiz;254;Sous Chef;2;49;25;25
29718;Puerto de Alcudia;7;Islas Baleares;591;Receptionist;2;128;64;64
29724;El Puerto de Santa María;11;Cádiz;589;Night Receptionist;2;24;12;12
29724;El Puerto de Santa María;11;Cádiz;591;Receptionist;2;461;231;231
29718;Puerto de Alcudia;7;Islas Baleares;669;Waiter;2;106;53;53
29718;Puerto de Alcudia;7;Islas Baleares;221;Cook;2;50;25;25
29718;Puerto de Alcudia;7;Islas Baleares;254;Sous Chef;2;61;31;31
29718;Puerto de Alcudia;7;Islas Baleares;257;Chef de Partie;2;51;26;26
29738;Escaldes-Engordany;353;Escaldes-Engordany;591;Receptionist;2;81;41;41
29734;Carvalhal;135;Setúbal;254;Sous Chef;2;49;25;25
29724;El Puerto de Santa María;11;Cádiz;218;Chef;2;66;33;33
29743;Cales de Mallorca;7;Islas Baleares;254;Sous Chef;2;38;19;19
29743;Cales de Mallorca;7;Islas Baleares;570;Assistant Head of Reception;2;87;44;44
29717;Las Palmas de Gran Canaria;35;Las Palmas;169;Customer Service Director;2;63;32;32
29717;Las Palmas de Gran Canaria;35;Las Palmas;180;GEX - Guest Experience Manager;2;40;20;20
29717;Las Palmas de Gran Canaria;35;Las Palmas;300;Sales Host;2;56;28;28
29717;Las Palmas de Gran Canaria;35;Las Palmas;119;Reservation Agent;2;231;116;116
29717;Las Palmas de Gran Canaria;35;Las Palmas;113;Travel Agent;2;41;21;21
29717;Las Palmas de Gran Canaria;35;Las Palmas;141;Entertainment Manager;2;73;37;37
29717;Las Palmas de Gran Canaria;35;Las Palmas;570;Assistant Head of Reception;2;58;29;29
29717;Las Palmas de Gran Canaria;35;Las Palmas;665;Sommelier;2;36;18;18
29717;Las Palmas de Gran Canaria;35;Las Palmas;266;Commercial and Marketing Manager;2;41;21;21
29717;Las Palmas de Gran Canaria;35;Las Palmas;551;Assistant Executive Housekeeper;2;65;33;33
29717;Las Palmas de Gran Canaria;35;Las Palmas;492;Maintenance Assistant;2;64;32;32
29717;Las Palmas de Gran Canaria;35;Las Palmas;494;Maintenance Technician;2;65;33;33
29805;Soldeu;322;Canillo;631;Assistant Restaurant Manager;2;7;4;4
29805;Soldeu;322;Canillo;634;Bar Manager;2;40;20;20
29805;Soldeu;322;Canillo;396;Sommelier Consultant;2;4;2;2
29805;Soldeu;322;Canillo;459;Adventure Tour Guide;2;30;15;15
29805;Soldeu;322;Canillo;518;Public Relations Director;2;32;16;16
29805;Soldeu;322;Canillo;541;Public Relations Specialist;2;78;39;39
29784;Comporta;390;Comporta;634;Bar Manager;2;22;11;11
29784;Comporta;390;Comporta;647;Food and Beverage Assistant;2;29;15;15
29784;Comporta;390;Comporta;650;Food and Beverage Manager;2;41;21;21
29784;Comporta;390;Comporta;630;Assistant Head Waiter;2;33;17;17
29784;Comporta;390;Comporta;597;Intern in Reception;2;41;21;21
29749;Puerto de Pollensa;7;Islas Baleares;761;Technical Services Assistant;2;0;0;0
29784;Comporta;390;Comporta;572;Bellboy;2;42;21;21
29784;Comporta;390;Comporta;584;Hotel Receptionist;2;16;8;8
29784;Comporta;390;Comporta;590;Reception Assistant;2;45;23;23
29784;Comporta;390;Comporta;228;Executive Chef;2;34;17;17
29749;Puerto de Pollensa;7;Islas Baleares;552;Chambermaid;2;32;16;16
29749;Puerto de Pollensa;7;Islas Baleares;221;Cook;2;61;31;31
29749;Puerto de Pollensa;7;Islas Baleares;243;Kitchen Assistant;2;23;12;12
29810;Ciudad de México;131;Ciudad de México;192;Call Center Agent;2;12;6;6
29805;Soldeu;322;Canillo;778;Car Driver;2;47;24;24
29812;València;46;Valencia;23;Administrative;2;151;76;76
29810;Ciudad de México;131;Ciudad de México;436;Groups & Events Coordinator;2;41;21;21
29810;Ciudad de México;131;Ciudad de México;378;Hotel Management Consultant;2;47;24;24
29810;Ciudad de México;131;Ciudad de México;591;Receptionist;2;125;63;63
29694;Islas Baleares;7;Islas Baleares;358;Food and Beverage Consultant;2;0;0;0
29694;Islas Baleares;7;Islas Baleares;593;Human Resources Intern;2;25;13;13
29694;Islas Baleares;7;Islas Baleares;551;Assistant Executive Housekeeper;2;118;59;59
29694;Islas Baleares;7;Islas Baleares;661;Restaurant Manager;2;38;19;19
29694;Islas Baleares;7;Islas Baleares;664;Restaurant Section Head;2;43;22;22
29694;Islas Baleares;7;Islas Baleares;572;Bellboy;2;169;85;85
29694;Islas Baleares;7;Islas Baleares;577;Concierge;2;80;40;40
29694;Islas Baleares;7;Islas Baleares;580;Front Office Manager;2;123;62;62
29690;Costa Adeje;38;Santa Cruz de Tenerife;631;Assistant Restaurant Manager;2;10;5;5
29690;Costa Adeje;38;Santa Cruz de Tenerife;251;Pizzaiolo;2;42;21;21
29694;Islas Baleares;7;Islas Baleares;254;Sous Chef;2;96;48;48
29694;Islas Baleares;7;Islas Baleares;257;Chef de Partie;2;112;56;56
29695;Cancún;121;Quintana Roo;59;Business Development Director;2;8;4;4
29698;Can Pastilla;7;Islas Baleares;221;Cook;2;89;45;45
29698;Can Pastilla;7;Islas Baleares;226;Dishwasher;2;102;51;51
29695;Cancún;121;Quintana Roo;611;Human Resources Coordinator;2;8;4;4
29695;Cancún;121;Quintana Roo;323;Buyer;2;8;4;4
29698;Can Pastilla;7;Islas Baleares;652;Head Waiter;2;93;47;47
29698;Can Pastilla;7;Islas Baleares;668;Waiter Assistant;2;228;114;114
29698;Can Pastilla;7;Islas Baleares;254;Sous Chef;2;58;29;29
29698;Can Pastilla;7;Islas Baleares;316;Store Sales Assistant;2;142;71;71
29700;El Maresme;317;Cataluña;661;Restaurant Manager;2;58;29;29
29701;Puerto del Carmen;35;Las Palmas;221;Cook;2;43;22;22
29681;Canillo;322;Canillo;634;Bar Manager;2;61;31;31
29681;Canillo;322;Canillo;653;Host/Hostess;2;162;81;81
29681;Canillo;322;Canillo;577;Concierge;2;52;26;26
29681;Canillo;322;Canillo;226;Dishwasher;2;152;76;76
29681;Canillo;322;Canillo;26;Administrative Assistant;2;19;10;10
29681;Canillo;322;Canillo;501;Technical Services Officer;2;49;25;25
29681;Canillo;322;Canillo;316;Store Sales Assistant;2;120;60;60
29677;Portals Nous;7;Islas Baleares;650;Food and Beverage Manager;2;132;66;66
11784;Porto;147;Porto;632;Bakery Attendant;2;47;24;24
11854;Funchal;182;Madeira;481;Electrical Maintenance Crew Chief;2;35;18;18
29677;Portals Nous;7;Islas Baleares;572;Bellboy;2;69;35;35
29677;Portals Nous;7;Islas Baleares;243;Kitchen Assistant;2;35;18;18
29677;Portals Nous;7;Islas Baleares;257;Chef de Partie;2;38;19;19
29677;Portals Nous;7;Islas Baleares;494;Maintenance Technician;2;48;24;24
29677;Portals Nous;7;Islas Baleares;552;Chambermaid;2;161;81;81
11854;Funchal;182;Madeira;80;Hotel Manager;2;27;14;14
11835;Ponta Delgada;150;Açores;109;Travel Project Manager;2;24;12;12
11835;Ponta Delgada;150;Açores;113;Travel Agent;2;26;13;13
29687;Cala d'Or;7;Islas Baleares;551;Assistant Executive Housekeeper;2;27;14;14
29688;Morro Jable;35;Las Palmas;124;Actor;2;80;40;40
29688;Morro Jable;35;Las Palmas;243;Kitchen Assistant;2;25;13;13
29687;Cala d'Or;7;Islas Baleares;591;Receptionist;2;77;39;39
29687;Cala d'Or;7;Islas Baleares;630;Assistant Head Waiter;2;25;13;13
29687;Cala d'Or;7;Islas Baleares;218;Chef;2;81;41;41
29681;Canillo;322;Canillo;692;Lifesaver;2;73;37;37
29687;Cala d'Or;7;Islas Baleares;570;Assistant Head of Reception;2;64;32;32
29687;Cala d'Or;7;Islas Baleares;242;Sushiman;2;57;29;29
29690;Costa Adeje;38;Santa Cruz de Tenerife;257;Chef de Partie;2;49;25;25
29690;Costa Adeje;38;Santa Cruz de Tenerife;226;Dishwasher;2;24;12;12
29690;Costa Adeje;38;Santa Cruz de Tenerife;494;Maintenance Technician;2;96;48;48
29690;Costa Adeje;38;Santa Cruz de Tenerife;334;Purchasing Assistant;2;34;17;17
29690;Costa Adeje;38;Santa Cruz de Tenerife;532;Marketing Director;2;45;23;23
29690;Costa Adeje;38;Santa Cruz de Tenerife;538;Public Relations Assistant;2;47;24;24
34503;Playa de Migjorn;7;Islas Baleares;221;Cook;2;92;46;46
33730;Carvoeiro;420;Santo António;489;Maintenance Manager;2;12;6;6
34503;Playa de Migjorn;7;Islas Baleares;552;Chambermaid;2;406;203;203
35403;El Priorato;43;Tarragona;652;Head Waiter;2;67;34;34
34130;Arenal d'en Castell;7;Islas Baleares;257;Chef de Partie;2;18;9;9
35444;Distrito de Coimbra;420;Santo António;726;Watchman;2;41;21;21
35902;Tecámac de Felipe Villanueva;113;Estado de México;314;Salesperson Call Center;2;4;2;2
36058;Torrent;17;Girona;669;Waiter;2;42;21;21
36470;Bizkaia;48;Vizcaya;221;Cook;2;67;34;34
38046;Beret;25;Lleida;503;Warehouse Stock Handler;2;89;45;45
38412;Sierra de la Estrella;529;Distrito da Guarda;669;Waiter;2;59;30;30
38046;Beret;25;Lleida;707;Sauna Assistant;2;42;21;21
38651;Santa Eulalia del Río;7;Islas Baleares;257;Chef de Partie;2;168;84;84
38651;Santa Eulalia del Río;7;Islas Baleares;664;Restaurant Section Head;2;106;53;53
38651;Santa Eulalia del Río;7;Islas Baleares;669;Waiter;2;204;102;102
38651;Santa Eulalia del Río;7;Islas Baleares;443;Maitre in Charge of Room and Events;2;41;21;21
36058;Torrent;17;Girona;591;Receptionist;2;151;76;76
39274;Lisbonne;132;Lisboa;119;Reservation Agent;2;97;49;49
32721;Barri de Porta;46;Valencia;600;Revenue Agent;2;13;7;7
32721;Barri de Porta;46;Valencia;640;Cashier;2;45;23;23
32767;Son Vida;419;Mallorca;610;Human Resources Consultant;2;26;13;13
32902;Sant Tomàs;7;Islas Baleares;221;Cook;2;160;80;80
32641;Oporto;147;Porto;777;Flight Attendant;2;72;36;36
32704;Alcântara;132;Lisboa;669;Waiter;2;179;90;90
32641;Oporto;147;Porto;755;IT Manager;2;14;7;7
32641;Oporto;147;Porto;761;Technical Services Assistant;2;38;19;19
32916;Cala Murada;7;Islas Baleares;630;Assistant Head Waiter;2;67;34;34
33282;Foz do Douro;147;Porto;251;Pizzaiolo;2;12;6;6
33282;Foz do Douro;147;Porto;630;Assistant Head Waiter;2;36;18;18
33282;Foz do Douro;147;Porto;652;Head Waiter;2;34;17;17
33392;Sagres;420;Santo António;669;Waiter;2;34;17;17
32902;Sant Tomàs;7;Islas Baleares;661;Restaurant Manager;2;35;18;18
32896;Cala Morell;7;Islas Baleares;221;Cook;2;269;135;135
33218;La Duquesa;11;Cádiz;634;Bar Manager;2;45;23;23
33399;Santa Susana;17;Girona;557;Executive Housekeeper;2;50;25;25
33513;Playa de Gandía;46;Valencia;669;Waiter;2;122;61;61
32641;Oporto;147;Porto;267;Commercial Manager;2;16;8;8
32641;Oporto;147;Porto;273;Key Account Manager;2;48;24;24
32641;Oporto;147;Porto;302;Sales Manager;2;126;63;63
32641;Oporto;147;Porto;313;Sales Assistant;2;53;27;27
32641;Oporto;147;Porto;489;Maintenance Manager;2;16;8;8
32641;Oporto;147;Porto;79;Hotel Director;2;125;63;63
32641;Oporto;147;Porto;615;Human Resources Technician;2;59;30;30
32641;Oporto;147;Porto;593;Human Resources Intern;2;32;16;16
32641;Oporto;147;Porto;596;Recruitment Technician;2;60;30;30
32641;Oporto;147;Porto;589;Night Receptionist;2;110;55;55
32641;Oporto;147;Porto;1;Accountant;2;22;11;11
32603;El Arenal;7;Islas Baleares;552;Chambermaid;2;41;21;21
32641;Oporto;147;Porto;95;Supplies Manager;2;25;13;13
32641;Oporto;147;Porto;100;Warehouse Manager;2;32;16;16
32641;Oporto;147;Porto;85;Logistics Director;2;24;12;12
32641;Oporto;147;Porto;48;Operations Manager;2;71;36;36
32188;Maia;474;Porto District;316;Store Sales Assistant;2;22;11;11
32413;Platges de Fornells;7;Islas Baleares;657;Bartender;2;242;121;121
32413;Platges de Fornells;7;Islas Baleares;669;Waiter;2;377;189;189
32426;Estrela;132;Lisboa;591;Receptionist;2;166;83;83
32454;Almancil;420;Santo António;669;Waiter;2;15;8;8
32434;Portopetro;7;Islas Baleares;561;Housekeeping Staff;2;405;203;203
30261;Playa de Fañabé;333;Islas Canarias;267;Commercial Manager;2;24;12;12
30261;Playa de Fañabé;333;Islas Canarias;335;Purchasing Coordinator;2;26;13;13
30308;Baqueira;25;Lleida;551;Assistant Executive Housekeeper;2;80;40;40
30308;Baqueira;25;Lleida;552;Chambermaid;2;159;80;80
30261;Playa de Fañabé;333;Islas Canarias;631;Assistant Restaurant Manager;2;27;14;14
30261;Playa de Fañabé;333;Islas Canarias;661;Restaurant Manager;2;36;18;18
30308;Baqueira;25;Lleida;669;Waiter;2;238;119;119
30330;Son Xoriguer;7;Islas Baleares;248;Pastry Chef;2;19;10;10
30343;Rio Tinto;147;Porto;113;Travel Agent;2;102;51;51
30308;Baqueira;25;Lleida;707;Sauna Assistant;2;55;28;28
30374;Campanhã;147;Porto;584;Hotel Receptionist;2;293;147;147
30374;Campanhã;147;Porto;591;Receptionist;2;417;209;209
30375;Arguineguín;35;Las Palmas;552;Chambermaid;2;156;78;78
30417;Son Bou;7;Islas Baleares;505;Car Washer;2;78;39;39
30452;Golf del Sur;412;San Miguel de Abona;669;Waiter;2;33;17;17
30584;Poblado de Sancti Petri;11;Cádiz;669;Waiter;2;65;33;33
30456;Cala Galdana;7;Islas Baleares;661;Restaurant Manager;2;41;21;21
30619;Cullera;46;Valencia;669;Waiter;2;81;41;41
30493;San Isidro;333;Islas Canarias;165;Customer Service Advisor;2;50;25;25
30442;Puerto Rico;35;Las Palmas;243;Kitchen Assistant;2;19;10;10
30539;Sant Jordi;7;Islas Baleares;561;Housekeeping Staff;2;51;26;26
30539;Sant Jordi;7;Islas Baleares;668;Waiter Assistant;2;28;14;14
31926;El Albir;3;Alicante;220;Commis Chef;2;72;36;36
31926;El Albir;3;Alicante;221;Cook;2;42;21;21
31926;El Albir;3;Alicante;661;Restaurant Manager;2;28;14;14
31926;El Albir;3;Alicante;669;Waiter;2;31;16;16
31801;Lisbon;458;Avenidas Novas;557;Executive Housekeeper;2;114;57;57
31633;Lluchmayor;7;Islas Baleares;221;Cook;2;112;56;56
31645;s'Argamassa;7;Islas Baleares;661;Restaurant Manager;2;44;22;22
31617;Sotogrande;11;Cádiz;221;Cook;2;60;30;30
31538;Faro;420;Santo António;669;Waiter;2;23;12;12
31458;Vila Nova de Gaia;387;Serzedo;714;Spa Receptionist;2;0;0;0
31458;Vila Nova de Gaia;387;Serzedo;715;Spa Therapist;2;35;18;18
31633;Lluchmayor;7;Islas Baleares;634;Bar Manager;2;42;21;21
30371;Santa Maria de Belém;132;Lisboa;669;Waiter;2;125;63;63
31190;Arroios;146;Vila Real;494;Maintenance Technician;2;79;40;40
31190;Arroios;146;Vila Real;647;Food and Beverage Assistant;2;188;94;94
31192;Orpesa;12;Castellón;669;Waiter;2;36;18;18
30935;Bendinat;7;Islas Baleares;501;Technical Services Officer;2;70;35;35
30856;El Toro;7;Islas Baleares;761;Technical Services Assistant;2;4;2;2
30856;El Toro;7;Islas Baleares;669;Waiter;2;33;17;17
31190;Arroios;146;Vila Real;96;Supply Chain Manager;2;165;83;83
31458;Vila Nova de Gaia;387;Serzedo;476;Wine Tourism Guide;2;59;30;30
31458;Vila Nova de Gaia;387;Serzedo;486;Facilities Technician;2;12;6;6
31458;Vila Nova de Gaia;387;Serzedo;164;Fitness Supervisor;2;0;0;0
31458;Vila Nova de Gaia;387;Serzedo;100;Warehouse Manager;2;37;19;19
31458;Vila Nova de Gaia;387;Serzedo;653;Host/Hostess;2;0;0;0
31458;Vila Nova de Gaia;387;Serzedo;557;Executive Housekeeper;2;36;18;18
31458;Vila Nova de Gaia;387;Serzedo;518;Public Relations Director;2;39;20;20
31192;Orpesa;12;Castellón;438;Groups & Events Sales Manager;2;35;18;18
31458;Vila Nova de Gaia;387;Serzedo;551;Assistant Executive Housekeeper;2;0;0;0
2543;Lloret de Mar;17;Girona;218;Chef;2;90;45;45
2543;Lloret de Mar;17;Girona;226;Dishwasher;2;19;10;10
2543;Lloret de Mar;17;Girona;277;MICE Sales Manager;2;31;16;16
2527;Girona;17;Girona;697;Masseur;2;65;33;33
2527;Girona;17;Girona;745;Software Developer;2;8;4;4
2543;Lloret de Mar;17;Girona;589;Night Receptionist;2;96;48;48
2543;Lloret de Mar;17;Girona;590;Reception Assistant;2;239;120;120
2543;Lloret de Mar;17;Girona;630;Assistant Head Waiter;2;53;27;27
2543;Lloret de Mar;17;Girona;561;Housekeeping Staff;2;188;94;94
2543;Lloret de Mar;17;Girona;245;Mediterranean Food Cook;2;82;41;41
2527;Girona;17;Girona;551;Assistant Executive Housekeeper;2;33;17;17
2527;Girona;17;Girona;552;Chambermaid;2;38;19;19
2527;Girona;17;Girona;557;Executive Housekeeper;2;56;28;28
2527;Girona;17;Girona;166;Customer Service Agent;2;59;30;30
2527;Girona;17;Girona;93;Regional Director;2;30;15;15
2527;Girona;17;Girona;94;Regional Manager;2;37;19;19
2527;Girona;17;Girona;254;Sous Chef;2;25;13;13
2527;Girona;17;Girona;489;Maintenance Manager;2;82;41;41
2527;Girona;17;Girona;650;Food and Beverage Manager;2;93;47;47
2527;Girona;17;Girona;587;Night Auditor;2;46;23;23
2527;Girona;17;Girona;668;Waiter Assistant;2;111;56;56
2539;Llanars;17;Girona;561;Housekeeping Staff;2;44;22;22
2539;Llanars;17;Girona;669;Waiter;2;36;18;18
2286;Cuenca;16;Cuenca;584;Hotel Receptionist;2;22;11;11
2473;Blanes;17;Girona;561;Housekeeping Staff;2;84;42;42
2495;Castelló d'Empúries;17;Girona;551;Assistant Executive Housekeeper;2;30;15;15
2483;Caldes de Malavella;17;Girona;600;Revenue Agent;2;39;20;20
2483;Caldes de Malavella;17;Girona;669;Waiter;2;91;46;46
2151;A Coruña;15;A Coruña;561;Housekeeping Staff;2;120;60;60
2495;Castelló d'Empúries;17;Girona;159;Tourist Animator;2;98;49;49
2514;Figueres;17;Girona;243;Kitchen Assistant;2;119;60;60
2514;Figueres;17;Girona;315;Store Manager;2;26;13;13
2495;Castelló d'Empúries;17;Girona;561;Housekeeping Staff;2;112;56;56
2496;Castell-Platja d'Aro;17;Girona;652;Head Waiter;2;51;26;26
2496;Castell-Platja d'Aro;17;Girona;254;Sous Chef;2;55;28;28
2496;Castell-Platja d'Aro;17;Girona;494;Maintenance Technician;2;21;11;11
2496;Castell-Platja d'Aro;17;Girona;552;Chambermaid;2;43;22;22
2199;Santiago de Compostela;15;A Coruña;590;Reception Assistant;2;67;34;34
2199;Santiago de Compostela;15;A Coruña;552;Chambermaid;2;44;22;22
2466;Begur;17;Girona;591;Receptionist;2;271;136;136
2466;Begur;17;Girona;669;Waiter;2;26;13;13
2151;A Coruña;15;A Coruña;600;Revenue Agent;2;3;2;2
2199;Santiago de Compostela;15;A Coruña;6;Accounting Intern;2;0;0;0
2151;A Coruña;15;A Coruña;275;Marketing and Sales Manager;2;27;14;14
2151;A Coruña;15;A Coruña;283;Regional Sales Executive;2;25;13;13
2151;A Coruña;15;A Coruña;489;Maintenance Manager;2;16;8;8
2151;A Coruña;15;A Coruña;8;Accounting Technician;2;28;14;14
2151;A Coruña;15;A Coruña;6;Accounting Intern;2;0;0;0
2151;A Coruña;15;A Coruña;85;Logistics Director;2;19;10;10
2151;A Coruña;15;A Coruña;119;Reservation Agent;2;82;41;41
1980;Ciudad Real;13;Ciudad Real;43;Casino Staff;2;11;6;6
1980;Ciudad Real;13;Ciudad Real;168;Customer Service Coordinator;2;0;0;0
1846;Castellón de la Plana;12;Castellón;218;Chef;2;38;19;19
1799;San Roque;11;Cádiz;561;Housekeeping Staff;2;368;184;184
2067;Córdoba;14;Córdoba;218;Chef;2;59;30;30
2067;Córdoba;14;Córdoba;589;Night Receptionist;2;66;33;33
2067;Córdoba;14;Córdoba;664;Restaurant Section Head;2;10;5;5
2067;Córdoba;14;Córdoba;668;Waiter Assistant;2;83;42;42
2096;Pedro Abad;14;Córdoba;221;Cook;2;11;6;6
2099;Posadas;14;Córdoba;668;Waiter Assistant;2;0;0;0
2067;Córdoba;14;Córdoba;561;Housekeeping Staff;2;228;114;114
2640;Torroella de Montgrí;17;Girona;591;Receptionist;2;151;76;76
2624;Santa Cristina d'Aro;17;Girona;661;Restaurant Manager;2;13;7;7
2638;Torrent;17;Girona;591;Receptionist;2;136;68;68
2638;Torrent;17;Girona;243;Kitchen Assistant;2;94;47;47
2603;Sant Feliu de Guíxols;17;Girona;669;Waiter;2;83;42;42
2603;Sant Feliu de Guíxols;17;Girona;714;Spa Receptionist;2;62;31;31
2603;Sant Feliu de Guíxols;17;Girona;243;Kitchen Assistant;2;66;33;33
2603;Sant Feliu de Guíxols;17;Girona;257;Chef de Partie;2;68;34;34
2593;Riudellots de la Selva;17;Girona;221;Cook;2;89;45;45
2595;Roses;17;Girona;218;Chef;2;42;21;21
2543;Lloret de Mar;17;Girona;661;Restaurant Manager;2;55;28;28
2638;Torrent;46;Valencia;669;Waiter;2;13;7;7
2672;Vilobí d'Onyar;17;Girona;221;Cook;2;32;16;16
2643;Tossa de Mar;17;Girona;668;Waiter Assistant;2;42;21;21
2624;Santa Cristina d'Aro;17;Girona;243;Kitchen Assistant;2;15;8;8
2643;Tossa de Mar;17;Girona;551;Assistant Executive Housekeeper;2;29;15;15
2749;Granada;18;Granada;23;Administrative;2;237;119;119
2643;Tossa de Mar;17;Girona;590;Reception Assistant;2;48;24;24
2749;Granada;18;Granada;49;Revenue Manager;2;112;56;56
2688;Almuñécar;18;Granada;489;Maintenance Manager;2;9;5;5
2784;Monachil;18;Granada;254;Sous Chef;2;39;20;20
2776;Loja;18;Granada;221;Cook;2;54;27;27
3162;Donostia/San Sebastián;20;Guipúzcoa;88;Office Manager;2;0;0;0
3162;Donostia/San Sebastián;20;Guipúzcoa;119;Reservation Agent;2;16;8;8
3162;Donostia/San Sebastián;20;Guipúzcoa;6;Accounting Intern;2;0;0;0
2784;Monachil;18;Granada;652;Head Waiter;2;21;11;11
2950;Guadalajara;19;Guadalajara;669;Waiter;2;235;118;118
2749;Granada;18;Granada;489;Maintenance Manager;2;65;33;33
2749;Granada;18;Granada;492;Maintenance Assistant;2;88;44;44
2749;Granada;18;Granada;180;GEX - Guest Experience Manager;2;86;43;43
2749;Granada;18;Granada;503;Warehouse Stock Handler;2;113;57;57
2749;Granada;18;Granada;661;Restaurant Manager;2;64;32;32
2749;Granada;18;Granada;668;Waiter Assistant;2;149;75;75
3162;Donostia/San Sebastián;20;Guipúzcoa;610;Human Resources Consultant;2;14;7;7
3260;Huelva;21;Huelva;221;Cook;2;74;37;37
3260;Huelva;21;Huelva;346;Supply Department Manager;2;50;25;25
3240;Cartaya;21;Huelva;668;Waiter Assistant;2;79;40;40
3240;Cartaya;21;Huelva;686;Esthetician;2;14;7;7
3240;Cartaya;21;Huelva;492;Maintenance Assistant;2;33;17;17
3240;Cartaya;21;Huelva;552;Chambermaid;2;95;48;48
3162;Donostia/San Sebastián;20;Guipúzcoa;652;Head Waiter;2;13;7;7
3240;Cartaya;21;Huelva;167;Customer Service Assistant;2;61;31;31
3177;Hondarribia;20;Guipúzcoa;286;Rental Sales Consultant;2;14;7;7
3162;Donostia/San Sebastián;20;Guipúzcoa;692;Lifesaver;2;6;3;3
3162;Donostia/San Sebastián;20;Guipúzcoa;589;Night Receptionist;2;34;17;17
2784;Monachil;18;Granada;657;Bartender;2;29;15;15
1785;Grazalema;11;Cádiz;221;Cook;2;24;12;12
1782;Conil de la Frontera;11;Cádiz;572;Bellboy;2;61;31;31
1782;Conil de la Frontera;11;Cádiz;664;Restaurant Section Head;2;24;12;12
1782;Conil de la Frontera;11;Cádiz;254;Sous Chef;2;35;18;18
1782;Conil de la Frontera;11;Cádiz;489;Maintenance Manager;2;14;7;7
1780;Chiclana de la Frontera;11;Cádiz;218;Chef;2;24;12;12
1780;Chiclana de la Frontera;11;Cádiz;668;Waiter Assistant;2;25;13;13
1782;Conil de la Frontera;11;Cádiz;26;Administrative Assistant;2;27;14;14
1780;Chiclana de la Frontera;11;Cádiz;572;Bellboy;2;0;0;0
1780;Chiclana de la Frontera;11;Cádiz;584;Hotel Receptionist;2;199;100;100
1780;Chiclana de la Frontera;11;Cádiz;257;Chef de Partie;2;0;0;0
1581;Cáceres;10;Cáceres;590;Reception Assistant;2;80;40;40
1581;Cáceres;10;Cáceres;584;Hotel Receptionist;2;62;31;31
1581;Cáceres;10;Cáceres;243;Kitchen Assistant;2;63;32;32
1221;Burgos;9;Burgos;668;Waiter Assistant;2;13;7;7
1572;Berrocalejo;10;Cáceres;557;Executive Housekeeper;2;8;4;4
1581;Cáceres;10;Cáceres;1;Accountant;2;0;0;0
1778;Cádiz;11;Cádiz;10;Accounts Manager;2;0;0;0
1778;Cádiz;11;Cádiz;243;Kitchen Assistant;2;58;29;29
1778;Cádiz;11;Cádiz;590;Reception Assistant;2;155;78;78
1778;Cádiz;11;Cádiz;551;Assistant Executive Housekeeper;2;53;27;27
1778;Cádiz;11;Cádiz;761;Technical Services Assistant;2;14;7;7
1131;Sitges;8;Barcelona;221;Cook;2;43;22;22
1159;Vic;8;Barcelona;712;Spa Coordinator;2;14;7;7
1142;Terrassa;8;Barcelona;587;Night Auditor;2;52;26;26
1142;Terrassa;8;Barcelona;591;Receptionist;2;242;121;121
1141;Teià;8;Barcelona;669;Waiter;2;12;6;6
1343;Miranda de Ebro;9;Burgos;243;Kitchen Assistant;2;135;68;68
1343;Miranda de Ebro;9;Burgos;561;Housekeeping Staff;2;59;30;30
1221;Burgos;9;Burgos;243;Kitchen Assistant;2;75;38;38
1170;Vilassar de Mar;8;Barcelona;561;Housekeeping Staff;2;105;53;53
1221;Burgos;9;Burgos;552;Chambermaid;2;50;25;25
1131;Sitges;8;Barcelona;551;Assistant Executive Housekeeper;2;60;30;30
1221;Burgos;9;Burgos;432;Events Sales Executive;2;14;7;7
1069;Sant Cugat del Vallès;8;Barcelona;113;Travel Agent;2;101;51;51
1060;Sant Andreu de la Barca;8;Barcelona;669;Waiter;2;56;28;28
1051;Rubí;8;Barcelona;590;Reception Assistant;2;119;60;60
1054;Sabadell;8;Barcelona;669;Waiter;2;101;51;51
1054;Sabadell;8;Barcelona;489;Maintenance Manager;2;39;20;20
1127;Santa Susanna;8;Barcelona;49;Revenue Manager;2;34;17;17
1030;Pineda de Mar;8;Barcelona;590;Reception Assistant;2;84;42;42
1127;Santa Susanna;8;Barcelona;489;Maintenance Manager;2;36;18;18
1127;Santa Susanna;8;Barcelona;552;Chambermaid;2;72;36;36
882;Barcelona;8;Barcelona;416;Events Hostess;2;90;45;45
882;Barcelona;8;Barcelona;411;Assistant Events Coordinator;2;105;53;53
882;Barcelona;8;Barcelona;490;Air Conditioning Maintenance Technician;2;12;6;6
882;Barcelona;8;Barcelona;497;Building Repairer;2;46;23;23
882;Barcelona;8;Barcelona;471;Tour Guide;2;44;22;22
882;Barcelona;8;Barcelona;483;Electrician;2;24;12;12
882;Barcelona;8;Barcelona;484;Facilities Manager;2;34;17;17
882;Barcelona;8;Barcelona;334;Purchasing Assistant;2;105;53;53
882;Barcelona;8;Barcelona;354;Culinary Arts Instructor;2;27;14;14
882;Barcelona;8;Barcelona;355;Diving Instructor;2;28;14;14
882;Barcelona;8;Barcelona;283;Regional Sales Executive;2;32;16;16
882;Barcelona;8;Barcelona;272;Inside Sales Representative;2;50;25;25
882;Barcelona;8;Barcelona;251;Pizzaiolo;2;97;49;49
882;Barcelona;8;Barcelona;549;Web Designer;2;35;18;18
882;Barcelona;8;Barcelona;531;Marketing Consultant;2;44;22;22
882;Barcelona;8;Barcelona;518;Public Relations Director;2;27;14;14
882;Barcelona;8;Barcelona;504;Painter;2;67;34;34
882;Barcelona;8;Barcelona;501;Technical Services Officer;2;21;11;11
882;Barcelona;8;Barcelona;512;Content Creator;2;33;17;17
882;Barcelona;8;Barcelona;622;Recruitment Consultant;2;15;8;8
882;Barcelona;8;Barcelona;606;Head of Human Resources;2;32;16;16
882;Barcelona;8;Barcelona;602;Compensation and Benefits Specialist;2;14;7;7
882;Barcelona;8;Barcelona;595;Recruitment Manager;2;10;5;5
882;Barcelona;8;Barcelona;713;Spa Manager;2;38;19;19
882;Barcelona;8;Barcelona;686;Esthetician;2;40;20;20
882;Barcelona;8;Barcelona;761;Technical Services Assistant;2;15;8;8
938;Cornellà de Llobregat;8;Barcelona;591;Receptionist;2;97;49;49
920;Castelldefels;8;Barcelona;669;Waiter;2;77;39;39
898;Calella;8;Barcelona;248;Pastry Chef;2;40;20;20
898;Calella;8;Barcelona;221;Cook;2;77;39;39
896;Caldes de Montbui;8;Barcelona;669;Waiter;2;100;50;50
942;Esplugues de Llobregat;8;Barcelona;535;Marketing Specialist;2;43;22;22
977;Malgrat de Mar;8;Barcelona;218;Chef;2;37;19;19
963;Granollers;8;Barcelona;647;Food and Beverage Assistant;2;83;42;42
963;Granollers;8;Barcelona;10;Accounts Manager;2;0;0;0
1030;Pineda de Mar;8;Barcelona;580;Front Office Manager;2;78;39;39
992;Molins de Rei;8;Barcelona;591;Receptionist;2;74;37;37
1027;Parets del Vallès;8;Barcelona;593;Human Resources Intern;2;13;7;7
963;Granollers;8;Barcelona;561;Housekeeping Staff;2;48;24;24
987;Masquefa;8;Barcelona;221;Cook;2;169;85;85
996;Montcada i Reixac;8;Barcelona;584;Hotel Receptionist;2;56;28;28
996;Montcada i Reixac;8;Barcelona;668;Waiter Assistant;2;14;7;7
996;Montcada i Reixac;8;Barcelona;669;Waiter;2;46;23;23
837;Palma de Mallorca;7;Islas Baleares;432;Events Sales Executive;2;77;39;39
837;Palma de Mallorca;7;Islas Baleares;485;Facilities Assistant;2;36;18;18
837;Palma de Mallorca;7;Islas Baleares;487;Gardener;2;60;30;30
837;Palma de Mallorca;7;Islas Baleares;270;Group Sales Manager;2;96;48;48
837;Palma de Mallorca;7;Islas Baleares;313;Sales Assistant;2;86;43;43
837;Palma de Mallorca;7;Islas Baleares;302;Sales Manager;2;45;23;23
837;Palma de Mallorca;7;Islas Baleares;345;Supply Department Assistant;2;48;24;24
837;Palma de Mallorca;7;Islas Baleares;330;Logistics and Distribution Coordinator;2;60;30;30
837;Palma de Mallorca;7;Islas Baleares;332;Purchasing Agent;2;71;36;36
837;Palma de Mallorca;7;Islas Baleares;399;Sustainable Tourism Consultant;2;19;10;10
837;Palma de Mallorca;7;Islas Baleares;631;Assistant Restaurant Manager;2;98;49;49
837;Palma de Mallorca;7;Islas Baleares;609;Human Resources Business Partner;2;118;59;59
837;Palma de Mallorca;7;Islas Baleares;502;Technical Services Specialist;2;78;39;39
837;Palma de Mallorca;7;Islas Baleares;512;Content Creator;2;34;17;17
837;Palma de Mallorca;7;Islas Baleares;557;Executive Housekeeper;2;129;65;65
837;Palma de Mallorca;7;Islas Baleares;8;Accounting Technician;2;31;16;16
837;Palma de Mallorca;7;Islas Baleares;29;Administrative Manager;2;48;24;24
837;Palma de Mallorca;7;Islas Baleares;57;Controller Assistant;2;7;4;4
837;Palma de Mallorca;7;Islas Baleares;89;Valet Parking;2;55;28;28
837;Palma de Mallorca;7;Islas Baleares;47;Chief Operations Officer (COO);2;236;118;118
837;Palma de Mallorca;7;Islas Baleares;36;Billing Technician;2;32;16;16
837;Palma de Mallorca;7;Islas Baleares;201;Head of Quality;2;13;7;7
837;Palma de Mallorca;7;Islas Baleares;213;Event Chef;2;237;119;119
837;Palma de Mallorca;7;Islas Baleares;105;Business Travel Agent;2;20;10;10
837;Palma de Mallorca;7;Islas Baleares;166;Customer Service Agent;2;35;18;18
837;Palma de Mallorca;7;Islas Baleares;235;Grill Chef;2;53;27;27
821;Formentera;7;Islas Baleares;668;Waiter Assistant;2;583;292;292
827;Llucmajor;7;Islas Baleares;221;Cook;2;61;31;31
821;Formentera;7;Islas Baleares;690;Holistic Therapist;2;97;49;49
827;Llucmajor;7;Islas Baleares;668;Waiter Assistant;2;69;35;35
827;Llucmajor;7;Islas Baleares;650;Food and Beverage Manager;2;10;5;5
827;Llucmajor;7;Islas Baleares;590;Reception Assistant;2;167;84;84
821;Formentera;7;Islas Baleares;657;Bartender;2;188;94;94
827;Llucmajor;7;Islas Baleares;494;Maintenance Technician;2;42;21;21
827;Llucmajor;7;Islas Baleares;257;Chef de Partie;2;43;22;22
828;Manacor;7;Islas Baleares;502;Technical Services Specialist;2;42;21;21
828;Manacor;7;Islas Baleares;550;Assistant Hotel Manager;2;36;18;18
828;Manacor;7;Islas Baleares;652;Head Waiter;2;68;34;34
828;Manacor;7;Islas Baleares;221;Cook;2;69;35;35
828;Manacor;7;Islas Baleares;243;Kitchen Assistant;2;31;16;16
834;Es Migjorn Gran;7;Islas Baleares;218;Chef;2;215;108;108
828;Manacor;7;Islas Baleares;669;Waiter;2;67;34;34
821;Formentera;7;Islas Baleares;572;Bellboy;2;164;82;82
821;Formentera;7;Islas Baleares;577;Concierge;2;119;60;60
821;Formentera;7;Islas Baleares;489;Maintenance Manager;2;41;21;21
821;Formentera;7;Islas Baleares;254;Sous Chef;2;48;24;24
820;Ferreries;7;Islas Baleares;221;Cook;2;62;31;31
815;Ibiza;7;Islas Baleares;725;Security Guard;2;16;8;8
820;Ferreries;7;Islas Baleares;591;Receptionist;2;276;138;138
815;Ibiza;7;Islas Baleares;594;Recruitment Director;2;118;59;59
815;Ibiza;7;Islas Baleares;611;Human Resources Coordinator;2;66;33;33
815;Ibiza;7;Islas Baleares;637;Barista;2;99;50;50
815;Ibiza;7;Islas Baleares;650;Food and Beverage Manager;2;23;12;12
839;Pobla, Sa;7;Islas Baleares;652;Head Waiter;2;119;60;60
843;Salines, Ses;7;Islas Baleares;257;Chef de Partie;2;96;48;48
847;Sant Josep de sa Talaia;7;Islas Baleares;580;Front Office Manager;2;48;24;24
847;Sant Josep de sa Talaia;7;Islas Baleares;552;Chambermaid;2;69;35;35
840;Pollença;7;Islas Baleares;577;Concierge;2;69;35;35
847;Sant Josep de sa Talaia;7;Islas Baleares;165;Customer Service Advisor;2;0;0;0
847;Sant Josep de sa Talaia;7;Islas Baleares;257;Chef de Partie;2;31;16;16
837;Palma de Mallorca;7;Islas Baleares;637;Barista;2;53;27;27
837;Palma de Mallorca;7;Islas Baleares;725;Security Guard;2;65;33;33
839;Pobla, Sa;7;Islas Baleares;226;Dishwasher;2;156;78;78
839;Pobla, Sa;7;Islas Baleares;232;Garde Manger Chef;2;67;34;34
851;Santa Eulària des Riu;7;Islas Baleares;492;Maintenance Assistant;2;210;105;105
851;Santa Eulària des Riu;7;Islas Baleares;180;GEX - Guest Experience Manager;2;58;29;29
847;Sant Josep de sa Talaia;7;Islas Baleares;657;Bartender;2;104;52;52
851;Santa Eulària des Riu;7;Islas Baleares;293;Sales Agent;2;25;13;13
851;Santa Eulària des Riu;7;Islas Baleares;119;Reservation Agent;2;52;26;26
851;Santa Eulària des Riu;7;Islas Baleares;125;Animation Assistant;2;96;48;48
851;Santa Eulària des Riu;7;Islas Baleares;243;Kitchen Assistant;2;186;93;93
847;Sant Josep de sa Talaia;7;Islas Baleares;669;Waiter;2;252;126;126
848;Sant Llorenç des Cardassar;7;Islas Baleares;696;Massage Therapist;2;125;63;63
851;Santa Eulària des Riu;7;Islas Baleares;8;Accounting Technician;2;33;17;17
851;Santa Eulària des Riu;7;Islas Baleares;67;Financial Assistant;2;4;2;2
854;Santanyí;7;Islas Baleares;584;Hotel Receptionist;2;49;25;25
851;Santa Eulària des Riu;7;Islas Baleares;653;Host/Hostess;2;176;88;88
851;Santa Eulària des Riu;7;Islas Baleares;664;Restaurant Section Head;2;51;26;26
851;Santa Eulària des Riu;7;Islas Baleares;550;Assistant Hotel Manager;2;142;71;71
851;Santa Eulària des Riu;7;Islas Baleares;572;Bellboy;2;126;63;63
851;Santa Eulària des Riu;7;Islas Baleares;580;Front Office Manager;2;71;36;36
851;Santa Eulària des Riu;7;Islas Baleares;615;Human Resources Technician;2;42;21;21
882;Barcelona;8;Barcelona;7;Accounting Manager;2;0;0;0
876;Badalona;8;Barcelona;80;Hotel Manager;2;48;24;24
876;Badalona;8;Barcelona;584;Hotel Receptionist;2;173;87;87
876;Badalona;8;Barcelona;669;Waiter;2;110;55;55
881;Barberà del Vallès;8;Barcelona;124;Actor;2;0;0;0
859;Son Servera;7;Islas Baleares;580;Front Office Manager;2;63;32;32
860;Valldemossa;7;Islas Baleares;669;Waiter;2;39;20;20
859;Son Servera;7;Islas Baleares;652;Head Waiter;2;134;67;67
858;Sóller;7;Islas Baleares;76;Head of Finance;2;23;12;12
858;Sóller;7;Islas Baleares;591;Receptionist;2;70;35;35
858;Sóller;7;Islas Baleares;652;Head Waiter;2;70;35;35
854;Santanyí;7;Islas Baleares;494;Maintenance Technician;2;45;23;23
854;Santanyí;7;Islas Baleares;634;Bar Manager;2;25;13;13
882;Barcelona;8;Barcelona;61;Finance Manager;2;54;27;27
882;Barcelona;8;Barcelona;74;Head of Accounting;2;25;13;13
882;Barcelona;8;Barcelona;75;Head of Administration;2;41;21;21
882;Barcelona;8;Barcelona;112;Travel Agency Manager;2;31;16;16
882;Barcelona;8;Barcelona;96;Supply Chain Manager;2;14;7;7
882;Barcelona;8;Barcelona;122;Activities Assistant;2;16;8;8
882;Barcelona;8;Barcelona;228;Executive Chef;2;45;23;23
882;Barcelona;8;Barcelona;220;Commis Chef;2;110;55;55
882;Barcelona;8;Barcelona;210;Assistant Baker;2;40;20;20
882;Barcelona;8;Barcelona;200;Customer Support Technician;2;26;13;13
882;Barcelona;8;Barcelona;201;Head of Quality;2;26;13;13
882;Barcelona;8;Barcelona;204;Quality Director;2;115;58;58
882;Barcelona;8;Barcelona;171;Customer Service Specialist;2;45;23;23
168;Benidorm;3;Alicante;560;Cleaning Manager;2;119;60;60
168;Benidorm;3;Alicante;415;Conference & Events Trainee;2;37;19;19
168;Benidorm;3;Alicante;487;Gardener;2;69;35;35
168;Benidorm;3;Alicante;266;Commercial and Marketing Manager;2;58;29;29
168;Benidorm;3;Alicante;201;Head of Quality;2;69;35;35
168;Benidorm;3;Alicante;169;Customer Service Director;2;49;25;25
168;Benidorm;3;Alicante;119;Reservation Agent;2;169;85;85
168;Benidorm;3;Alicante;79;Hotel Director;2;184;92;92
156;Altea;3;Alicante;718;Wellness Advisor;2;30;15;15
187;Calp;3;Alicante;242;Sushiman;2;51;26;26
201;Dénia;3;Alicante;591;Receptionist;2;204;102;102
201;Dénia;3;Alicante;669;Waiter;2;96;48;48
203;Elche/Elx;3;Alicante;43;Casino Staff;2;54;27;27
187;Calp;3;Alicante;650;Food and Beverage Manager;2;63;32;32
187;Calp;3;Alicante;652;Head Waiter;2;32;16;16
187;Calp;3;Alicante;597;Intern in Reception;2;36;18;18
168;Benidorm;3;Alicante;628;Assistant Bar Manager;2;37;19;19
168;Benidorm;3;Alicante;634;Bar Manager;2;35;18;18
168;Benidorm;3;Alicante;631;Assistant Restaurant Manager;2;16;8;8
175;Benimantell;3;Alicante;221;Cook;2;165;83;83
187;Calp;3;Alicante;23;Administrative;2;5;3;3
187;Calp;3;Alicante;159;Tourist Animator;2;37;19;19
187;Calp;3;Alicante;257;Chef de Partie;2;53;27;27
152;Alicante/Alacant;3;Alicante;10;Accounts Manager;2;0;0;0
152;Alicante/Alacant;3;Alicante;23;Administrative;2;4;2;2
149;Alfàs del Pi, l';3;Alicante;630;Assistant Head Waiter;2;27;14;14
123;San Pedro;29;Málaga;761;Technical Services Assistant;2;37;19;19
54;Albacete;2;Albacete;591;Receptionist;2;219;110;110
46;Vitoria-Gasteiz;1;Álava;494;Maintenance Technician;2;17;9;9
152;Alicante/Alacant;3;Alicante;119;Reservation Agent;2;21;11;11
152;Alicante/Alacant;3;Alicante;124;Actor;2;115;58;58
152;Alicante/Alacant;3;Alicante;28;Administrative Intern;2;9;5;5
152;Alicante/Alacant;3;Alicante;32;Amusement Park Staff;2;62;31;31
152;Alicante/Alacant;3;Alicante;61;Finance Manager;2;0;0;0
152;Alicante/Alacant;3;Alicante;79;Hotel Director;2;79;40;40
152;Alicante/Alacant;3;Alicante;165;Customer Service Advisor;2;0;0;0
152;Alicante/Alacant;3;Alicante;180;GEX - Guest Experience Manager;2;89;45;45
152;Alicante/Alacant;3;Alicante;228;Executive Chef;2;114;57;57
152;Alicante/Alacant;3;Alicante;151;Musician;2;4;2;2
46;Vitoria-Gasteiz;1;Álava;591;Receptionist;2;123;62;62
152;Alicante/Alacant;3;Alicante;220;Commis Chef;2;39;20;20
152;Alicante/Alacant;3;Alicante;577;Concierge;2;58;29;29
152;Alicante/Alacant;3;Alicante;593;Human Resources Intern;2;10;5;5
152;Alicante/Alacant;3;Alicante;653;Host/Hostess;2;82;41;41
152;Alicante/Alacant;3;Alicante;678;Beautician;2;10;5;5
152;Alicante/Alacant;3;Alicante;679;Beauty Consultant;2;80;40;40
156;Altea;3;Alicante;226;Dishwasher;2;31;16;16
156;Altea;3;Alicante;243;Kitchen Assistant;2;26;13;13
156;Altea;3;Alicante;257;Chef de Partie;2;17;9;9
152;Alicante/Alacant;3;Alicante;713;Spa Manager;2;60;30;30
152;Alicante/Alacant;3;Alicante;661;Restaurant Manager;2;87;44;44
156;Altea;3;Alicante;691;Hydrotherapy Specialist;2;9;5;5
156;Altea;3;Alicante;561;Housekeeping Staff;2;39;20;20
156;Altea;3;Alicante;584;Hotel Receptionist;2;99;50;50
811;Ciutadella de Menorca;7;Islas Baleares;489;Maintenance Manager;2;38;19;19
811;Ciutadella de Menorca;7;Islas Baleares;257;Chef de Partie;2;52;26;26
799;Andratx;7;Islas Baleares;584;Hotel Receptionist;2;69;35;35
815;Ibiza;7;Islas Baleares;80;Hotel Manager;2;17;9;9
815;Ibiza;7;Islas Baleares;6;Accounting Intern;2;27;14;14
815;Ibiza;7;Islas Baleares;43;Casino Staff;2;37;19;19
815;Ibiza;7;Islas Baleares;45;Chief Executive Officer (CEO);2;14;7;7
811;Ciutadella de Menorca;7;Islas Baleares;551;Assistant Executive Housekeeper;2;41;21;21
811;Ciutadella de Menorca;7;Islas Baleares;572;Bellboy;2;187;94;94
811;Ciutadella de Menorca;7;Islas Baleares;587;Night Auditor;2;216;108;108
811;Ciutadella de Menorca;7;Islas Baleares;590;Reception Assistant;2;210;105;105
811;Ciutadella de Menorca;7;Islas Baleares;634;Bar Manager;2;34;17;17
811;Ciutadella de Menorca;7;Islas Baleares;650;Food and Beverage Manager;2;200;100;100
815;Ibiza;7;Islas Baleares;345;Supply Department Assistant;2;5;3;3
815;Ibiza;7;Islas Baleares;439;Groups and MICE Coordinator;2;20;10;10
815;Ibiza;7;Islas Baleares;487;Gardener;2;50;25;25
815;Ibiza;7;Islas Baleares;482;Electrical Maintenance Technician;2;26;13;13
815;Ibiza;7;Islas Baleares;550;Assistant Hotel Manager;2;40;20;20
815;Ibiza;7;Islas Baleares;504;Painter;2;26;13;13
815;Ibiza;7;Islas Baleares;180;GEX - Guest Experience Manager;2;37;19;19
815;Ibiza;7;Islas Baleares;130;Children's Animator;2;0;0;0
815;Ibiza;7;Islas Baleares;48;Operations Manager;2;9;5;5
811;Ciutadella de Menorca;7;Islas Baleares;668;Waiter Assistant;2;74;37;37
815;Ibiza;7;Islas Baleares;213;Event Chef;2;99;50;50
815;Ibiza;7;Islas Baleares;248;Pastry Chef;2;72;36;36
815;Ibiza;7;Islas Baleares;251;Pizzaiolo;2;21;11;11
815;Ibiza;7;Islas Baleares;286;Rental Sales Consultant;2;32;16;16
797;Alcúdia;7;Islas Baleares;580;Front Office Manager;2;88;44;44
797;Alcúdia;7;Islas Baleares;608;Human Resources Assistant;2;22;11;11
797;Alcúdia;7;Islas Baleares;611;Human Resources Coordinator;2;34;17;17
797;Alcúdia;7;Islas Baleares;657;Bartender;2;91;46;46
797;Alcúdia;7;Islas Baleares;634;Bar Manager;2;71;36;36
797;Alcúdia;7;Islas Baleares;30;Administrative Technician;2;37;19;19
797;Alcúdia;7;Islas Baleares;502;Technical Services Specialist;2;41;21;21
797;Alcúdia;7;Islas Baleares;557;Executive Housekeeper;2;52;26;26
797;Alcúdia;7;Islas Baleares;489;Maintenance Manager;2;85;43;43
644;Badajoz;6;Badajoz;166;Customer Service Agent;2;0;0;0
713;Mérida;6;Badajoz;591;Receptionist;2;91;46;46
796;Alaró;7;Islas Baleares;257;Chef de Partie;2;37;19;19
796;Alaró;7;Islas Baleares;493;Maintenance Officer;2;40;20;20
796;Alaró;7;Islas Baleares;572;Bellboy;2;45;23;23
644;Badajoz;6;Badajoz;243;Kitchen Assistant;2;44;22;22
796;Alaró;7;Islas Baleares;665;Sommelier;2;23;12;12
292;Almería;4;Almería;753;Head of Technical Services;2;37;19;19
343;Níjar;4;Almería;254;Sous Chef;2;49;25;25
292;Almería;4;Almería;652;Head Waiter;2;111;56;56
356;Roquetas de Mar;4;Almería;113;Travel Agent;2;56;28;28
218;Jávea/Xàbia;3;Alicante;552;Chambermaid;2;73;37;37
292;Almería;4;Almería;218;Chef;2;88;44;44
292;Almería;4;Almería;243;Kitchen Assistant;2;153;77;77
292;Almería;4;Almería;6;Accounting Intern;2;0;0;0
356;Roquetas de Mar;4;Almería;550;Assistant Hotel Manager;2;34;17;17
356;Roquetas de Mar;4;Almería;570;Assistant Head of Reception;2;85;43;43
356;Roquetas de Mar;4;Almería;177;GEX - Guest Experience Assistant;2;82;41;41
356;Roquetas de Mar;4;Almería;243;Kitchen Assistant;2;123;62;62
356;Roquetas de Mar;4;Almería;591;Receptionist;2;198;99;99
395;Ávila;5;Ávila;584;Hotel Receptionist;2;39;20;20
6155;Sevilla;41;Sevilla;301;Sales Intern;2;55;28;28
6155;Sevilla;41;Sevilla;271;Hotel Sales Manager;2;55;28;28
6155;Sevilla;41;Sevilla;594;Recruitment Director;2;15;8;8
6155;Sevilla;41;Sevilla;551;Assistant Executive Housekeeper;2;103;52;52
6155;Sevilla;41;Sevilla;570;Assistant Head of Reception;2;136;68;68
6155;Sevilla;41;Sevilla;577;Concierge;2;32;16;16
6155;Sevilla;41;Sevilla;613;Human Resources Manager;2;4;2;2
6155;Sevilla;41;Sevilla;796;Rider;2;114;57;57
6362;Altafulla;43;Tarragona;243;Kitchen Assistant;2;138;69;69
6310;Soria;42;Soria;591;Receptionist;2;70;35;35
6362;Altafulla;43;Tarragona;669;Waiter;2;125;63;63
6123;Mairena del Aljarafe;41;Sevilla;668;Waiter Assistant;2;212;106;106
6101;Dos Hermanas;41;Sevilla;669;Waiter;2;92;46;46
6102;Écija;41;Sevilla;669;Waiter;2;7;4;4
6155;Sevilla;41;Sevilla;93;Regional Director;2;78;39;39
6155;Sevilla;41;Sevilla;10;Accounts Manager;2;0;0;0
6155;Sevilla;41;Sevilla;49;Revenue Manager;2;81;41;41
6155;Sevilla;41;Sevilla;119;Reservation Agent;2;117;59;59
6155;Sevilla;41;Sevilla;181;GEX - Guest Experience Coordinator;2;32;16;16
6100;Cuervo de Sevilla, El;41;Sevilla;221;Cook;2;62;31;31
5826;Santander;39;Cantabria;165;Customer Service Advisor;2;0;0;0
6027;Segovia;40;Segovia;165;Customer Service Advisor;2;0;0;0
6062;Aguadulce;41;Sevilla;443;Maitre in Charge of Room and Events;2;20;10;10
6027;Segovia;40;Segovia;668;Waiter Assistant;2;0;0;0
6502;Tarragona;43;Tarragona;580;Front Office Manager;2;79;40;40
6937;Toledo;45;Toledo;590;Reception Assistant;2;43;22;22
6724;Teruel;44;Teruel;584;Hotel Receptionist;2;20;10;10
6546;Alcañiz;44;Teruel;584;Hotel Receptionist;2;0;0;0
6508;Torroja del Priorat;43;Tarragona;669;Waiter;2;59;30;30
6515;Valls;43;Tarragona;591;Receptionist;2;249;125;125
6502;Tarragona;43;Tarragona;557;Executive Housekeeper;2;86;43;43
6502;Tarragona;43;Tarragona;181;GEX - Guest Experience Coordinator;2;123;62;62
6502;Tarragona;43;Tarragona;494;Maintenance Technician;2;44;22;22
6502;Tarragona;43;Tarragona;286;Rental Sales Consultant;2;25;13;13
6488;Salou;43;Tarragona;652;Head Waiter;2;133;67;67
6488;Salou;43;Tarragona;634;Bar Manager;2;68;34;34
6488;Salou;43;Tarragona;640;Cashier;2;142;71;71
6488;Salou;43;Tarragona;494;Maintenance Technician;2;67;34;34
6488;Salou;43;Tarragona;119;Reservation Agent;2;153;77;77
6488;Salou;43;Tarragona;346;Supply Department Manager;2;80;40;40
6488;Salou;43;Tarragona;254;Sous Chef;2;98;49;49
6390;Cambrils;43;Tarragona;589;Night Receptionist;2;200;100;100
6475;Reus;43;Tarragona;113;Travel Agent;2;79;40;40
6475;Reus;43;Tarragona;166;Customer Service Agent;2;155;78;78
6390;Cambrils;43;Tarragona;243;Kitchen Assistant;2;203;102;102
6438;Montblanc;43;Tarragona;669;Waiter;2;13;7;7
6475;Reus;43;Tarragona;600;Revenue Agent;2;12;6;6
6488;Salou;43;Tarragona;6;Accounting Intern;2;25;13;13
6475;Reus;43;Tarragona;221;Cook;2;114;57;57
6475;Reus;43;Tarragona;669;Waiter;2;74;37;37
8119;Melilla;52;Melilla;226;Dishwasher;2;49;25;25
8119;Melilla;52;Melilla;669;Waiter;2;47;24;24
8149;Tijuana;101;Baja California;113;Travel Agent;2;22;11;11
8116;Zaragoza;50;Zaragoza;552;Chambermaid;2;1;1;1
8116;Zaragoza;50;Zaragoza;561;Housekeeping Staff;2;0;0;0
8116;Zaragoza;50;Zaragoza;494;Maintenance Technician;2;15;8;8
8116;Zaragoza;50;Zaragoza;584;Hotel Receptionist;2;194;97;97
8116;Zaragoza;50;Zaragoza;610;Human Resources Consultant;2;13;7;7
8334;Chihuahua;105;Chihuahua;640;Cashier;2;4;2;2
8486;Chilpancingo de los Bravo;110;Guerrero;113;Travel Agent;2;26;13;13
8567;Pachuca de Soto;111;Hidalgo;113;Travel Agent;2;41;21;21
8334;Chihuahua;105;Chihuahua;725;Security Guard;2;5;3;3
8177;Monclova;106;Coahuila;113;Travel Agent;2;11;6;6
8130;Miguel Hidalgo;131;Ciudad de México;113;Travel Agent;2;60;30;30
8334;Chihuahua;105;Chihuahua;113;Travel Agent;2;20;10;10
8334;Chihuahua;105;Chihuahua;209;Baker Chef;2;2;1;1
8334;Chihuahua;105;Chihuahua;243;Kitchen Assistant;2;9;5;5
8334;Chihuahua;105;Chihuahua;492;Maintenance Assistant;2;2;1;1
10132;Tampico;126;Tamaulipas;113;Travel Agent;2;33;17;17
9906;Querétaro;120;Querétaro;613;Human Resources Manager;2;8;4;4
8731;Puerto Vallarta;112;Jalisco;113;Travel Agent;2;27;14;14
8840;Atizapán de Zaragoza;113;Estado de México;113;Travel Agent;2;27;14;14
8841;Naucalpan de Juárez;113;Estado de México;2;Accounting Assistant;2;36;18;18
9906;Querétaro;120;Querétaro;113;Travel Agent;2;33;17;17
10414;Mérida;129;Yucatán;113;Travel Agent;2;18;9;9
11463;Carcavelos;132;Lisboa;669;Waiter;2;67;34;34
11467;Ericeira;132;Lisboa;552;Chambermaid;2;72;36;36
11468;Estoril;132;Lisboa;119;Reservation Agent;2;102;51;51
11468;Estoril;132;Lisboa;267;Commercial Manager;2;56;28;28
11468;Estoril;132;Lisboa;647;Food and Beverage Assistant;2;42;21;21
11470;Lisboa;132;Lisboa;2;Accounting Assistant;2;28;14;14
11470;Lisboa;132;Lisboa;28;Administrative Intern;2;50;25;25
6937;Toledo;45;Toledo;572;Bellboy;2;77;39;39
7466;Abanto y Ciérvana-Abanto Zierbena;48;Vizcaya;669;Waiter;2;10;5;5
7492;Bilbao;48;Vizcaya;436;Groups & Events Coordinator;2;66;33;33
7492;Bilbao;48;Vizcaya;661;Restaurant Manager;2;27;14;14
7535;Loiu;48;Vizcaya;10;Accounts Manager;2;0;0;0
8116;Zaragoza;50;Zaragoza;10;Accounts Manager;2;13;7;7
7535;Loiu;48;Vizcaya;88;Office Manager;2;0;0;0
8027;Pina de Ebro;50;Zaragoza;669;Waiter;2;5;3;3
7172;Puig de Santa Maria, el;46;Valencia;669;Waiter;2;8;4;4
7418;Valladolid;47;Valladolid;6;Accounting Intern;2;0;0;0
7418;Valladolid;47;Valladolid;10;Accounts Manager;2;0;0;0
7466;Abanto y Ciérvana-Abanto Zierbena;48;Vizcaya;221;Cook;2;6;3;3
7492;Bilbao;48;Vizcaya;26;Administrative Assistant;2;95;48;48
7492;Bilbao;48;Vizcaya;113;Travel Agent;2;96;48;48
7008;Almussafes;46;Valencia;591;Receptionist;2;180;90;90
7342;Olmedo;47;Valladolid;79;Hotel Director;2;83;42;42
6985;Alberic;46;Valencia;221;Cook;2;8;4;4
6985;Alberic;46;Valencia;243;Kitchen Assistant;2;38;19;19
5591;Salamanca;37;Salamanca;243;Kitchen Assistant;2;0;0;0
5591;Salamanca;37;Salamanca;257;Chef de Partie;2;43;22;22
5591;Salamanca;37;Salamanca;438;Groups & Events Sales Manager;2;18;9;9
5591;Salamanca;37;Salamanca;471;Tour Guide;2;21;11;11
5315;Pontevedra;36;Pontevedra;170;Customer Service Manager;2;0;0;0
5330;Vigo;36;Pontevedra;652;Head Waiter;2;17;9;9
5330;Vigo;36;Pontevedra;376;Hospitality Consultant;2;20;10;10
5315;Pontevedra;36;Pontevedra;615;Human Resources Technician;2;33;17;17
5697;Adeje;38;Santa Cruz de Tenerife;67;Financial Assistant;2;18;9;9
5697;Adeje;38;Santa Cruz de Tenerife;79;Hotel Director;2;30;15;15
5697;Adeje;38;Santa Cruz de Tenerife;176;Customer Support Specialist;2;30;15;15
5697;Adeje;38;Santa Cruz de Tenerife;165;Customer Service Advisor;2;65;33;33
5697;Adeje;38;Santa Cruz de Tenerife;167;Customer Service Assistant;2;72;36;36
5591;Salamanca;37;Salamanca;560;Cleaning Manager;2;42;21;21
5315;Pontevedra;36;Pontevedra;494;Maintenance Technician;2;37;19;19
5315;Pontevedra;36;Pontevedra;346;Supply Department Manager;2;24;12;12
5315;Pontevedra;36;Pontevedra;271;Hotel Sales Manager;2;13;7;7
5272;Yaiza;35;Las Palmas;687;First aid attendant;2;17;9;9
5272;Yaiza;35;Las Palmas;590;Reception Assistant;2;80;40;40
5272;Yaiza;35;Las Palmas;528;Graphic Designer;2;13;7;7
5272;Yaiza;35;Las Palmas;494;Maintenance Technician;2;17;9;9
5272;Yaiza;35;Las Palmas;487;Gardener;2;26;13;13
5272;Yaiza;35;Las Palmas;254;Sous Chef;2;24;12;12
5272;Yaiza;35;Las Palmas;241;Italian Food Cook;2;25;13;13
5272;Yaiza;35;Las Palmas;211;Bakery Manager;2;29;15;15
5272;Yaiza;35;Las Palmas;192;Call Center Agent;2;39;20;20
5272;Yaiza;35;Las Palmas;202;Quality Assistant;2;10;5;5
5272;Yaiza;35;Las Palmas;166;Customer Service Agent;2;60;30;30
5272;Yaiza;35;Las Palmas;120;Reservations Manager;2;40;20;20
5266;Tías;35;Las Palmas;690;Holistic Therapist;2;28;14;14
5266;Tías;35;Las Palmas;726;Watchman;2;8;4;4
5272;Yaiza;35;Las Palmas;26;Administrative Assistant;2;47;24;24
5266;Tías;35;Las Palmas;584;Hotel Receptionist;2;92;46;46
5266;Tías;35;Las Palmas;696;Massage Therapist;2;40;20;20
5266;Tías;35;Las Palmas;711;Spa Assistant;2;73;37;37
5266;Tías;35;Las Palmas;628;Assistant Bar Manager;2;58;29;29
5266;Tías;35;Las Palmas;544;Social Media Manager;2;18;9;9
5266;Tías;35;Las Palmas;550;Assistant Hotel Manager;2;98;49;49
5254;Pájara;35;Las Palmas;577;Concierge;2;58;29;29
5254;Pájara;35;Las Palmas;570;Assistant Head of Reception;2;19;10;10
5254;Pájara;35;Las Palmas;492;Maintenance Assistant;2;49;25;25
5254;Pájara;35;Las Palmas;243;Kitchen Assistant;2;48;24;24
5254;Pájara;35;Las Palmas;257;Chef de Partie;2;36;18;18
5254;Pájara;35;Las Palmas;664;Restaurant Section Head;2;22;11;11
5262;Teguise;35;Las Palmas;669;Waiter;2;146;73;73
5262;Teguise;35;Las Palmas;492;Maintenance Assistant;2;79;40;40
5735;Santa Cruz de Tenerife;38;Santa Cruz de Tenerife;486;Facilities Technician;2;13;7;7
5735;Santa Cruz de Tenerife;38;Santa Cruz de Tenerife;572;Bellboy;2;73;37;37
5735;Santa Cruz de Tenerife;38;Santa Cruz de Tenerife;577;Concierge;2;78;39;39
5735;Santa Cruz de Tenerife;38;Santa Cruz de Tenerife;557;Executive Housekeeper;2;51;26;26
5735;Santa Cruz de Tenerife;38;Santa Cruz de Tenerife;593;Human Resources Intern;2;34;17;17
5735;Santa Cruz de Tenerife;38;Santa Cruz de Tenerife;611;Human Resources Coordinator;2;50;25;25
5735;Santa Cruz de Tenerife;38;Santa Cruz de Tenerife;650;Food and Beverage Manager;2;81;41;41
5735;Santa Cruz de Tenerife;38;Santa Cruz de Tenerife;652;Head Waiter;2;47;24;24
5735;Santa Cruz de Tenerife;38;Santa Cruz de Tenerife;661;Restaurant Manager;2;43;22;22
5735;Santa Cruz de Tenerife;38;Santa Cruz de Tenerife;714;Spa Receptionist;2;10;5;5
5826;Santander;39;Cantabria;10;Accounts Manager;2;0;0;0
5826;Santander;39;Cantabria;23;Administrative;2;113;57;57
5730;San Cristóbal de La Laguna;38;Santa Cruz de Tenerife;484;Facilities Manager;2;27;14;14
5724;Puerto de la Cruz;38;Santa Cruz de Tenerife;243;Kitchen Assistant;2;109;55;55
5732;San Miguel de Abona;38;Santa Cruz de Tenerife;221;Cook;2;23;12;12
5722;Paso, El;38;Santa Cruz de Tenerife;221;Cook;2;20;10;10
5722;Paso, El;38;Santa Cruz de Tenerife;257;Chef de Partie;2;28;14;14
5724;Puerto de la Cruz;38;Santa Cruz de Tenerife;119;Reservation Agent;2;90;45;45
5724;Puerto de la Cruz;38;Santa Cruz de Tenerife;226;Dishwasher;2;162;81;81
5724;Puerto de la Cruz;38;Santa Cruz de Tenerife;471;Tour Guide;2;34;17;17
5724;Puerto de la Cruz;38;Santa Cruz de Tenerife;489;Maintenance Manager;2;54;27;27
5724;Puerto de la Cruz;38;Santa Cruz de Tenerife;550;Assistant Hotel Manager;2;120;60;60
5735;Santa Cruz de Tenerife;38;Santa Cruz de Tenerife;166;Customer Service Agent;2;88;44;44
5715;Guía de Isora;38;Santa Cruz de Tenerife;561;Housekeeping Staff;2;56;28;28
5735;Santa Cruz de Tenerife;38;Santa Cruz de Tenerife;79;Hotel Director;2;38;19;19
5735;Santa Cruz de Tenerife;38;Santa Cruz de Tenerife;125;Animation Assistant;2;50;25;25
5735;Santa Cruz de Tenerife;38;Santa Cruz de Tenerife;89;Valet Parking;2;89;45;45
5697;Adeje;38;Santa Cruz de Tenerife;653;Host/Hostess;2;46;23;23
5697;Adeje;38;Santa Cruz de Tenerife;628;Assistant Bar Manager;2;24;12;12
5697;Adeje;38;Santa Cruz de Tenerife;630;Assistant Head Waiter;2;35;18;18
5697;Adeje;38;Santa Cruz de Tenerife;550;Assistant Hotel Manager;2;60;30;30
5697;Adeje;38;Santa Cruz de Tenerife;589;Night Receptionist;2;55;28;28
5697;Adeje;38;Santa Cruz de Tenerife;580;Front Office Manager;2;37;19;19
5697;Adeje;38;Santa Cruz de Tenerife;180;GEX - Guest Experience Manager;2;29;15;15
5697;Adeje;38;Santa Cruz de Tenerife;181;GEX - Guest Experience Coordinator;2;57;29;29
5697;Adeje;38;Santa Cruz de Tenerife;247;Pastry Assistant;2;20;10;10
5697;Adeje;38;Santa Cruz de Tenerife;302;Sales Manager;2;29;15;15
5715;Guía de Isora;38;Santa Cruz de Tenerife;589;Night Receptionist;2;20;10;10
5707;Candelaria;38;Santa Cruz de Tenerife;243;Kitchen Assistant;2;56;28;28
5715;Guía de Isora;38;Santa Cruz de Tenerife;690;Holistic Therapist;2;16;8;8
5720;Matanza de Acentejo, La;38;Santa Cruz de Tenerife;180;GEX - Guest Experience Manager;2;73;37;37
5702;Arona;38;Santa Cruz de Tenerife;669;Waiter;2;48;24;24
5702;Arona;38;Santa Cruz de Tenerife;697;Masseur;2;26;13;13
5702;Arona;38;Santa Cruz de Tenerife;616;Labor Administrative;2;26;13;13
5702;Arona;38;Santa Cruz de Tenerife;630;Assistant Head Waiter;2;27;14;14
5702;Arona;38;Santa Cruz de Tenerife;589;Night Receptionist;2;94;47;47
5702;Arona;38;Santa Cruz de Tenerife;228;Executive Chef;2;72;36;36
5702;Arona;38;Santa Cruz de Tenerife;494;Maintenance Technician;2;46;23;23
5702;Arona;38;Santa Cruz de Tenerife;293;Sales Agent;2;33;17;17
5702;Arona;38;Santa Cruz de Tenerife;209;Baker Chef;2;17;9;9
5697;Adeje;38;Santa Cruz de Tenerife;745;Software Developer;2;2;1;1
3679;León;24;León;552;Chambermaid;2;31;16;16
3679;León;24;León;119;Reservation Agent;2;47;24;24
3405;Jaca;22;Huesca;669;Waiter;2;11;6;6
3548;Jaén;23;Jaén;745;Software Developer;2;4;2;2
3400;Huesca;22;Huesca;243;Kitchen Assistant;2;30;15;15
3456;Sallent de Gállego;22;Huesca;669;Waiter;2;58;29;29
3260;Huelva;21;Huelva;753;Head of Technical Services;2;34;17;17
3345;Benasque;22;Huesca;552;Chambermaid;2;26;13;13
3283;San Juan del Puerto;21;Huelva;113;Travel Agent;2;46;23;23
3345;Benasque;22;Huesca;584;Hotel Receptionist;2;37;19;19
3345;Benasque;22;Huesca;669;Waiter;2;4;2;2
3348;Bielsa;22;Huesca;580;Front Office Manager;2;41;21;21
3940;Naut Aran;25;Lleida;552;Chambermaid;2;79;40;40
3940;Naut Aran;25;Lleida;590;Reception Assistant;2;60;30;30
3921;Lleida;25;Lleida;293;Sales Agent;2;24;12;12
3704;Ponferrada;24;León;669;Waiter;2;13;7;7
3679;León;24;León;668;Waiter Assistant;2;24;12;12
4127;Logroño;26;La Rioja;584;Hotel Receptionist;2;89;45;45
4241;Lugo;27;Lugo;119;Reservation Agent;2;30;15;15
4241;Lugo;27;Lugo;165;Customer Service Advisor;2;0;0;0
3940;Naut Aran;25;Lleida;226;Dishwasher;2;86;43;43
4110;Haro;26;La Rioja;572;Bellboy;2;39;20;20
4110;Haro;26;La Rioja;669;Waiter;2;36;18;18
4236;Guitiriz;27;Lugo;654;Ice Cream Shop Attendant;2;7;4;4
4236;Guitiriz;27;Lugo;669;Waiter;2;8;4;4
4241;Lugo;27;Lugo;584;Hotel Receptionist;2;65;33;33
4287;Alcorcón;28;Madrid;243;Kitchen Assistant;2;0;0;0
4287;Alcorcón;28;Madrid;494;Maintenance Technician;2;73;37;37
4287;Alcorcón;28;Madrid;590;Reception Assistant;2;59;30;30
4285;Alcalá de Henares;28;Madrid;652;Head Waiter;2;41;21;21
4294;Arganda del Rey;28;Madrid;203;Quality Department Internship;2;3;2;2
4359;Madrid;28;Madrid;65;Financial Analyst;2;29;15;15
4359;Madrid;28;Madrid;41;Camping Manager;2;156;78;78
4359;Madrid;28;Madrid;75;Head of Administration;2;60;30;30
4359;Madrid;28;Madrid;44;Casino Host;2;83;42;42
4359;Madrid;28;Madrid;8;Accounting Technician;2;35;18;18
4359;Madrid;28;Madrid;2;Accounting Assistant;2;24;12;12
4359;Madrid;28;Madrid;5;Accounting Director;2;64;32;32
4287;Alcorcón;28;Madrid;668;Waiter Assistant;2;0;0;0
4359;Madrid;28;Madrid;28;Administrative Intern;2;29;15;15
4359;Madrid;28;Madrid;29;Administrative Manager;2;58;29;29
4359;Madrid;28;Madrid;159;Tourist Animator;2;20;10;10
4359;Madrid;28;Madrid;106;Custom Travel Agent;2;78;39;39
4359;Madrid;28;Madrid;102;Business Intelligence Specialist;2;40;20;20
4359;Madrid;28;Madrid;104;Data Analytics Specialist;2;30;15;15
4359;Madrid;28;Madrid;85;Logistics Director;2;65;33;33
4359;Madrid;28;Madrid;93;Regional Director;2;57;29;29
4359;Madrid;28;Madrid;434;Events Staff;2;79;40;40
4359;Madrid;28;Madrid;463;Driver Tour Guide;2;13;7;7
4359;Madrid;28;Madrid;528;Graphic Designer;2;82;41;41
4359;Madrid;28;Madrid;515;Digital Marketing Director;2;111;56;56
4359;Madrid;28;Madrid;504;Painter;2;56;28;28
4359;Madrid;28;Madrid;608;Human Resources Assistant;2;142;71;71
4359;Madrid;28;Madrid;509;B2B Marketing Specialist;2;24;12;12
4359;Madrid;28;Madrid;575;Camping Staff;2;36;18;18
4359;Madrid;28;Madrid;275;Marketing and Sales Manager;2;82;41;41
4359;Madrid;28;Madrid;283;Regional Sales Executive;2;39;20;20
4359;Madrid;28;Madrid;306;Sales Operations Analyst;2;32;16;16
4359;Madrid;28;Madrid;314;Salesperson Call Center;2;29;15;15
4359;Madrid;28;Madrid;316;Store Sales Assistant;2;45;23;23
4359;Madrid;28;Madrid;376;Hospitality Consultant;2;95;48;48
4359;Madrid;28;Madrid;377;Hospitality Trainer;2;21;11;11
4359;Madrid;28;Madrid;346;Supply Department Manager;2;58;29;29
4359;Madrid;28;Madrid;323;Buyer;2;76;38;38
4359;Madrid;28;Madrid;332;Purchasing Agent;2;20;10;10
4359;Madrid;28;Madrid;242;Sushiman;2;58;29;29
4359;Madrid;28;Madrid;244;Meat Cutter;2;56;28;28
4359;Madrid;28;Madrid;250;Pastry Shop Manager;2;22;11;11
4359;Madrid;28;Madrid;270;Group Sales Manager;2;33;17;17
4359;Madrid;28;Madrid;176;Customer Support Specialist;2;50;25;25
4359;Madrid;28;Madrid;211;Bakery Manager;2;7;4;4
4359;Madrid;28;Madrid;200;Customer Support Technician;2;33;17;17
4359;Madrid;28;Madrid;201;Head of Quality;2;27;14;14
4359;Madrid;28;Madrid;202;Quality Assistant;2;30;15;15
4359;Madrid;28;Madrid;192;Call Center Agent;2;139;70;70
4423;Torrejón de Ardoz;28;Madrid;591;Receptionist;2;145;73;73
4457;Villaviciosa de Odón;28;Madrid;221;Cook;2;48;24;24
4427;Torrelodones;28;Madrid;591;Receptionist;2;135;68;68
4411;San Sebastián de los Reyes;28;Madrid;590;Reception Assistant;2;59;30;30
4457;Villaviciosa de Odón;28;Madrid;494;Maintenance Technician;2;37;19;19
4476;Archidona;29;Málaga;221;Cook;2;156;78;78
4359;Madrid;28;Madrid;763;Business Intelligence Analyst;2;20;10;10
4400;Rivas-Vaciamadrid;28;Madrid;591;Receptionist;2;167;84;84
4391;Pozuelo de Alarcón;28;Madrid;415;Conference & Events Trainee;2;18;9;9
4391;Pozuelo de Alarcón;28;Madrid;513;Content Marketing Manager;2;24;12;12
4391;Pozuelo de Alarcón;28;Madrid;593;Human Resources Intern;2;2;1;1
4359;Madrid;28;Madrid;680;Body Treatment Specialist;2;73;37;37
4359;Madrid;28;Madrid;696;Massage Therapist;2;73;37;37
4371;Móstoles;28;Madrid;113;Travel Agent;2;155;78;78
4391;Pozuelo de Alarcón;28;Madrid;102;Business Intelligence Specialist;2;24;12;12
4391;Pozuelo de Alarcón;28;Madrid;104;Data Analytics Specialist;2;15;8;8
4359;Madrid;28;Madrid;777;Flight Attendant;2;276;138;138
4359;Madrid;28;Madrid;755;IT Manager;2;37;19;19
4359;Madrid;28;Madrid;760;Product Development Manager;2;32;16;16
4359;Madrid;28;Madrid;725;Security Guard;2;15;8;8
4526;Málaga;29;Málaga;220;Commis Chef;2;48;24;24
4526;Málaga;29;Málaga;180;GEX - Guest Experience Manager;2;43;22;22
4526;Málaga;29;Málaga;181;GEX - Guest Experience Coordinator;2;61;31;31
4526;Málaga;29;Málaga;228;Executive Chef;2;22;11;11
4526;Málaga;29;Málaga;267;Commercial Manager;2;62;31;31
4526;Málaga;29;Málaga;300;Sales Host;2;98;49;49
4526;Málaga;29;Málaga;346;Supply Department Manager;2;59;30;30
4526;Málaga;29;Málaga;377;Hospitality Trainer;2;15;8;8
4513;Fuengirola;29;Málaga;493;Maintenance Officer;2;71;36;36
4513;Fuengirola;29;Málaga;120;Reservations Manager;2;93;47;47
4513;Fuengirola;29;Málaga;630;Assistant Head Waiter;2;65;33;33
4526;Málaga;29;Málaga;10;Accounts Manager;2;31;16;16
4513;Fuengirola;29;Málaga;650;Food and Beverage Manager;2;53;27;27
4526;Málaga;29;Málaga;113;Travel Agent;2;163;82;82
4510;Estepona;29;Málaga;228;Executive Chef;2;211;106;106
4484;Benalmádena;29;Málaga;580;Front Office Manager;2;453;227;227
4484;Benalmádena;29;Málaga;634;Bar Manager;2;39;20;20
4500;Casares;29;Málaga;221;Cook;2;55;28;28
4476;Archidona;29;Málaga;591;Receptionist;2;168;84;84
4484;Benalmádena;29;Málaga;243;Kitchen Assistant;2;73;37;37
4484;Benalmádena;29;Málaga;557;Executive Housekeeper;2;305;153;153
4484;Benalmádena;29;Málaga;159;Tourist Animator;2;273;137;137
4484;Benalmádena;29;Málaga;550;Assistant Hotel Manager;2;150;75;75
4513;Fuengirola;29;Málaga;293;Sales Agent;2;82;41;41
4510;Estepona;29;Málaga;753;Head of Technical Services;2;28;14;14
4510;Estepona;29;Málaga;657;Bartender;2;125;63;63
4510;Estepona;29;Málaga;591;Receptionist;2;496;248;248
4510;Estepona;29;Málaga;630;Assistant Head Waiter;2;49;25;25
4510;Estepona;29;Málaga;489;Maintenance Manager;2;80;40;40
4510;Estepona;29;Málaga;492;Maintenance Assistant;2;200;100;100
4510;Estepona;29;Málaga;493;Maintenance Officer;2;46;23;23
4528;Marbella;29;Málaga;235;Grill Chef;2;45;23;23
4528;Marbella;29;Málaga;487;Gardener;2;71;36;36
4528;Marbella;29;Málaga;479;Window Cleaner;2;43;22;22
4528;Marbella;29;Málaga;484;Facilities Manager;2;12;6;6
4528;Marbella;29;Málaga;332;Purchasing Agent;2;7;4;4
4528;Marbella;29;Málaga;334;Purchasing Assistant;2;43;22;22
4527;Manilva;29;Málaga;630;Assistant Head Waiter;2;58;29;29
4528;Marbella;29;Málaga;2;Accounting Assistant;2;47;24;24
4528;Marbella;29;Málaga;28;Administrative Intern;2;38;19;19
4528;Marbella;29;Málaga;49;Revenue Manager;2;27;14;14
4528;Marbella;29;Málaga;168;Customer Service Coordinator;2;73;37;37
4528;Marbella;29;Málaga;198;Call Center Technician;2;5;3;3
4528;Marbella;29;Málaga;213;Event Chef;2;33;17;17
4526;Málaga;29;Málaga;493;Maintenance Officer;2;58;29;29
4526;Málaga;29;Málaga;490;Air Conditioning Maintenance Technician;2;34;17;17
4526;Málaga;29;Málaga;505;Car Washer;2;89;45;45
4526;Málaga;29;Málaga;436;Groups & Events Coordinator;2;12;6;6
4526;Málaga;29;Málaga;715;Spa Therapist;2;51;26;26
4526;Málaga;29;Málaga;702;Physiotherapist;2;16;8;8
4526;Málaga;29;Málaga;753;Head of Technical Services;2;26;13;13
4527;Manilva;29;Málaga;159;Tourist Animator;2;193;97;97
4527;Manilva;29;Málaga;254;Sous Chef;2;90;45;45
4527;Manilva;29;Málaga;494;Maintenance Technician;2;32;16;16
4528;Marbella;29;Málaga;711;Spa Assistant;2;78;39;39
4549;Torremolinos;29;Málaga;150;Multifunctional Animator;2;174;87;87
4529;Mijas;29;Málaga;669;Waiter;2;42;21;21
4542;Ronda;29;Málaga;271;Hotel Sales Manager;2;25;13;13
4542;Ronda;29;Málaga;697;Masseur;2;63;32;32
4549;Torremolinos;29;Málaga;498;Swimming Pool Maintenance;2;81;41;41
4549;Torremolinos;29;Málaga;226;Dishwasher;2;66;33;33
4549;Torremolinos;29;Málaga;243;Kitchen Assistant;2;124;62;62
4549;Torremolinos;29;Málaga;257;Chef de Partie;2;36;18;18
4549;Torremolinos;29;Málaga;293;Sales Agent;2;57;29;29
4549;Torremolinos;29;Málaga;631;Assistant Restaurant Manager;2;88;44;44
4569;Alhama de Murcia;30;Murcia;221;Cook;2;13;7;7
4549;Torremolinos;29;Málaga;653;Host/Hostess;2;101;51;51
4549;Torremolinos;29;Málaga;657;Bartender;2;106;53;53
4549;Torremolinos;29;Málaga;580;Front Office Manager;2;155;78;78
4549;Torremolinos;29;Málaga;584;Hotel Receptionist;2;136;68;68
4550;Torrox;29;Málaga;590;Reception Assistant;2;21;11;11
4528;Marbella;29;Málaga;615;Human Resources Technician;2;12;6;6
4528;Marbella;29;Málaga;665;Sommelier;2;34;17;17
4528;Marbella;29;Málaga;756;IT Manager Project;2;5;3;3
4528;Marbella;29;Málaga;757;Information Technology Manager;2;12;6;6
4528;Marbella;29;Málaga;715;Spa Therapist;2;54;27;27
4529;Mijas;29;Málaga;316;Store Sales Assistant;2;63;32;32
4528;Marbella;29;Málaga;505;Car Washer;2;23;12;12
4528;Marbella;29;Málaga;293;Sales Agent;2;18;9;9
4528;Marbella;29;Málaga;498;Swimming Pool Maintenance;2;41;21;21
4528;Marbella;29;Málaga;609;Human Resources Business Partner;2;31;16;16
4528;Marbella;29;Málaga;597;Intern in Reception;2;18;9;9
5012;Oviedo;33;Asturias;286;Rental Sales Consultant;2;9;5;5
5012;Oviedo;33;Asturias;669;Waiter;2;36;18;18
4928;Ourense;32;Ourense;669;Waiter;2;66;33;33
4993;Gijón;33;Asturias;243;Kitchen Assistant;2;36;18;18
4993;Gijón;33;Asturias;6;Accounting Intern;2;0;0;0
5251;Mogán;35;Las Palmas;541;Public Relations Specialist;2;20;10;10
5243;Arrecife;35;Las Palmas;593;Human Resources Intern;2;6;3;3
4993;Gijón;33;Asturias;591;Receptionist;2;291;146;146
5251;Mogán;35;Las Palmas;590;Reception Assistant;2;55;28;28
5253;Oliva, La;35;Las Palmas;243;Kitchen Assistant;2;41;21;21
5253;Oliva, La;35;Las Palmas;254;Sous Chef;2;40;20;20
5253;Oliva, La;35;Las Palmas;257;Chef de Partie;2;38;19;19
5253;Oliva, La;35;Las Palmas;498;Swimming Pool Maintenance;2;15;8;8
5253;Oliva, La;35;Las Palmas;664;Restaurant Section Head;2;21;11;11
5253;Oliva, La;35;Las Palmas;577;Concierge;2;46;23;23
4817;Pamplona/Iruña;31;Navarra;6;Accounting Intern;2;0;0;0
4817;Pamplona/Iruña;31;Navarra;10;Accounts Manager;2;0;0;0
4817;Pamplona/Iruña;31;Navarra;221;Cook;2;20;10;10
4817;Pamplona/Iruña;31;Navarra;561;Housekeeping Staff;2;61;31;31
4817;Pamplona/Iruña;31;Navarra;593;Human Resources Intern;2;11;6;6
4928;Ourense;32;Ourense;170;Customer Service Manager;2;0;0;0
4928;Ourense;32;Ourense;80;Hotel Manager;2;55;28;28
4928;Ourense;32;Ourense;584;Hotel Receptionist;2;96;48;48
4591;Murcia;30;Murcia;221;Cook;2;70;35;35
4577;Cartagena;30;Murcia;557;Executive Housekeeper;2;41;21;21
4577;Cartagena;30;Murcia;561;Housekeeping Staff;1;49;49;49
4577;Cartagena;30;Murcia;652;Head Waiter;1;14;14;14
4577;Cartagena;30;Murcia;657;Bartender;1;15;15;15
4585;Lorca;30;Murcia;631;Assistant Restaurant Manager;1;16;16;16
4591;Murcia;30;Murcia;7;Accounting Manager;1;10;10;10
4591;Murcia;30;Murcia;44;Casino Host;1;5;5;5
4591;Murcia;30;Murcia;78;Hotel Development Director;1;5;5;5
4591;Murcia;30;Murcia;113;Travel Agent;1;43;43;43
4591;Murcia;30;Murcia;165;Customer Service Advisor;1;0;0;0
4591;Murcia;30;Murcia;166;Customer Service Agent;1;13;13;13
4591;Murcia;30;Murcia;190;Customer Success Manager;1;12;12;12
4591;Murcia;30;Murcia;198;Call Center Technician;1;1;1;1
4591;Murcia;30;Murcia;207;Quality Technician;1;1;1;1
4591;Murcia;30;Murcia;226;Dishwasher;1;80;80;80
4591;Murcia;30;Murcia;248;Pastry Chef;1;23;23;23
4591;Murcia;30;Murcia;254;Sous Chef;1;8;8;8
4591;Murcia;30;Murcia;267;Commercial Manager;1;6;6;6
4591;Murcia;30;Murcia;286;Rental Sales Consultant;1;57;57;57
4591;Murcia;30;Murcia;297;Sales Development Representatives (SDR);1;5;5;5
4591;Murcia;30;Murcia;492;Maintenance Assistant;1;17;17;17
4591;Murcia;30;Murcia;10;Accounts Manager;1;0;0;0
4591;Murcia;30;Murcia;23;Administrative;1;12;12;12
4591;Murcia;30;Murcia;679;Beauty Consultant;1;16;16;16
4591;Murcia;30;Murcia;725;Security Guard;1;6;6;6
4591;Murcia;30;Murcia;755;IT Manager;1;2;2;2
4591;Murcia;30;Murcia;758;Helpdesk Supervisor;1;2;2;2
4591;Murcia;30;Murcia;796;Rider;1;24;24;24
4591;Murcia;30;Murcia;813;Van Driver;1;26;26;26
4596;San Javier;30;Murcia;570;Assistant Head of Reception;1;14;14;14
4599;Torre-Pacheco;30;Murcia;23;Administrative;1;25;25;25
4599;Torre-Pacheco;30;Murcia;494;Maintenance Technician;1;15;15;15
4928;Ourense;32;Ourense;589;Night Receptionist;1;0;0;0
4928;Ourense;32;Ourense;591;Receptionist;1;15;15;15
4928;Ourense;32;Ourense;165;Customer Service Advisor;1;0;0;0
4928;Ourense;32;Ourense;182;Service Manager;1;0;0;0
4928;Ourense;32;Ourense;218;Chef;1;12;12;12
4928;Ourense;32;Ourense;552;Chambermaid;1;4;4;4
4853;Urdazubi/Urdax;31;Navarra;167;Customer Service Assistant;1;7;7;7
4928;Ourense;32;Ourense;6;Accounting Intern;1;0;0;0
4928;Ourense;32;Ourense;7;Accounting Manager;1;0;0;0
4928;Ourense;32;Ourense;29;Administrative Manager;1;0;0;0
4818;Peralta/Azkoien;31;Navarra;221;Cook;1;12;12;12
4845;Tudela;31;Navarra;10;Accounts Manager;1;0;0;0
4845;Tudela;31;Navarra;221;Cook;1;11;11;11
4845;Tudela;31;Navarra;492;Maintenance Assistant;1;12;12;12
4845;Tudela;31;Navarra;561;Housekeeping Staff;1;24;24;24
4845;Tudela;31;Navarra;634;Bar Manager;1;3;3;3
4817;Pamplona/Iruña;31;Navarra;668;Waiter Assistant;1;22;22;22
4817;Pamplona/Iruña;31;Navarra;560;Cleaning Manager;1;2;2;2
4817;Pamplona/Iruña;31;Navarra;243;Kitchen Assistant;1;40;40;40
4817;Pamplona/Iruña;31;Navarra;286;Rental Sales Consultant;1;3;3;3
4817;Pamplona/Iruña;31;Navarra;471;Tour Guide;1;28;28;28
4817;Pamplona/Iruña;31;Navarra;551;Assistant Executive Housekeeper;1;4;4;4
4817;Pamplona/Iruña;31;Navarra;79;Hotel Director;1;45;45;45
4591;Murcia;30;Murcia;528;Graphic Designer;1;8;8;8
4591;Murcia;30;Murcia;552;Chambermaid;1;67;67;67
4591;Murcia;30;Murcia;589;Night Receptionist;1;171;171;171
4591;Murcia;30;Murcia;600;Revenue Agent;1;5;5;5
4591;Murcia;30;Murcia;609;Human Resources Business Partner;1;12;12;12
4591;Murcia;30;Murcia;640;Cashier;1;52;52;52
5253;Oliva, La;35;Las Palmas;589;Night Receptionist;1;30;30;30
5253;Oliva, La;35;Las Palmas;591;Receptionist;1;62;62;62
5254;Pájara;35;Las Palmas;41;Camping Manager;1;28;28;28
5254;Pájara;35;Las Palmas;218;Chef;1;44;44;44
5253;Oliva, La;35;Las Palmas;493;Maintenance Officer;1;17;17;17
5253;Oliva, La;35;Las Palmas;23;Administrative;1;19;19;19
5253;Oliva, La;35;Las Palmas;72;Franchise Supervisor;1;16;16;16
5251;Mogán;35;Las Palmas;620;Personnel Recruitment Technician;1;40;40;40
5251;Mogán;35;Las Palmas;630;Assistant Head Waiter;1;26;26;26
5012;Oviedo;33;Asturias;632;Bakery Attendant;1;0;0;0
5251;Mogán;35;Las Palmas;589;Night Receptionist;1;0;0;0
5243;Arrecife;35;Las Palmas;615;Human Resources Technician;1;13;13;13
5243;Arrecife;35;Las Palmas;634;Bar Manager;1;11;11;11
5243;Arrecife;35;Las Palmas;668;Waiter Assistant;1;20;20;20
5243;Arrecife;35;Las Palmas;669;Waiter;1;22;22;22
5251;Mogán;35;Las Palmas;89;Valet Parking;1;10;10;10
5251;Mogán;35;Las Palmas;159;Tourist Animator;1;59;59;59
4993;Gijón;33;Asturias;7;Accounting Manager;1;0;0;0
5004;Llanes;33;Asturias;669;Waiter;1;12;12;12
5007;Muros de Nalón;33;Asturias;552;Chambermaid;1;56;56;56
5008;Nava;33;Asturias;669;Waiter;1;11;11;11
4933;Peroxa, A;32;Ourense;669;Waiter;1;13;13;13
4973;Avilés;33;Asturias;6;Accounting Intern;1;0;0;0
4973;Avilés;33;Asturias;243;Kitchen Assistant;1;15;15;15
4989;Corvera de Asturias;33;Asturias;221;Cook;1;27;27;27
4989;Corvera de Asturias;33;Asturias;494;Maintenance Technician;1;10;10;10
4989;Corvera de Asturias;33;Asturias;530;Marketing Assistant;1;31;31;31
4989;Corvera de Asturias;33;Asturias;669;Waiter;1;15;15;15
4990;Cudillero;33;Asturias;584;Hotel Receptionist;1;37;37;37
5019;Pravia;33;Asturias;584;Hotel Receptionist;1;145;145;145
5034;Siero;33;Asturias;6;Accounting Intern;1;0;0;0
5041;Tineo;33;Asturias;591;Receptionist;1;62;62;62
5054;Ampudia;34;Palencia;669;Waiter;1;6;6;6
5089;Cervera de Pisuerga;34;Palencia;591;Receptionist;1;2;2;2
5140;Palencia;34;Palencia;113;Travel Agent;1;19;19;19
5140;Palencia;34;Palencia;221;Cook;1;0;0;0
5140;Palencia;34;Palencia;584;Hotel Receptionist;1;26;26;26
5140;Palencia;34;Palencia;761;Technical Services Assistant;1;5;5;5
5243;Arrecife;35;Las Palmas;210;Assistant Baker;1;30;30;30
5243;Arrecife;35;Las Palmas;492;Maintenance Assistant;1;5;5;5
5243;Arrecife;35;Las Palmas;505;Car Washer;1;22;22;22
5243;Arrecife;35;Las Palmas;552;Chambermaid;1;21;21;21
5243;Arrecife;35;Las Palmas;561;Housekeeping Staff;1;49;49;49
5012;Oviedo;33;Asturias;376;Hospitality Consultant;1;21;21;21
5012;Oviedo;33;Asturias;471;Tour Guide;1;18;18;18
4993;Gijón;33;Asturias;494;Maintenance Technician;1;30;30;30
4993;Gijón;33;Asturias;552;Chambermaid;1;32;32;32
5012;Oviedo;33;Asturias;10;Accounts Manager;1;0;0;0
5012;Oviedo;33;Asturias;166;Customer Service Agent;1;0;0;0
5012;Oviedo;33;Asturias;192;Call Center Agent;1;66;66;66
4528;Marbella;29;Málaga;593;Human Resources Intern;1;17;17;17
4528;Marbella;29;Málaga;613;Human Resources Manager;1;20;20;20
4528;Marbella;29;Málaga;614;Human Resources Specialist;1;20;20;20
4528;Marbella;29;Málaga;557;Executive Housekeeper;1;50;50;50
4528;Marbella;29;Málaga;560;Cleaning Manager;1;27;27;27
4528;Marbella;29;Málaga;501;Technical Services Officer;1;29;29;29
4528;Marbella;29;Málaga;564;Laundry Attendant;1;29;29;29
4528;Marbella;29;Málaga;565;Laundry Manager;1;0;0;0
4528;Marbella;29;Málaga;567;Linen Keeper;1;46;46;46
4528;Marbella;29;Málaga;570;Assistant Head of Reception;1;69;69;69
4528;Marbella;29;Málaga;507;Advertising Manager;1;27;27;27
4528;Marbella;29;Málaga;531;Marketing Consultant;1;28;28;28
4528;Marbella;29;Málaga;497;Building Repairer;1;24;24;24
4529;Mijas;29;Málaga;376;Hospitality Consultant;1;39;39;39
4529;Mijas;29;Málaga;505;Car Washer;1;22;22;22
4529;Mijas;29;Málaga;591;Receptionist;1;90;90;90
4528;Marbella;29;Málaga;716;Hair Stylist;1;17;17;17
4528;Marbella;29;Málaga;731;Pool Attendant;1;13;13;13
4528;Marbella;29;Málaga;753;Head of Technical Services;1;15;15;15
4528;Marbella;29;Málaga;763;Business Intelligence Analyst;1;3;3;3
4529;Mijas;29;Málaga;23;Administrative;1;50;50;50
4529;Mijas;29;Málaga;257;Chef de Partie;1;15;15;15
4529;Mijas;29;Málaga;267;Commercial Manager;1;51;51;51
4529;Mijas;29;Málaga;270;Group Sales Manager;1;38;38;38
4529;Mijas;29;Málaga;293;Sales Agent;1;18;18;18
4528;Marbella;29;Málaga;661;Restaurant Manager;1;11;11;11
4528;Marbella;29;Málaga;696;Massage Therapist;1;38;38;38
4528;Marbella;29;Málaga;627;Talent Acquisition Specialist;1;11;11;11
4528;Marbella;29;Málaga;634;Bar Manager;1;104;104;104
4528;Marbella;29;Málaga;637;Barista;1;13;13;13
4528;Marbella;29;Málaga;650;Food and Beverage Manager;1;50;50;50
4553;Vélez-Málaga;29;Málaga;590;Reception Assistant;1;102;102;102
4563;Águilas;30;Murcia;106;Custom Travel Agent;1;8;8;8
4563;Águilas;30;Murcia;119;Reservation Agent;1;29;29;29
4565;Alcantarilla;30;Murcia;494;Maintenance Technician;1;8;8;8
4566;Alcázares, Los;30;Murcia;79;Hotel Director;1;89;89;89
4566;Alcázares, Los;30;Murcia;221;Cook;1;19;19;19
4566;Alcázares, Los;30;Murcia;591;Receptionist;1;31;31;31
4566;Alcázares, Los;30;Murcia;652;Head Waiter;1;16;16;16
4566;Alcázares, Los;30;Murcia;669;Waiter;1;20;20;20
4569;Alhama de Murcia;30;Murcia;207;Quality Technician;1;11;11;11
4549;Torremolinos;29;Málaga;628;Assistant Bar Manager;1;27;27;27
4549;Torremolinos;29;Málaga;630;Assistant Head Waiter;1;47;47;47
4549;Torremolinos;29;Málaga;697;Masseur;1;22;22;22
4549;Torremolinos;29;Málaga;726;Watchman;1;13;13;13
4549;Torremolinos;29;Málaga;761;Technical Services Assistant;1;1;1;1
4550;Torrox;29;Málaga;66;Financial Assets Manager;1;29;29;29
4550;Torrox;29;Málaga;492;Maintenance Assistant;1;15;15;15
4577;Cartagena;30;Murcia;300;Sales Host;1;29;29;29
4577;Cartagena;30;Murcia;302;Sales Manager;1;15;15;15
4577;Cartagena;30;Murcia;501;Technical Services Officer;1;4;4;4
4569;Alhama de Murcia;30;Murcia;778;Car Driver;1;13;13;13
4569;Alhama de Murcia;30;Murcia;796;Rider;1;19;19;19
4577;Cartagena;30;Murcia;166;Customer Service Agent;1;0;0;0
4549;Torremolinos;29;Málaga;432;Events Sales Executive;1;32;32;32
4549;Torremolinos;29;Málaga;273;Key Account Manager;1;13;13;13
4549;Torremolinos;29;Málaga;277;MICE Sales Manager;1;48;48;48
4549;Torremolinos;29;Málaga;254;Sous Chef;1;71;71;71
4549;Torremolinos;29;Málaga;501;Technical Services Officer;1;14;14;14
4549;Torremolinos;29;Málaga;550;Assistant Hotel Manager;1;15;15;15
4549;Torremolinos;29;Málaga;557;Executive Housekeeper;1;52;52;52
4549;Torremolinos;29;Málaga;561;Housekeeping Staff;1;252;252;252
4549;Torremolinos;29;Málaga;570;Assistant Head of Reception;1;51;51;51
4549;Torremolinos;29;Málaga;26;Administrative Assistant;1;68;68;68
4549;Torremolinos;29;Málaga;43;Casino Staff;1;3;3;3
4549;Torremolinos;29;Málaga;79;Hotel Director;1;106;106;106
4549;Torremolinos;29;Málaga;128;Animation Supervisor;1;76;76;76
4534;Nerja;29;Málaga;221;Cook;1;23;23;23
4534;Nerja;29;Málaga;552;Chambermaid;1;36;36;36
4541;Riogordo;29;Málaga;164;Fitness Supervisor;1;4;4;4
4549;Torremolinos;29;Málaga;166;Customer Service Agent;1;20;20;20
4549;Torremolinos;29;Málaga;177;GEX - Guest Experience Assistant;1;12;12;12
4549;Torremolinos;29;Málaga;180;GEX - Guest Experience Manager;1;50;50;50
4549;Torremolinos;29;Málaga;181;GEX - Guest Experience Coordinator;1;53;53;53
4549;Torremolinos;29;Málaga;211;Bakery Manager;1;28;28;28
4549;Torremolinos;29;Málaga;213;Event Chef;1;33;33;33
4528;Marbella;29;Málaga;713;Spa Manager;1;64;64;64
4528;Marbella;29;Málaga;714;Spa Receptionist;1;79;79;79
4527;Manilva;29;Málaga;552;Chambermaid;1;62;62;62
4527;Manilva;29;Málaga;570;Assistant Head of Reception;1;71;71;71
4527;Manilva;29;Málaga;591;Receptionist;1;49;49;49
4527;Manilva;29;Málaga;489;Maintenance Manager;1;30;30;30
4527;Manilva;29;Málaga;218;Chef;1;106;106;106
4526;Málaga;29;Málaga;731;Pool Attendant;1;20;20;20
4526;Málaga;29;Málaga;714;Spa Receptionist;1;35;35;35
4526;Málaga;29;Málaga;697;Masseur;1;20;20;20
4526;Málaga;29;Málaga;636;Barback;1;33;33;33
4526;Málaga;29;Málaga;647;Food and Beverage Assistant;1;27;27;27
4526;Málaga;29;Málaga;650;Food and Beverage Manager;1;4;4;4
4526;Málaga;29;Málaga;631;Assistant Restaurant Manager;1;26;26;26
4526;Málaga;29;Málaga;438;Groups & Events Sales Manager;1;11;11;11
4526;Málaga;29;Málaga;453;Sporting Activities Manager;1;12;12;12
4526;Málaga;29;Málaga;471;Tour Guide;1;15;15;15
4526;Málaga;29;Málaga;473;Tourism Agent;1;55;55;55
4526;Málaga;29;Málaga;486;Facilities Technician;1;21;21;21
4526;Málaga;29;Málaga;498;Swimming Pool Maintenance;1;17;17;17
4526;Málaga;29;Málaga;501;Technical Services Officer;1;26;26;26
4526;Málaga;29;Málaga;502;Technical Services Specialist;1;39;39;39
4526;Málaga;29;Málaga;516;Digital Marketing Manager;1;33;33;33
4526;Málaga;29;Málaga;533;Marketing Intern;1;18;18;18
4526;Málaga;29;Málaga;535;Marketing Specialist;1;14;14;14
4526;Málaga;29;Málaga;492;Maintenance Assistant;1;7;7;7
4526;Málaga;29;Málaga;605;Employee Relations Specialist;1;25;25;25
4526;Málaga;29;Málaga;611;Human Resources Coordinator;1;9;9;9
4526;Málaga;29;Málaga;615;Human Resources Technician;1;31;31;31
4526;Málaga;29;Málaga;628;Assistant Bar Manager;1;27;27;27
4526;Málaga;29;Málaga;575;Camping Staff;1;46;46;46
4526;Málaga;29;Málaga;564;Laundry Attendant;1;0;0;0
4528;Marbella;29;Málaga;218;Chef;1;36;36;36
4528;Marbella;29;Málaga;220;Commis Chef;1;14;14;14
4528;Marbella;29;Málaga;171;Customer Service Specialist;1;23;23;23
4528;Marbella;29;Málaga;179;GEX - Guest Experience Director;1;43;43;43
4528;Marbella;29;Málaga;143;Events Manager;1;44;44;44
4528;Marbella;29;Málaga;163;Fitness Animator;1;53;53;53
4528;Marbella;29;Málaga;166;Customer Service Agent;1;19;19;19
4528;Marbella;29;Málaga;122;Activities Assistant;1;5;5;5
4528;Marbella;29;Málaga;125;Animation Assistant;1;15;15;15
4528;Marbella;29;Málaga;55;Controller;1;15;15;15
4528;Marbella;29;Málaga;68;Financial Intern;1;28;28;28
4528;Marbella;29;Málaga;75;Head of Administration;1;38;38;38
4528;Marbella;29;Málaga;80;Hotel Manager;1;4;4;4
4528;Marbella;29;Málaga;33;Billing Assistant;1;20;20;20
4528;Marbella;29;Málaga;44;Casino Host;1;21;21;21
4528;Marbella;29;Málaga;47;Chief Operations Officer (COO);1;161;161;161
4528;Marbella;29;Málaga;4;Personal Assistant;1;20;20;20
4528;Marbella;29;Málaga;23;Administrative;1;52;52;52
4527;Manilva;29;Málaga;669;Waiter;1;22;22;22
4528;Marbella;29;Málaga;27;Administrative Director;1;36;36;36
4528;Marbella;29;Málaga;341;Stock Control Technician;1;16;16;16
4528;Marbella;29;Málaga;396;Sommelier Consultant;1;32;32;32
4528;Marbella;29;Málaga;436;Groups & Events Coordinator;1;34;34;34
4528;Marbella;29;Málaga;437;Groups & Events Manager;1;32;32;32
4528;Marbella;29;Málaga;438;Groups & Events Sales Manager;1;48;48;48
4528;Marbella;29;Málaga;439;Groups and MICE Coordinator;1;28;28;28
4528;Marbella;29;Málaga;330;Logistics and Distribution Coordinator;1;19;19;19
4528;Marbella;29;Málaga;187;Customer Experience Specialist;1;28;28;28
4528;Marbella;29;Málaga;191;Customer Success Specialist;1;14;14;14
4528;Marbella;29;Málaga;224;Dietary Chef;1;28;28;28
4528;Marbella;29;Málaga;247;Pastry Assistant;1;45;45;45
4528;Marbella;29;Málaga;269;Food service salesperson;1;70;70;70
4528;Marbella;29;Málaga;273;Key Account Manager;1;6;6;6
4528;Marbella;29;Málaga;274;Marketing and Sales Director;1;11;11;11
4528;Marbella;29;Málaga;275;Marketing and Sales Manager;1;10;10;10
4528;Marbella;29;Málaga;286;Rental Sales Consultant;1;9;9;9
4510;Estepona;29;Málaga;501;Technical Services Officer;1;41;41;41
4510;Estepona;29;Málaga;518;Public Relations Director;1;22;22;22
4510;Estepona;29;Málaga;550;Assistant Hotel Manager;1;57;57;57
4510;Estepona;29;Málaga;551;Assistant Executive Housekeeper;1;32;32;32
4510;Estepona;29;Málaga;254;Sous Chef;1;92;92;92
4510;Estepona;29;Málaga;257;Chef de Partie;1;6;6;6
4510;Estepona;29;Málaga;377;Hospitality Trainer;1;13;13;13
4510;Estepona;29;Málaga;438;Groups & Events Sales Manager;1;24;24;24
4510;Estepona;29;Málaga;490;Air Conditioning Maintenance Technician;1;25;25;25
4510;Estepona;29;Málaga;590;Reception Assistant;1;96;96;96
4510;Estepona;29;Málaga;557;Executive Housekeeper;1;76;76;76
4510;Estepona;29;Málaga;572;Bellboy;1;79;79;79
4510;Estepona;29;Málaga;577;Concierge;1;93;93;93
4510;Estepona;29;Málaga;631;Assistant Restaurant Manager;1;25;25;25
4510;Estepona;29;Málaga;610;Human Resources Consultant;1;10;10;10
4510;Estepona;29;Málaga;686;Esthetician;1;28;28;28
4513;Fuengirola;29;Málaga;47;Chief Operations Officer (COO);1;59;59;59
4513;Fuengirola;29;Málaga;89;Valet Parking;1;59;59;59
4513;Fuengirola;29;Málaga;119;Reservation Agent;1;151;151;151
4513;Fuengirola;29;Málaga;432;Events Sales Executive;1;6;6;6
4513;Fuengirola;29;Málaga;452;Sport Center Manager;1;11;11;11
4513;Fuengirola;29;Málaga;492;Maintenance Assistant;1;29;29;29
4484;Benalmádena;29;Málaga;551;Assistant Executive Housekeeper;1;0;0;0
4484;Benalmádena;29;Málaga;220;Commis Chef;1;25;25;25
4484;Benalmádena;29;Málaga;570;Assistant Head of Reception;1;2;2;2
4484;Benalmádena;29;Málaga;577;Concierge;1;65;65;65
4484;Benalmádena;29;Málaga;254;Sous Chef;1;72;72;72
4484;Benalmádena;29;Málaga;489;Maintenance Manager;1;49;49;49
4484;Benalmádena;29;Málaga;493;Maintenance Officer;1;65;65;65
4482;Benahavís;29;Málaga;28;Administrative Intern;1;14;14;14
4482;Benahavís;29;Málaga;89;Valet Parking;1;15;15;15
4482;Benahavís;29;Málaga;177;GEX - Guest Experience Assistant;1;30;30;30
4500;Casares;29;Málaga;652;Head Waiter;1;19;19;19
4500;Casares;29;Málaga;657;Bartender;1;14;14;14
4501;Coín;29;Málaga;813;Van Driver;1;0;0;0
4510;Estepona;29;Málaga;119;Reservation Agent;1;307;307;307
4510;Estepona;29;Málaga;177;GEX - Guest Experience Assistant;1;46;46;46
4510;Estepona;29;Málaga;213;Event Chef;1;16;16;16
4484;Benalmádena;29;Málaga;652;Head Waiter;1;67;67;67
4484;Benalmádena;29;Málaga;664;Restaurant Section Head;1;14;14;14
4484;Benalmádena;29;Málaga;584;Hotel Receptionist;1;5;5;5
4484;Benalmádena;29;Málaga;589;Night Receptionist;1;92;92;92
4484;Benalmádena;29;Málaga;697;Masseur;1;32;32;32
4484;Benalmádena;29;Málaga;753;Head of Technical Services;1;17;17;17
4510;Estepona;29;Málaga;224;Dietary Chef;1;22;22;22
4510;Estepona;29;Málaga;226;Dishwasher;1;0;0;0
4526;Málaga;29;Málaga;167;Customer Service Assistant;1;0;0;0
4526;Málaga;29;Málaga;125;Animation Assistant;1;205;205;205
4526;Málaga;29;Málaga;141;Entertainment Manager;1;36;36;36
4526;Málaga;29;Málaga;165;Customer Service Advisor;1;0;0;0
4526;Málaga;29;Málaga;14;Accounts Payable Intern;1;29;29;29
4526;Málaga;29;Málaga;23;Administrative;1;98;98;98
4526;Málaga;29;Málaga;32;Amusement Park Staff;1;22;22;22
4526;Málaga;29;Málaga;50;Operations Specialist;1;15;15;15
4526;Málaga;29;Málaga;58;Cultural Centre Manager;1;25;25;25
4526;Málaga;29;Málaga;72;Franchise Supervisor;1;15;15;15
4526;Málaga;29;Málaga;85;Logistics Director;1;41;41;41
4526;Málaga;29;Málaga;88;Office Manager;1;3;3;3
4526;Málaga;29;Málaga;93;Regional Director;1;71;71;71
4526;Málaga;29;Málaga;96;Supply Chain Manager;1;22;22;22
4513;Fuengirola;29;Málaga;637;Barista;1;52;52;52
4513;Fuengirola;29;Málaga;664;Restaurant Section Head;1;26;26;26
4526;Málaga;29;Málaga;2;Accounting Assistant;1;30;30;30
4513;Fuengirola;29;Málaga;166;Customer Service Agent;1;143;143;143
4513;Fuengirola;29;Málaga;501;Technical Services Officer;1;19;19;19
4513;Fuengirola;29;Málaga;514;Copywriter;1;35;35;35
4513;Fuengirola;29;Málaga;551;Assistant Executive Housekeeper;1;34;34;34
4513;Fuengirola;29;Málaga;552;Chambermaid;1;137;137;137
4526;Málaga;29;Málaga;401;Tourist Management Consultant;1;26;26;26
4526;Málaga;29;Málaga;413;Catering Manager;1;79;79;79
4526;Málaga;29;Málaga;432;Events Sales Executive;1;58;58;58
4526;Málaga;29;Málaga;434;Events Staff;1;0;0;0
4526;Málaga;29;Málaga;361;Food Production Consultant;1;65;65;65
4526;Málaga;29;Málaga;293;Sales Agent;1;37;37;37
4526;Málaga;29;Málaga;271;Hotel Sales Manager;1;79;79;79
4526;Málaga;29;Málaga;273;Key Account Manager;1;3;3;3
4526;Málaga;29;Málaga;274;Marketing and Sales Director;1;28;28;28
4526;Málaga;29;Málaga;275;Marketing and Sales Manager;1;39;39;39
4526;Málaga;29;Málaga;235;Grill Chef;1;22;22;22
4526;Málaga;29;Málaga;262;Area Sales Manager;1;50;50;50
4526;Málaga;29;Málaga;192;Call Center Agent;1;53;53;53
4526;Málaga;29;Málaga;210;Assistant Baker;1;8;8;8
4526;Málaga;29;Málaga;211;Bakery Manager;1;95;95;95
4526;Málaga;29;Málaga;172;Customer Support Assistant;1;0;0;0
4359;Madrid;28;Madrid;728;Beach Guard;1;9;9;9
4359;Madrid;28;Madrid;732;Helpdesk Analyst;1;10;10;10
4359;Madrid;28;Madrid;745;Software Developer;1;4;4;4
4359;Madrid;28;Madrid;746;Web Developer;1;1;1;1
4359;Madrid;28;Madrid;753;Head of Technical Services;1;2;2;2
4359;Madrid;28;Madrid;762;Technologist brewing;1;20;20;20
4359;Madrid;28;Madrid;778;Car Driver;1;40;40;40
4359;Madrid;28;Madrid;796;Rider;1;16;16;16
4359;Madrid;28;Madrid;800;Onboard Hotel Manager;1;15;15;15
4359;Madrid;28;Madrid;806;Ship Steward;1;107;107;107
4359;Madrid;28;Madrid;813;Van Driver;1;42;42;42
4360;Majadahonda;28;Madrid;669;Waiter;1;16;16;16
4364;Miraflores de la Sierra;28;Madrid;111;Travel Agencies Account Manager;1;30;30;30
4369;Moralzarzal;28;Madrid;221;Cook;1;17;17;17
4391;Pozuelo de Alarcón;28;Madrid;80;Hotel Manager;1;32;32;32
4391;Pozuelo de Alarcón;28;Madrid;101;Business Intelligence Manager;1;0;0;0
4391;Pozuelo de Alarcón;28;Madrid;254;Sous Chef;1;38;38;38
4391;Pozuelo de Alarcón;28;Madrid;266;Commercial and Marketing Manager;1;23;23;23
4391;Pozuelo de Alarcón;28;Madrid;267;Commercial Manager;1;23;23;23
4391;Pozuelo de Alarcón;28;Madrid;277;MICE Sales Manager;1;26;26;26
4391;Pozuelo de Alarcón;28;Madrid;293;Sales Agent;1;12;12;12
4372;Navacerrada;28;Madrid;221;Cook;1;39;39;39
4389;Pinto;28;Madrid;494;Maintenance Technician;1;15;15;15
4389;Pinto;28;Madrid;591;Receptionist;1;54;54;54
4391;Pozuelo de Alarcón;28;Madrid;7;Accounting Manager;1;25;25;25
4391;Pozuelo de Alarcón;28;Madrid;18;Accounts Receivable Executive;1;16;16;16
4391;Pozuelo de Alarcón;28;Madrid;45;Chief Executive Officer (CEO);1;30;30;30
4391;Pozuelo de Alarcón;28;Madrid;68;Financial Intern;1;7;7;7
4359;Madrid;28;Madrid;708;Sauna Technician;1;22;22;22
4359;Madrid;28;Madrid;709;Seamstress;1;25;25;25
4359;Madrid;28;Madrid;718;Wellness Advisor;1;14;14;14
4359;Madrid;28;Madrid;721;Art Gallery Guard;1;17;17;17
4359;Madrid;28;Madrid;724;Nightwatchman;1;0;0;0
4359;Madrid;28;Madrid;692;Lifesaver;1;4;4;4
4359;Madrid;28;Madrid;622;Recruitment Consultant;1;14;14;14
4359;Madrid;28;Madrid;625;Talent Acquisition Consultant;1;4;4;4
4359;Madrid;28;Madrid;627;Talent Acquisition Specialist;1;21;21;21
4359;Madrid;28;Madrid;617;Learning and Talent Development Specialist;1;34;34;34
4359;Madrid;28;Madrid;632;Bakery Attendant;1;24;24;24
4359;Madrid;28;Madrid;654;Ice Cream Shop Attendant;1;11;11;11
4391;Pozuelo de Alarcón;28;Madrid;610;Human Resources Consultant;1;3;3;3
4391;Pozuelo de Alarcón;28;Madrid;613;Human Resources Manager;1;11;11;11
4391;Pozuelo de Alarcón;28;Madrid;631;Assistant Restaurant Manager;1;25;25;25
4391;Pozuelo de Alarcón;28;Madrid;637;Barista;1;51;51;51
4391;Pozuelo de Alarcón;28;Madrid;732;Helpdesk Analyst;1;9;9;9
4391;Pozuelo de Alarcón;28;Madrid;733;IT Helpdesk Analyst;1;1;1;1
4391;Pozuelo de Alarcón;28;Madrid;736;Chief Technology Officer (CTO);1;3;3;3
4391;Pozuelo de Alarcón;28;Madrid;741;Head of Information Technology;1;3;3;3
4391;Pozuelo de Alarcón;28;Madrid;763;Business Intelligence Analyst;1;8;8;8
4397;Rascafría;28;Madrid;552;Chambermaid;1;44;44;44
4400;Rivas-Vaciamadrid;28;Madrid;113;Travel Agent;1;49;49;49
4400;Rivas-Vaciamadrid;28;Madrid;114;Travel Coordinator;1;77;77;77
4391;Pozuelo de Alarcón;28;Madrid;519;Public Relations and Communication Director;1;40;40;40
4391;Pozuelo de Alarcón;28;Madrid;509;B2B Marketing Specialist;1;2;2;2
4391;Pozuelo de Alarcón;28;Madrid;512;Content Creator;1;17;17;17
4391;Pozuelo de Alarcón;28;Madrid;376;Hospitality Consultant;1;6;6;6
4391;Pozuelo de Alarcón;28;Madrid;206;Quality Specialist;1;31;31;31
4391;Pozuelo de Alarcón;28;Madrid;218;Chef;1;142;142;142
4400;Rivas-Vaciamadrid;28;Madrid;668;Waiter Assistant;1;37;37;37
4404;Rozas de Madrid, Las;28;Madrid;561;Housekeeping Staff;1;246;246;246
4404;Rozas de Madrid, Las;28;Madrid;580;Front Office Manager;1;75;75;75
4404;Rozas de Madrid, Las;28;Madrid;584;Hotel Receptionist;1;100;100;100
4404;Rozas de Madrid, Las;28;Madrid;591;Receptionist;1;60;60;60
4391;Pozuelo de Alarcón;28;Madrid;547;Vice President of Marketing;1;44;44;44
4407;San Fernando de Henares;28;Madrid;669;Waiter;1;134;134;134
4408;San Lorenzo de El Escorial;28;Madrid;142;Events Coordinator;1;0;0;0
4408;San Lorenzo de El Escorial;28;Madrid;552;Chambermaid;1;26;26;26
4411;San Sebastián de los Reyes;28;Madrid;113;Travel Agent;1;91;91;91
4411;San Sebastián de los Reyes;28;Madrid;119;Reservation Agent;1;121;121;121
4411;San Sebastián de los Reyes;28;Madrid;297;Sales Development Representatives (SDR);1;19;19;19
4411;San Sebastián de los Reyes;28;Madrid;376;Hospitality Consultant;1;12;12;12
4411;San Sebastián de los Reyes;28;Madrid;584;Hotel Receptionist;1;79;79;79
4476;Archidona;29;Málaga;243;Kitchen Assistant;1;41;41;41
4476;Archidona;29;Málaga;436;Groups & Events Coordinator;1;34;34;34
4476;Archidona;29;Málaga;570;Assistant Head of Reception;1;43;43;43
4476;Archidona;29;Málaga;577;Concierge;1;56;56;56
4476;Archidona;29;Málaga;587;Night Auditor;1;17;17;17
4466;Alhaurín de la Torre;29;Málaga;257;Chef de Partie;1;31;31;31
4466;Alhaurín de la Torre;29;Málaga;669;Waiter;1;74;74;74
4482;Benahavís;29;Málaga;210;Assistant Baker;1;20;20;20
4482;Benahavís;29;Málaga;221;Cook;1;40;40;40
4482;Benahavís;29;Málaga;415;Conference & Events Trainee;1;15;15;15
4482;Benahavís;29;Málaga;488;Gardening Assistant;1;28;28;28
4482;Benahavís;29;Málaga;533;Marketing Intern;1;17;17;17
4482;Benahavís;29;Málaga;539;Public Relations Intern;1;19;19;19
4482;Benahavís;29;Málaga;593;Human Resources Intern;1;15;15;15
4482;Benahavís;29;Málaga;647;Food and Beverage Assistant;1;35;35;35
4482;Benahavís;29;Málaga;714;Spa Receptionist;1;16;16;16
4484;Benalmádena;29;Málaga;1;Accountant;1;9;9;9
4484;Benalmádena;29;Málaga;80;Hotel Manager;1;107;107;107
4430;Tres Cantos;28;Madrid;6;Accounting Intern;1;6;6;6
4430;Tres Cantos;28;Madrid;26;Administrative Assistant;1;15;15;15
4430;Tres Cantos;28;Madrid;221;Cook;1;21;21;21
4430;Tres Cantos;28;Madrid;482;Electrical Maintenance Technician;1;11;11;11
4430;Tres Cantos;28;Madrid;483;Electrician;1;15;15;15
4430;Tres Cantos;28;Madrid;669;Waiter;1;19;19;19
4441;Valdilecha;28;Madrid;590;Reception Assistant;1;39;39;39
4452;Villanueva de la Cañada;28;Madrid;221;Cook;1;2;2;2
4452;Villanueva de la Cañada;28;Madrid;492;Maintenance Assistant;1;3;3;3
4457;Villaviciosa de Odón;28;Madrid;489;Maintenance Manager;1;16;16;16
4425;Torrejón de Velasco;28;Madrid;669;Waiter;1;1;1;1
4411;San Sebastián de los Reyes;28;Madrid;669;Waiter;1;11;11;11
4417;Sevilla la Nueva;28;Madrid;494;Maintenance Technician;1;13;13;13
4423;Torrejón de Ardoz;28;Madrid;47;Chief Operations Officer (COO);1;42;42;42
4423;Torrejón de Ardoz;28;Madrid;221;Cook;1;33;33;33
4359;Madrid;28;Madrid;198;Call Center Technician;1;16;16;16
4359;Madrid;28;Madrid;199;Customer Service Technician;1;2;2;2
4359;Madrid;28;Madrid;183;Service Specialist;1;136;136;136
4359;Madrid;28;Madrid;186;Customer Experience Manager;1;59;59;59
4359;Madrid;28;Madrid;189;Customer Success Director;1;2;2;2
4359;Madrid;28;Madrid;205;Quality Manager;1;128;128;128
4359;Madrid;28;Madrid;209;Baker Chef;1;31;31;31
4359;Madrid;28;Madrid;214;Catering Assistant;1;2;2;2
4359;Madrid;28;Madrid;255;Spanish Food Cook;1;41;41;41
4359;Madrid;28;Madrid;341;Stock Control Technician;1;122;122;122
4359;Madrid;28;Madrid;345;Supply Department Assistant;1;9;9;9
4359;Madrid;28;Madrid;350;Chef Consultant;1;25;25;25
4359;Madrid;28;Madrid;358;Food and Beverage Consultant;1;15;15;15
4359;Madrid;28;Madrid;378;Hotel Management Consultant;1;2;2;2
4359;Madrid;28;Madrid;381;Italian Teacher;1;8;8;8
4359;Madrid;28;Madrid;396;Sommelier Consultant;1;14;14;14
4359;Madrid;28;Madrid;401;Tourist Management Consultant;1;78;78;78
4359;Madrid;28;Madrid;413;Catering Manager;1;1;1;1
4359;Madrid;28;Madrid;432;Events Sales Executive;1;16;16;16
4359;Madrid;28;Madrid;437;Groups & Events Manager;1;64;64;64
4359;Madrid;28;Madrid;321;Travel Sales Manager;1;7;7;7
4359;Madrid;28;Madrid;291;Sales & MICE Assistant;1;69;69;69
4359;Madrid;28;Madrid;297;Sales Development Representatives (SDR);1;43;43;43
4359;Madrid;28;Madrid;274;Marketing and Sales Director;1;15;15;15
4359;Madrid;28;Madrid;278;National Sales Executive;1;143;143;143
4359;Madrid;28;Madrid;279;National Sales Manager;1;2;2;2
4359;Madrid;28;Madrid;282;Partners Specialist;1;18;18;18
4359;Madrid;28;Madrid;560;Cleaning Manager;1;45;45;45
4359;Madrid;28;Madrid;531;Marketing Consultant;1;38;38;38
4359;Madrid;28;Madrid;544;Social Media Manager;1;27;27;27
4359;Madrid;28;Madrid;538;Public Relations Assistant;1;2;2;2
4359;Madrid;28;Madrid;609;Human Resources Business Partner;1;28;28;28
4359;Madrid;28;Madrid;612;Human Resources Director;1;13;13;13
4359;Madrid;28;Madrid;613;Human Resources Manager;1;16;16;16
4359;Madrid;28;Madrid;606;Head of Human Resources;1;18;18;18
4359;Madrid;28;Madrid;594;Recruitment Director;1;59;59;59
4359;Madrid;28;Madrid;595;Recruitment Manager;1;10;10;10
4359;Madrid;28;Madrid;507;Advertising Manager;1;20;20;20
4359;Madrid;28;Madrid;502;Technical Services Specialist;1;7;7;7
4359;Madrid;28;Madrid;497;Building Repairer;1;19;19;19
4359;Madrid;28;Madrid;516;Digital Marketing Manager;1;39;39;39
4359;Madrid;28;Madrid;512;Content Creator;1;3;3;3
4359;Madrid;28;Madrid;513;Content Marketing Manager;1;49;49;49
4359;Madrid;28;Madrid;529;Graphic Designer Intern;1;12;12;12
4359;Madrid;28;Madrid;519;Public Relations and Communication Director;1;40;40;40
4359;Madrid;28;Madrid;452;Sport Center Manager;1;8;8;8
4359;Madrid;28;Madrid;474;Tourist Information Guide;1;61;61;61
4359;Madrid;28;Madrid;479;Window Cleaner;1;70;70;70
4359;Madrid;28;Madrid;481;Electrical Maintenance Crew Chief;1;5;5;5
4359;Madrid;28;Madrid;484;Facilities Manager;1;16;16;16
4359;Madrid;28;Madrid;487;Gardener;1;20;20;20
4359;Madrid;28;Madrid;96;Supply Chain Manager;1;16;16;16
4359;Madrid;28;Madrid;101;Business Intelligence Manager;1;9;9;9
4359;Madrid;28;Madrid;92;Recreation Manager;1;24;24;24
4359;Madrid;28;Madrid;88;Office Manager;1;0;0;0
4359;Madrid;28;Madrid;107;Luxury Travel Advisor;1;34;34;34
4359;Madrid;28;Madrid;112;Travel Agency Manager;1;15;15;15
4359;Madrid;28;Madrid;114;Travel Coordinator;1;117;117;117
4359;Madrid;28;Madrid;163;Fitness Animator;1;0;0;0
4359;Madrid;28;Madrid;141;Entertainment Manager;1;16;16;16
4359;Madrid;28;Madrid;122;Activities Assistant;1;61;61;61
4359;Madrid;28;Madrid;167;Customer Service Assistant;1;38;38;38
4359;Madrid;28;Madrid;168;Customer Service Coordinator;1;28;28;28
4359;Madrid;28;Madrid;169;Customer Service Director;1;22;22;22
4359;Madrid;28;Madrid;171;Customer Service Specialist;1;2;2;2
4359;Madrid;28;Madrid;172;Customer Support Assistant;1;109;109;109
4359;Madrid;28;Madrid;175;Customer Support Manager;1;33;33;33
4359;Madrid;28;Madrid;27;Administrative Director;1;168;168;168
4359;Madrid;28;Madrid;18;Accounts Receivable Executive;1;5;5;5
4359;Madrid;28;Madrid;20;Accounts Receivable Manager;1;30;30;30
4287;Alcorcón;28;Madrid;669;Waiter;1;48;48;48
4289;Algete;28;Madrid;617;Learning and Talent Development Specialist;1;10;10;10
4359;Madrid;28;Madrid;9;Accounts Director;1;21;21;21
4359;Madrid;28;Madrid;38;Budgeting Manager;1;8;8;8
4359;Madrid;28;Madrid;52;Cinema Staff;1;189;189;189
4359;Madrid;28;Madrid;54;Collector Specialist;1;5;5;5
4359;Madrid;28;Madrid;70;Franchise Director;1;12;12;12
4359;Madrid;28;Madrid;74;Head of Accounting;1;13;13;13
4359;Madrid;28;Madrid;57;Controller Assistant;1;16;16;16
4359;Madrid;28;Madrid;61;Finance Manager;1;0;0;0
4302;Boadilla del Monte;28;Madrid;113;Travel Agent;1;7;7;7
4302;Boadilla del Monte;28;Madrid;214;Catering Assistant;1;0;0;0
4302;Boadilla del Monte;28;Madrid;226;Dishwasher;1;0;0;0
4302;Boadilla del Monte;28;Madrid;652;Head Waiter;1;25;25;25
4303;Boalo, El;28;Madrid;221;Cook;1;1;1;1
4312;Camarma de Esteruelas;28;Madrid;122;Activities Assistant;1;0;0;0
4318;Cercedilla;28;Madrid;221;Cook;1;1;1;1
4321;Chinchón;28;Madrid;221;Cook;1;28;28;28
4325;Collado Villalba;28;Madrid;165;Customer Service Advisor;1;29;29;29
4325;Collado Villalba;28;Madrid;166;Customer Service Agent;1;0;0;0
4325;Collado Villalba;28;Madrid;221;Cook;1;0;0;0
4331;Coslada;28;Madrid;221;Cook;1;75;75;75
4338;Fuenlabrada;28;Madrid;243;Kitchen Assistant;1;0;0;0
4338;Fuenlabrada;28;Madrid;561;Housekeeping Staff;1;0;0;0
4338;Fuenlabrada;28;Madrid;669;Waiter;1;0;0;0
4345;Getafe;28;Madrid;119;Reservation Agent;1;14;14;14
4345;Getafe;28;Madrid;590;Reception Assistant;1;53;53;53
4345;Getafe;28;Madrid;668;Waiter Assistant;1;26;26;26
4345;Getafe;28;Madrid;725;Security Guard;1;2;2;2
4354;Leganés;28;Madrid;113;Travel Agent;1;48;48;48
4354;Leganés;28;Madrid;165;Customer Service Advisor;1;2;2;2
4354;Leganés;28;Madrid;293;Sales Agent;1;22;22;22
4285;Alcalá de Henares;28;Madrid;226;Dishwasher;1;0;0;0
4286;Alcobendas;28;Madrid;436;Groups & Events Coordinator;1;0;0;0
4286;Alcobendas;28;Madrid;580;Front Office Manager;1;89;89;89
4286;Alcobendas;28;Madrid;584;Hotel Receptionist;1;81;81;81
4287;Alcorcón;28;Madrid;653;Host/Hostess;1;13;13;13
4287;Alcorcón;28;Madrid;486;Facilities Technician;1;7;7;7
4287;Alcorcón;28;Madrid;489;Maintenance Manager;1;42;42;42
4286;Alcobendas;28;Madrid;669;Waiter;1;0;0;0
4286;Alcobendas;28;Madrid;732;Helpdesk Analyst;1;8;8;8
4286;Alcobendas;28;Madrid;733;IT Helpdesk Analyst;1;11;11;11
4287;Alcorcón;28;Madrid;114;Travel Coordinator;1;72;72;72
4287;Alcorcón;28;Madrid;210;Assistant Baker;1;129;129;129
4241;Lugo;27;Lugo;596;Recruitment Technician;1;4;4;4
4241;Lugo;27;Lugo;615;Human Resources Technician;1;2;2;2
4241;Lugo;27;Lugo;697;Masseur;1;0;0;0
4241;Lugo;27;Lugo;753;Head of Technical Services;1;8;8;8
4269;Sarria;27;Lugo;302;Sales Manager;1;9;9;9
4269;Sarria;27;Lugo;647;Food and Beverage Assistant;1;1;1;1
4285;Alcalá de Henares;28;Madrid;26;Administrative Assistant;1;66;66;66
4241;Lugo;27;Lugo;2;Accounting Assistant;1;3;3;3
4241;Lugo;27;Lugo;530;Marketing Assistant;1;32;32;32
4241;Lugo;27;Lugo;549;Web Designer;1;10;10;10
4241;Lugo;27;Lugo;332;Purchasing Agent;1;10;10;10
4241;Lugo;27;Lugo;338;Purchasing Manager;1;9;9;9
4241;Lugo;27;Lugo;461;City Tour Guide;1;11;11;11
4286;Alcobendas;28;Madrid;30;Administrative Technician;1;17;17;17
4286;Alcobendas;28;Madrid;49;Revenue Manager;1;16;16;16
4286;Alcobendas;28;Madrid;103;Data Analytics Manager;1;0;0;0
4286;Alcobendas;28;Madrid;105;Business Travel Agent;1;79;79;79
4286;Alcobendas;28;Madrid;166;Customer Service Agent;1;2;2;2
4286;Alcobendas;28;Madrid;272;Inside Sales Representative;1;50;50;50
4286;Alcobendas;28;Madrid;273;Key Account Manager;1;23;23;23
4285;Alcalá de Henares;28;Madrid;257;Chef de Partie;1;15;15;15
4285;Alcalá de Henares;28;Madrid;314;Salesperson Call Center;1;20;20;20
4285;Alcalá de Henares;28;Madrid;486;Facilities Technician;1;8;8;8
4285;Alcalá de Henares;28;Madrid;492;Maintenance Assistant;1;38;38;38
4285;Alcalá de Henares;28;Madrid;552;Chambermaid;1;134;134;134
4285;Alcalá de Henares;28;Madrid;589;Night Receptionist;1;0;0;0
4285;Alcalá de Henares;28;Madrid;590;Reception Assistant;1;58;58;58
4127;Logroño;26;La Rioja;7;Accounting Manager;1;0;0;0
4127;Logroño;26;La Rioja;10;Accounts Manager;1;0;0;0
4127;Logroño;26;La Rioja;218;Chef;1;0;0;0
4127;Logroño;26;La Rioja;221;Cook;1;24;24;24
4127;Logroño;26;La Rioja;243;Kitchen Assistant;1;3;3;3
4110;Haro;26;La Rioja;591;Receptionist;1;20;20;20
3940;Naut Aran;25;Lleida;243;Kitchen Assistant;1;49;49;49
3940;Naut Aran;25;Lleida;686;Esthetician;1;7;7;7
3940;Naut Aran;25;Lleida;697;Masseur;1;11;11;11
3963;Ponts;25;Lleida;221;Cook;1;6;6;6
3994;Solsona;25;Lleida;561;Housekeeping Staff;1;50;50;50
4002;Tàrrega;25;Lleida;79;Hotel Director;1;0;0;0
4019;Tremp;25;Lleida;218;Chef;1;14;14;14
4019;Tremp;25;Lleida;221;Cook;1;8;8;8
4020;Vall de Boí, La;25;Lleida;494;Maintenance Technician;1;20;20;20
4028;Vielha e Mijaran;25;Lleida;425;Event Promoter;1;0;0;0
4028;Vielha e Mijaran;25;Lleida;551;Assistant Executive Housekeeper;1;10;10;10
4050;Alfaro;26;La Rioja;591;Receptionist;1;19;19;19
4050;Alfaro;26;La Rioja;668;Waiter Assistant;1;5;5;5
4072;Briñas;26;La Rioja;591;Receptionist;1;26;26;26
4241;Lugo;27;Lugo;170;Customer Service Manager;1;0;0;0
4241;Lugo;27;Lugo;182;Service Manager;1;0;0;0
4241;Lugo;27;Lugo;192;Call Center Agent;1;18;18;18
4241;Lugo;27;Lugo;198;Call Center Technician;1;14;14;14
4241;Lugo;27;Lugo;30;Administrative Technician;1;0;0;0
4241;Lugo;27;Lugo;40;Budgeting Specialist;1;6;6;6
4241;Lugo;27;Lugo;54;Collector Specialist;1;3;3;3
4241;Lugo;27;Lugo;79;Hotel Director;1;0;0;0
4241;Lugo;27;Lugo;113;Travel Agent;1;1;1;1
4241;Lugo;27;Lugo;114;Travel Coordinator;1;13;13;13
4127;Logroño;26;La Rioja;560;Cleaning Manager;1;3;3;3
4127;Logroño;26;La Rioja;561;Housekeeping Staff;1;25;25;25
4127;Logroño;26;La Rioja;664;Restaurant Section Head;1;1;1;1
4141;Navarrete;26;La Rioja;813;Van Driver;1;19;19;19
4236;Guitiriz;27;Lugo;498;Swimming Pool Maintenance;1;2;2;2
3679;León;24;León;669;Waiter;1;72;72;72
3704;Ponferrada;24;León;170;Customer Service Manager;1;0;0;0
3704;Ponferrada;24;León;218;Chef;1;15;15;15
3704;Ponferrada;24;León;584;Hotel Receptionist;1;53;53;53
3704;Ponferrada;24;León;628;Assistant Bar Manager;1;3;3;3
3921;Lleida;25;Lleida;89;Valet Parking;1;87;87;87
3921;Lleida;25;Lleida;99;Theme Park Staff;1;19;19;19
3850;Bell-lloc d'Urgell;25;Lleida;503;Warehouse Stock Handler;1;32;32;32
3915;Les;25;Lleida;561;Housekeeping Staff;1;11;11;11
3921;Lleida;25;Lleida;218;Chef;1;11;11;11
3921;Lleida;25;Lleida;251;Pizzaiolo;1;0;0;0
3921;Lleida;25;Lleida;345;Supply Department Assistant;1;26;26;26
3921;Lleida;25;Lleida;503;Warehouse Stock Handler;1;74;74;74
3921;Lleida;25;Lleida;561;Housekeeping Staff;1;56;56;56
3921;Lleida;25;Lleida;572;Bellboy;1;123;123;123
3921;Lleida;25;Lleida;584;Hotel Receptionist;1;58;58;58
3940;Naut Aran;25;Lleida;668;Waiter Assistant;1;20;20;20
3921;Lleida;25;Lleida;640;Cashier;1;15;15;15
3921;Lleida;25;Lleida;661;Restaurant Manager;1;13;13;13
3921;Lleida;25;Lleida;696;Massage Therapist;1;28;28;28
3921;Lleida;25;Lleida;707;Sauna Assistant;1;8;8;8
3921;Lleida;25;Lleida;761;Technical Services Assistant;1;10;10;10
3390;Fraga;22;Huesca;113;Travel Agent;1;21;21;21
3390;Fraga;22;Huesca;243;Kitchen Assistant;1;0;0;0
3390;Fraga;22;Huesca;482;Electrical Maintenance Technician;1;10;10;10
3390;Fraga;22;Huesca;503;Warehouse Stock Handler;1;31;31;31
3390;Fraga;22;Huesca;584;Hotel Receptionist;1;0;0;0
3390;Fraga;22;Huesca;652;Head Waiter;1;0;0;0
3390;Fraga;22;Huesca;653;Host/Hostess;1;2;2;2
3345;Benasque;22;Huesca;23;Administrative;1;8;8;8
3345;Benasque;22;Huesca;46;Chief Financial Officer (CFO);1;17;17;17
3345;Benasque;22;Huesca;218;Chef;1;12;12;12
3345;Benasque;22;Huesca;221;Cook;1;7;7;7
3345;Benasque;22;Huesca;564;Laundry Attendant;1;5;5;5
3260;Huelva;21;Huelva;669;Waiter;1;83;83;83
3261;Isla Cristina;21;Huelva;218;Chef;1;37;37;37
3261;Isla Cristina;21;Huelva;221;Cook;1;18;18;18
3261;Isla Cristina;21;Huelva;551;Assistant Executive Housekeeper;1;12;12;12
3261;Isla Cristina;21;Huelva;560;Cleaning Manager;1;13;13;13
3261;Isla Cristina;21;Huelva;587;Night Auditor;1;25;25;25
3279;Punta Umbría;21;Huelva;221;Cook;1;20;20;20
3279;Punta Umbría;21;Huelva;591;Receptionist;1;18;18;18
3279;Punta Umbría;21;Huelva;637;Barista;1;66;66;66
3260;Huelva;21;Huelva;570;Assistant Head of Reception;1;35;35;35
3260;Huelva;21;Huelva;572;Bellboy;1;20;20;20
3260;Huelva;21;Huelva;580;Front Office Manager;1;43;43;43
3260;Huelva;21;Huelva;590;Reception Assistant;1;13;13;13
3260;Huelva;21;Huelva;631;Assistant Restaurant Manager;1;10;10;10
3260;Huelva;21;Huelva;647;Food and Beverage Assistant;1;125;125;125
3260;Huelva;21;Huelva;653;Host/Hostess;1;29;29;29
3260;Huelva;21;Huelva;661;Restaurant Manager;1;17;17;17
3260;Huelva;21;Huelva;664;Restaurant Section Head;1;10;10;10
3456;Sallent de Gállego;22;Huesca;778;Car Driver;1;22;22;22
3505;Andújar;23;Jaén;640;Cashier;1;1;1;1
3510;Baeza;23;Jaén;221;Cook;1;9;9;9
3511;Bailén;23;Jaén;669;Waiter;1;14;14;14
3524;Carolina, La;23;Jaén;218;Chef;1;11;11;11
3524;Carolina, La;23;Jaén;221;Cook;1;6;6;6
3524;Carolina, La;23;Jaén;226;Dishwasher;1;20;20;20
3524;Carolina, La;23;Jaén;254;Sous Chef;1;7;7;7
3524;Carolina, La;23;Jaén;630;Assistant Head Waiter;1;5;5;5
3524;Carolina, La;23;Jaén;652;Head Waiter;1;15;15;15
3400;Huesca;22;Huesca;580;Front Office Manager;1;14;14;14
3400;Huesca;22;Huesca;584;Hotel Receptionist;1;0;0;0
3400;Huesca;22;Huesca;589;Night Receptionist;1;13;13;13
3400;Huesca;22;Huesca;630;Assistant Head Waiter;1;7;7;7
3400;Huesca;22;Huesca;75;Head of Administration;1;1;1;1
3400;Huesca;22;Huesca;226;Dishwasher;1;62;62;62
3574;Santa Elena;23;Jaén;668;Waiter Assistant;1;19;19;19
3588;Úbeda;23;Jaén;669;Waiter;1;1;1;1
3617;Boñar;24;León;221;Cook;1;0;0;0
3626;Cacabelos;24;León;218;Chef;1;21;21;21
3679;León;24;León;6;Accounting Intern;1;0;0;0
3679;León;24;León;89;Valet Parking;1;11;11;11
3679;León;24;León;113;Travel Agent;1;28;28;28
3456;Sallent de Gállego;22;Huesca;221;Cook;1;29;29;29
3548;Jaén;23;Jaén;70;Franchise Director;1;4;4;4
3548;Jaén;23;Jaén;165;Customer Service Advisor;1;0;0;0
3679;León;24;León;221;Cook;1;21;21;21
3679;León;24;León;471;Tour Guide;1;15;15;15
5697;Adeje;38;Santa Cruz de Tenerife;753;Head of Technical Services;1;17;17;17
5702;Arona;38;Santa Cruz de Tenerife;1;Accountant;1;7;7;7
5702;Arona;38;Santa Cruz de Tenerife;2;Accounting Assistant;1;10;10;10
5702;Arona;38;Santa Cruz de Tenerife;23;Administrative;1;46;46;46
5702;Arona;38;Santa Cruz de Tenerife;48;Operations Manager;1;12;12;12
5702;Arona;38;Santa Cruz de Tenerife;89;Valet Parking;1;39;39;39
5702;Arona;38;Santa Cruz de Tenerife;117;Travel guide;1;29;29;29
5702;Arona;38;Santa Cruz de Tenerife;124;Actor;1;32;32;32
5702;Arona;38;Santa Cruz de Tenerife;125;Animation Assistant;1;48;48;48
5702;Arona;38;Santa Cruz de Tenerife;130;Children's Animator;1;29;29;29
5702;Arona;38;Santa Cruz de Tenerife;141;Entertainment Manager;1;19;19;19
5702;Arona;38;Santa Cruz de Tenerife;159;Tourist Animator;1;36;36;36
5702;Arona;38;Santa Cruz de Tenerife;165;Customer Service Advisor;1;48;48;48
5702;Arona;38;Santa Cruz de Tenerife;167;Customer Service Assistant;1;73;73;73
5702;Arona;38;Santa Cruz de Tenerife;221;Cook;1;2;2;2
5702;Arona;38;Santa Cruz de Tenerife;224;Dietary Chef;1;3;3;3
5702;Arona;38;Santa Cruz de Tenerife;181;GEX - Guest Experience Coordinator;1;29;29;29
5702;Arona;38;Santa Cruz de Tenerife;324;Food Cost Analyst;1;11;11;11
5702;Arona;38;Santa Cruz de Tenerife;482;Electrical Maintenance Technician;1;25;25;25
5702;Arona;38;Santa Cruz de Tenerife;516;Digital Marketing Manager;1;20;20;20
5702;Arona;38;Santa Cruz de Tenerife;530;Marketing Assistant;1;16;16;16
5702;Arona;38;Santa Cruz de Tenerife;545;Social Media Specialist;1;20;20;20
5702;Arona;38;Santa Cruz de Tenerife;590;Reception Assistant;1;24;24;24
5702;Arona;38;Santa Cruz de Tenerife;580;Front Office Manager;1;28;28;28
5702;Arona;38;Santa Cruz de Tenerife;593;Human Resources Intern;1;2;2;2
5702;Arona;38;Santa Cruz de Tenerife;610;Human Resources Consultant;1;2;2;2
5702;Arona;38;Santa Cruz de Tenerife;611;Human Resources Coordinator;1;19;19;19
5702;Arona;38;Santa Cruz de Tenerife;615;Human Resources Technician;1;5;5;5
5702;Arona;38;Santa Cruz de Tenerife;650;Food and Beverage Manager;1;31;31;31
5702;Arona;38;Santa Cruz de Tenerife;664;Restaurant Section Head;1;15;15;15
5702;Arona;38;Santa Cruz de Tenerife;620;Personnel Recruitment Technician;1;3;3;3
5705;Breña Baja;38;Santa Cruz de Tenerife;631;Assistant Restaurant Manager;1;0;0;0
5707;Candelaria;38;Santa Cruz de Tenerife;221;Cook;1;27;27;27
5702;Arona;38;Santa Cruz de Tenerife;687;First aid attendant;1;16;16;16
5715;Guía de Isora;38;Santa Cruz de Tenerife;486;Facilities Technician;1;11;11;11
5715;Guía de Isora;38;Santa Cruz de Tenerife;488;Gardening Assistant;1;24;24;24
5715;Guía de Isora;38;Santa Cruz de Tenerife;494;Maintenance Technician;1;13;13;13
5715;Guía de Isora;38;Santa Cruz de Tenerife;505;Car Washer;1;1;1;1
5707;Candelaria;38;Santa Cruz de Tenerife;636;Barback;1;24;24;24
5710;Fuencaliente de la Palma;38;Santa Cruz de Tenerife;653;Host/Hostess;1;35;35;35
5711;Garachico;38;Santa Cruz de Tenerife;589;Night Receptionist;1;49;49;49
5715;Guía de Isora;38;Santa Cruz de Tenerife;30;Administrative Technician;1;10;10;10
5715;Guía de Isora;38;Santa Cruz de Tenerife;166;Customer Service Agent;1;4;4;4
5720;Matanza de Acentejo, La;38;Santa Cruz de Tenerife;669;Waiter;1;43;43;43
5721;Orotava, La;38;Santa Cruz de Tenerife;615;Human Resources Technician;1;15;15;15
5722;Paso, El;38;Santa Cruz de Tenerife;141;Entertainment Manager;1;48;48;48
5722;Paso, El;38;Santa Cruz de Tenerife;181;GEX - Guest Experience Coordinator;1;49;49;49
5715;Guía de Isora;38;Santa Cruz de Tenerife;552;Chambermaid;1;19;19;19
5715;Guía de Isora;38;Santa Cruz de Tenerife;557;Executive Housekeeper;1;36;36;36
5715;Guía de Isora;38;Santa Cruz de Tenerife;591;Receptionist;1;30;30;30
5715;Guía de Isora;38;Santa Cruz de Tenerife;615;Human Resources Technician;1;21;21;21
5697;Adeje;38;Santa Cruz de Tenerife;314;Salesperson Call Center;1;22;22;22
5697;Adeje;38;Santa Cruz de Tenerife;315;Store Manager;1;13;13;13
5697;Adeje;38;Santa Cruz de Tenerife;316;Store Sales Assistant;1;8;8;8
5697;Adeje;38;Santa Cruz de Tenerife;335;Purchasing Coordinator;1;9;9;9
5697;Adeje;38;Santa Cruz de Tenerife;346;Supply Department Manager;1;1;1;1
5697;Adeje;38;Santa Cruz de Tenerife;377;Hospitality Trainer;1;8;8;8
5697;Adeje;38;Santa Cruz de Tenerife;380;Sports Instructor;1;35;35;35
5697;Adeje;38;Santa Cruz de Tenerife;390;Revenue Management Consultant;1;12;12;12
5697;Adeje;38;Santa Cruz de Tenerife;481;Electrical Maintenance Crew Chief;1;16;16;16
5697;Adeje;38;Santa Cruz de Tenerife;482;Electrical Maintenance Technician;1;5;5;5
5697;Adeje;38;Santa Cruz de Tenerife;528;Graphic Designer;1;28;28;28
5697;Adeje;38;Santa Cruz de Tenerife;534;Marketing Manager;1;30;30;30
5697;Adeje;38;Santa Cruz de Tenerife;538;Public Relations Assistant;1;0;0;0
5697;Adeje;38;Santa Cruz de Tenerife;493;Maintenance Officer;1;15;15;15
5697;Adeje;38;Santa Cruz de Tenerife;487;Gardener;1;25;25;25
5697;Adeje;38;Santa Cruz de Tenerife;250;Pastry Shop Manager;1;15;15;15
5697;Adeje;38;Santa Cruz de Tenerife;267;Commercial Manager;1;15;15;15
5697;Adeje;38;Santa Cruz de Tenerife;283;Regional Sales Executive;1;9;9;9
5697;Adeje;38;Santa Cruz de Tenerife;286;Rental Sales Consultant;1;13;13;13
5697;Adeje;38;Santa Cruz de Tenerife;293;Sales Agent;1;10;10;10
5697;Adeje;38;Santa Cruz de Tenerife;183;Service Specialist;1;16;16;16
5697;Adeje;38;Santa Cruz de Tenerife;228;Executive Chef;1;57;57;57
5697;Adeje;38;Santa Cruz de Tenerife;198;Call Center Technician;1;12;12;12
5697;Adeje;38;Santa Cruz de Tenerife;213;Event Chef;1;35;35;35
5697;Adeje;38;Santa Cruz de Tenerife;218;Chef;1;57;57;57
5697;Adeje;38;Santa Cruz de Tenerife;593;Human Resources Intern;1;13;13;13
5697;Adeje;38;Santa Cruz de Tenerife;600;Revenue Agent;1;38;38;38
5697;Adeje;38;Santa Cruz de Tenerife;615;Human Resources Technician;1;26;26;26
5697;Adeje;38;Santa Cruz de Tenerife;551;Assistant Executive Housekeeper;1;20;20;20
5697;Adeje;38;Santa Cruz de Tenerife;502;Technical Services Specialist;1;6;6;6
5697;Adeje;38;Santa Cruz de Tenerife;557;Executive Housekeeper;1;33;33;33
5697;Adeje;38;Santa Cruz de Tenerife;632;Bakery Attendant;1;17;17;17
5697;Adeje;38;Santa Cruz de Tenerife;636;Barback;1;19;19;19
5697;Adeje;38;Santa Cruz de Tenerife;650;Food and Beverage Manager;1;14;14;14
5697;Adeje;38;Santa Cruz de Tenerife;661;Restaurant Manager;1;7;7;7
5697;Adeje;38;Santa Cruz de Tenerife;676;Baby sitter;1;21;21;21
5697;Adeje;38;Santa Cruz de Tenerife;711;Spa Assistant;1;21;21;21
5697;Adeje;38;Santa Cruz de Tenerife;713;Spa Manager;1;15;15;15
5697;Adeje;38;Santa Cruz de Tenerife;732;Helpdesk Analyst;1;12;12;12
5735;Santa Cruz de Tenerife;38;Santa Cruz de Tenerife;92;Recreation Manager;1;0;0;0
5735;Santa Cruz de Tenerife;38;Santa Cruz de Tenerife;119;Reservation Agent;1;0;0;0
5735;Santa Cruz de Tenerife;38;Santa Cruz de Tenerife;180;GEX - Guest Experience Manager;1;22;22;22
5735;Santa Cruz de Tenerife;38;Santa Cruz de Tenerife;139;DJ;1;5;5;5
5735;Santa Cruz de Tenerife;38;Santa Cruz de Tenerife;163;Fitness Animator;1;60;60;60
5735;Santa Cruz de Tenerife;38;Santa Cruz de Tenerife;88;Office Manager;1;0;0;0
5735;Santa Cruz de Tenerife;38;Santa Cruz de Tenerife;23;Administrative;1;12;12;12
5735;Santa Cruz de Tenerife;38;Santa Cruz de Tenerife;26;Administrative Assistant;1;58;58;58
5735;Santa Cruz de Tenerife;38;Santa Cruz de Tenerife;32;Amusement Park Staff;1;3;3;3
5735;Santa Cruz de Tenerife;38;Santa Cruz de Tenerife;45;Chief Executive Officer (CEO);1;21;21;21
5735;Santa Cruz de Tenerife;38;Santa Cruz de Tenerife;55;Controller;1;45;45;45
5735;Santa Cruz de Tenerife;38;Santa Cruz de Tenerife;70;Franchise Director;1;36;36;36
5735;Santa Cruz de Tenerife;38;Santa Cruz de Tenerife;248;Pastry Chef;1;0;0;0
5735;Santa Cruz de Tenerife;38;Santa Cruz de Tenerife;270;Group Sales Manager;1;12;12;12
5735;Santa Cruz de Tenerife;38;Santa Cruz de Tenerife;274;Marketing and Sales Director;1;26;26;26
5735;Santa Cruz de Tenerife;38;Santa Cruz de Tenerife;275;Marketing and Sales Manager;1;32;32;32
5735;Santa Cruz de Tenerife;38;Santa Cruz de Tenerife;282;Partners Specialist;1;17;17;17
5735;Santa Cruz de Tenerife;38;Santa Cruz de Tenerife;192;Call Center Agent;1;29;29;29
5735;Santa Cruz de Tenerife;38;Santa Cruz de Tenerife;210;Assistant Baker;1;22;22;22
5735;Santa Cruz de Tenerife;38;Santa Cruz de Tenerife;228;Executive Chef;1;67;67;67
5735;Santa Cruz de Tenerife;38;Santa Cruz de Tenerife;224;Dietary Chef;1;149;149;149
5724;Puerto de la Cruz;38;Santa Cruz de Tenerife;552;Chambermaid;1;44;44;44
5724;Puerto de la Cruz;38;Santa Cruz de Tenerife;590;Reception Assistant;1;39;39;39
5724;Puerto de la Cruz;38;Santa Cruz de Tenerife;228;Executive Chef;1;25;25;25
5724;Puerto de la Cruz;38;Santa Cruz de Tenerife;218;Chef;1;35;35;35
5724;Puerto de la Cruz;38;Santa Cruz de Tenerife;221;Cook;1;19;19;19
5722;Paso, El;38;Santa Cruz de Tenerife;275;Marketing and Sales Manager;1;18;18;18
5722;Paso, El;38;Santa Cruz de Tenerife;552;Chambermaid;1;42;42;42
5722;Paso, El;38;Santa Cruz de Tenerife;561;Housekeeping Staff;1;23;23;23
5722;Paso, El;38;Santa Cruz de Tenerife;584;Hotel Receptionist;1;28;28;28
5722;Paso, El;38;Santa Cruz de Tenerife;630;Assistant Head Waiter;1;18;18;18
5722;Paso, El;38;Santa Cruz de Tenerife;661;Restaurant Manager;1;12;12;12
5722;Paso, El;38;Santa Cruz de Tenerife;669;Waiter;1;48;48;48
5724;Puerto de la Cruz;38;Santa Cruz de Tenerife;1;Accountant;1;19;19;19
5724;Puerto de la Cruz;38;Santa Cruz de Tenerife;79;Hotel Director;1;2;2;2
5732;San Miguel de Abona;38;Santa Cruz de Tenerife;243;Kitchen Assistant;1;32;32;32
5732;San Miguel de Abona;38;Santa Cruz de Tenerife;257;Chef de Partie;1;16;16;16
5732;San Miguel de Abona;38;Santa Cruz de Tenerife;591;Receptionist;1;53;53;53
5733;San Sebastián de la Gomera;38;Santa Cruz de Tenerife;159;Tourist Animator;1;83;83;83
5733;San Sebastián de la Gomera;38;Santa Cruz de Tenerife;257;Chef de Partie;1;9;9;9
5733;San Sebastián de la Gomera;38;Santa Cruz de Tenerife;494;Maintenance Technician;1;51;51;51
5733;San Sebastián de la Gomera;38;Santa Cruz de Tenerife;664;Restaurant Section Head;1;21;21;21
5724;Puerto de la Cruz;38;Santa Cruz de Tenerife;293;Sales Agent;1;35;35;35
5730;San Cristóbal de La Laguna;38;Santa Cruz de Tenerife;495;Mason;1;3;3;3
5730;San Cristóbal de La Laguna;38;Santa Cruz de Tenerife;1;Accountant;1;13;13;13
5730;San Cristóbal de La Laguna;38;Santa Cruz de Tenerife;26;Administrative Assistant;1;64;64;64
5730;San Cristóbal de La Laguna;38;Santa Cruz de Tenerife;75;Head of Administration;1;21;21;21
5730;San Cristóbal de La Laguna;38;Santa Cruz de Tenerife;120;Reservations Manager;1;35;35;35
5730;San Cristóbal de La Laguna;38;Santa Cruz de Tenerife;167;Customer Service Assistant;1;41;41;41
5826;Santander;39;Cantabria;76;Head of Finance;1;0;0;0
5826;Santander;39;Cantabria;88;Office Manager;1;0;0;0
5826;Santander;39;Cantabria;94;Regional Manager;1;12;12;12
5826;Santander;39;Cantabria;142;Events Coordinator;1;22;22;22
5802;Piélagos;39;Cantabria;552;Chambermaid;1;10;10;10
5802;Piélagos;39;Cantabria;668;Waiter Assistant;1;11;11;11
5826;Santander;39;Cantabria;6;Accounting Intern;1;0;0;0
5826;Santander;39;Cantabria;584;Hotel Receptionist;1;58;58;58
5826;Santander;39;Cantabria;589;Night Receptionist;1;43;43;43
5826;Santander;39;Cantabria;591;Receptionist;1;75;75;75
5835;Suances;39;Cantabria;669;Waiter;1;7;7;7
5837;Torrelavega;39;Cantabria;113;Travel Agent;1;0;0;0
5971;Mozoncillo;40;Segovia;316;Store Sales Assistant;1;4;4;4
5992;Pedraza;40;Segovia;669;Waiter;1;12;12;12
5735;Santa Cruz de Tenerife;38;Santa Cruz de Tenerife;715;Spa Therapist;1;47;47;47
5735;Santa Cruz de Tenerife;38;Santa Cruz de Tenerife;718;Wellness Advisor;1;19;19;19
5737;Santiago del Teide;38;Santa Cruz de Tenerife;159;Tourist Animator;1;0;0;0
5737;Santiago del Teide;38;Santa Cruz de Tenerife;630;Assistant Head Waiter;1;20;20;20
5745;Valle Gran Rey;38;Santa Cruz de Tenerife;221;Cook;1;6;6;6
5745;Valle Gran Rey;38;Santa Cruz de Tenerife;254;Sous Chef;1;11;11;11
5756;Arnuero;39;Cantabria;221;Cook;1;16;16;16
5758;Astillero, El;39;Cantabria;483;Electrician;1;3;3;3
5775;Comillas;39;Cantabria;552;Chambermaid;1;10;10;10
5775;Comillas;39;Cantabria;560;Cleaning Manager;1;14;14;14
5735;Santa Cruz de Tenerife;38;Santa Cruz de Tenerife;707;Sauna Assistant;1;0;0;0
5735;Santa Cruz de Tenerife;38;Santa Cruz de Tenerife;711;Spa Assistant;1;14;14;14
5735;Santa Cruz de Tenerife;38;Santa Cruz de Tenerife;712;Spa Coordinator;1;0;0;0
5735;Santa Cruz de Tenerife;38;Santa Cruz de Tenerife;713;Spa Manager;1;34;34;34
5735;Santa Cruz de Tenerife;38;Santa Cruz de Tenerife;675;Make-up Artist;1;55;55;55
5735;Santa Cruz de Tenerife;38;Santa Cruz de Tenerife;679;Beauty Consultant;1;6;6;6
5735;Santa Cruz de Tenerife;38;Santa Cruz de Tenerife;690;Holistic Therapist;1;23;23;23
5735;Santa Cruz de Tenerife;38;Santa Cruz de Tenerife;692;Lifesaver;1;28;28;28
5735;Santa Cruz de Tenerife;38;Santa Cruz de Tenerife;696;Massage Therapist;1;53;53;53
5735;Santa Cruz de Tenerife;38;Santa Cruz de Tenerife;580;Front Office Manager;1;69;69;69
5735;Santa Cruz de Tenerife;38;Santa Cruz de Tenerife;490;Air Conditioning Maintenance Technician;1;17;17;17
5735;Santa Cruz de Tenerife;38;Santa Cruz de Tenerife;497;Building Repairer;1;11;11;11
5735;Santa Cruz de Tenerife;38;Santa Cruz de Tenerife;503;Warehouse Stock Handler;1;29;29;29
5735;Santa Cruz de Tenerife;38;Santa Cruz de Tenerife;505;Car Washer;1;24;24;24
5735;Santa Cruz de Tenerife;38;Santa Cruz de Tenerife;337;Purchasing Intern;1;16;16;16
5735;Santa Cruz de Tenerife;38;Santa Cruz de Tenerife;347;Warehouse Management Technician;1;28;28;28
5735;Santa Cruz de Tenerife;38;Santa Cruz de Tenerife;390;Revenue Management Consultant;1;0;0;0
5735;Santa Cruz de Tenerife;38;Santa Cruz de Tenerife;438;Groups & Events Sales Manager;1;30;30;30
5735;Santa Cruz de Tenerife;38;Santa Cruz de Tenerife;484;Facilities Manager;1;12;12;12
5258;San Bartolomé de Tirajana;35;Las Palmas;630;Assistant Head Waiter;1;15;15;15
5258;San Bartolomé de Tirajana;35;Las Palmas;653;Host/Hostess;1;18;18;18
5258;San Bartolomé de Tirajana;35;Las Palmas;572;Bellboy;1;16;16;16
5259;Santa Brígida;35;Las Palmas;557;Executive Housekeeper;1;32;32;32
5260;Santa Lucía de Tirajana;35;Las Palmas;610;Human Resources Consultant;1;6;6;6
5262;Teguise;35;Las Palmas;127;Animation Manager;1;37;37;37
5262;Teguise;35;Las Palmas;141;Entertainment Manager;1;50;50;50
5262;Teguise;35;Las Palmas;150;Multifunctional Animator;1;80;80;80
5262;Teguise;35;Las Palmas;165;Customer Service Advisor;1;35;35;35
5262;Teguise;35;Las Palmas;177;GEX - Guest Experience Assistant;1;21;21;21
5262;Teguise;35;Las Palmas;180;GEX - Guest Experience Manager;1;40;40;40
5262;Teguise;35;Las Palmas;218;Chef;1;44;44;44
5262;Teguise;35;Las Palmas;221;Cook;1;29;29;29
5262;Teguise;35;Las Palmas;254;Sous Chef;1;14;14;14
5262;Teguise;35;Las Palmas;257;Chef de Partie;1;64;64;64
5262;Teguise;35;Las Palmas;483;Electrician;1;21;21;21
5266;Tías;35;Las Palmas;67;Financial Assistant;1;7;7;7
5266;Tías;35;Las Palmas;79;Hotel Director;1;23;23;23
5262;Teguise;35;Las Palmas;570;Assistant Head of Reception;1;27;27;27
5262;Teguise;35;Las Palmas;572;Bellboy;1;0;0;0
5262;Teguise;35;Las Palmas;584;Hotel Receptionist;1;14;14;14
5262;Teguise;35;Las Palmas;591;Receptionist;1;63;63;63
5262;Teguise;35;Las Palmas;628;Assistant Bar Manager;1;10;10;10
5262;Teguise;35;Las Palmas;664;Restaurant Section Head;1;15;15;15
5266;Tías;35;Las Palmas;180;GEX - Guest Experience Manager;1;5;5;5
5266;Tías;35;Las Palmas;199;Customer Service Technician;1;2;2;2
5266;Tías;35;Las Palmas;213;Event Chef;1;23;23;23
5266;Tías;35;Las Palmas;135;Dance Animator;1;49;49;49
5266;Tías;35;Las Palmas;148;MiniClub Animator;1;34;34;34
5266;Tías;35;Las Palmas;164;Fitness Supervisor;1;5;5;5
5256;Puerto del Rosario;35;Las Palmas;117;Travel guide;1;16;16;16
5256;Puerto del Rosario;35;Las Palmas;123;Activities Supervisor;1;40;40;40
5258;San Bartolomé de Tirajana;35;Las Palmas;45;Chief Executive Officer (CEO);1;86;86;86
5258;San Bartolomé de Tirajana;35;Las Palmas;98;Theme Park Manager;1;25;25;25
5258;San Bartolomé de Tirajana;35;Las Palmas;119;Reservation Agent;1;53;53;53
5258;San Bartolomé de Tirajana;35;Las Palmas;166;Customer Service Agent;1;59;59;59
5258;San Bartolomé de Tirajana;35;Las Palmas;498;Swimming Pool Maintenance;1;16;16;16
5258;San Bartolomé de Tirajana;35;Las Palmas;538;Public Relations Assistant;1;29;29;29
5258;San Bartolomé de Tirajana;35;Las Palmas;257;Chef de Partie;1;18;18;18
5258;San Bartolomé de Tirajana;35;Las Palmas;487;Gardener;1;8;8;8
5258;San Bartolomé de Tirajana;35;Las Palmas;247;Pastry Assistant;1;38;38;38
5254;Pájara;35;Las Palmas;350;Chef Consultant;1;14;14;14
5254;Pájara;35;Las Palmas;254;Sous Chef;1;21;21;21
5254;Pájara;35;Las Palmas;501;Technical Services Officer;1;19;19;19
5254;Pájara;35;Las Palmas;575;Camping Staff;1;0;0;0
5254;Pájara;35;Las Palmas;580;Front Office Manager;1;47;47;47
5254;Pájara;35;Las Palmas;584;Hotel Receptionist;1;48;48;48
5254;Pájara;35;Las Palmas;652;Head Waiter;1;1;1;1
5266;Tías;35;Las Palmas;504;Painter;1;35;35;35
5266;Tías;35;Las Palmas;505;Car Washer;1;16;16;16
5266;Tías;35;Las Palmas;570;Assistant Head of Reception;1;44;44;44
5266;Tías;35;Las Palmas;493;Maintenance Officer;1;11;11;11
5266;Tías;35;Las Palmas;494;Maintenance Technician;1;31;31;31
5262;Teguise;35;Las Palmas;494;Maintenance Technician;1;30;30;30
5262;Teguise;35;Las Palmas;551;Assistant Executive Housekeeper;1;16;16;16
5266;Tías;35;Las Palmas;242;Sushiman;1;10;10;10
5266;Tías;35;Las Palmas;650;Food and Beverage Manager;1;1;1;1
5266;Tías;35;Las Palmas;652;Head Waiter;1;17;17;17
5266;Tías;35;Las Palmas;655;Ice Cream Shop Manager;1;1;1;1
5266;Tías;35;Las Palmas;657;Bartender;1;14;14;14
5266;Tías;35;Las Palmas;715;Spa Therapist;1;19;19;19
5266;Tías;35;Las Palmas;721;Art Gallery Guard;1;5;5;5
5266;Tías;35;Las Palmas;631;Assistant Restaurant Manager;1;16;16;16
5266;Tías;35;Las Palmas;632;Bakery Attendant;1;16;16;16
5272;Yaiza;35;Las Palmas;59;Business Development Director;1;27;27;27
5272;Yaiza;35;Las Palmas;108;Luxury Travel Manager;1;52;52;52
5272;Yaiza;35;Las Palmas;113;Travel Agent;1;57;57;57
5272;Yaiza;35;Las Palmas;119;Reservation Agent;1;17;17;17
5267;Tinajo;35;Las Palmas;221;Cook;1;16;16;16
5266;Tías;35;Las Palmas;692;Lifesaver;1;10;10;10
5272;Yaiza;35;Las Palmas;165;Customer Service Advisor;1;22;22;22
5272;Yaiza;35;Las Palmas;184;Customer Experience Assistant;1;18;18;18
5272;Yaiza;35;Las Palmas;187;Customer Experience Specialist;1;6;6;6
5272;Yaiza;35;Las Palmas;204;Quality Director;1;5;5;5
5272;Yaiza;35;Las Palmas;206;Quality Specialist;1;9;9;9
5272;Yaiza;35;Las Palmas;201;Head of Quality;1;5;5;5
5272;Yaiza;35;Las Palmas;217;Charcuterie Chef;1;7;7;7
5272;Yaiza;35;Las Palmas;218;Chef;1;21;21;21
5272;Yaiza;35;Las Palmas;266;Commercial and Marketing Manager;1;9;9;9
5272;Yaiza;35;Las Palmas;330;Logistics and Distribution Coordinator;1;2;2;2
5272;Yaiza;35;Las Palmas;361;Food Production Consultant;1;0;0;0
5272;Yaiza;35;Las Palmas;390;Revenue Management Consultant;1;28;28;28
5272;Yaiza;35;Las Palmas;411;Assistant Events Coordinator;1;34;34;34
5272;Yaiza;35;Las Palmas;476;Wine Tourism Guide;1;21;21;21
5272;Yaiza;35;Las Palmas;484;Facilities Manager;1;19;19;19
5272;Yaiza;35;Las Palmas;485;Facilities Assistant;1;14;14;14
5272;Yaiza;35;Las Palmas;253;Sommelier Chef;1;8;8;8
5272;Yaiza;35;Las Palmas;495;Mason;1;5;5;5
5272;Yaiza;35;Las Palmas;501;Technical Services Officer;1;19;19;19
5272;Yaiza;35;Las Palmas;505;Car Washer;1;16;16;16
5272;Yaiza;35;Las Palmas;589;Night Receptionist;1;24;24;24
5272;Yaiza;35;Las Palmas;634;Bar Manager;1;9;9;9
5272;Yaiza;35;Las Palmas;642;Cocktail Bar Manager;1;4;4;4
5272;Yaiza;35;Las Palmas;665;Sommelier;1;8;8;8
5272;Yaiza;35;Las Palmas;544;Social Media Manager;1;20;20;20
5272;Yaiza;35;Las Palmas;692;Lifesaver;1;21;21;21
5315;Pontevedra;36;Pontevedra;345;Supply Department Assistant;1;10;10;10
5315;Pontevedra;36;Pontevedra;267;Commercial Manager;1;1;1;1
5272;Yaiza;35;Las Palmas;796;Rider;1;7;7;7
5275;Baiona;36;Pontevedra;226;Dishwasher;1;0;0;0
5275;Baiona;36;Pontevedra;669;Waiter;1;0;0;0
5286;Covelo;36;Pontevedra;552;Chambermaid;1;18;18;18
5315;Pontevedra;36;Pontevedra;10;Accounts Manager;1;2;2;2
5315;Pontevedra;36;Pontevedra;50;Operations Specialist;1;10;10;10
5315;Pontevedra;36;Pontevedra;59;Business Development Director;1;0;0;0
5315;Pontevedra;36;Pontevedra;112;Travel Agency Manager;1;3;3;3
5315;Pontevedra;36;Pontevedra;113;Travel Agent;1;20;20;20
5315;Pontevedra;36;Pontevedra;166;Customer Service Agent;1;0;0;0
5315;Pontevedra;36;Pontevedra;420;Events and Banquets Director;1;13;13;13
5315;Pontevedra;36;Pontevedra;482;Electrical Maintenance Technician;1;7;7;7
5315;Pontevedra;36;Pontevedra;489;Maintenance Manager;1;12;12;12
5315;Pontevedra;36;Pontevedra;492;Maintenance Assistant;1;18;18;18
5315;Pontevedra;36;Pontevedra;545;Social Media Specialist;1;8;8;8
5315;Pontevedra;36;Pontevedra;591;Receptionist;1;63;63;63
5330;Vigo;36;Pontevedra;6;Accounting Intern;1;0;0;0
5330;Vigo;36;Pontevedra;10;Accounts Manager;1;0;0;0
5330;Vigo;36;Pontevedra;43;Casino Staff;1;25;25;25
5330;Vigo;36;Pontevedra;45;Chief Executive Officer (CEO);1;79;79;79
5330;Vigo;36;Pontevedra;165;Customer Service Advisor;1;0;0;0
5330;Vigo;36;Pontevedra;170;Customer Service Manager;1;0;0;0
5697;Adeje;38;Santa Cruz de Tenerife;45;Chief Executive Officer (CEO);1;26;26;26
5697;Adeje;38;Santa Cruz de Tenerife;59;Business Development Director;1;16;16;16
5697;Adeje;38;Santa Cruz de Tenerife;163;Fitness Animator;1;0;0;0
5697;Adeje;38;Santa Cruz de Tenerife;170;Customer Service Manager;1;30;30;30
5697;Adeje;38;Santa Cruz de Tenerife;171;Customer Service Specialist;1;16;16;16
5697;Adeje;38;Santa Cruz de Tenerife;179;GEX - Guest Experience Director;1;51;51;51
5697;Adeje;38;Santa Cruz de Tenerife;80;Hotel Manager;1;27;27;27
5697;Adeje;38;Santa Cruz de Tenerife;101;Business Intelligence Manager;1;12;12;12
5697;Adeje;38;Santa Cruz de Tenerife;104;Data Analytics Specialist;1;16;16;16
5697;Adeje;38;Santa Cruz de Tenerife;112;Travel Agency Manager;1;19;19;19
5697;Adeje;38;Santa Cruz de Tenerife;113;Travel Agent;1;0;0;0
5697;Adeje;38;Santa Cruz de Tenerife;119;Reservation Agent;1;47;47;47
5697;Adeje;38;Santa Cruz de Tenerife;124;Actor;1;55;55;55
5697;Adeje;38;Santa Cruz de Tenerife;125;Animation Assistant;1;0;0;0
5697;Adeje;38;Santa Cruz de Tenerife;18;Accounts Receivable Executive;1;11;11;11
5591;Salamanca;37;Salamanca;502;Technical Services Specialist;1;7;7;7
5591;Salamanca;37;Salamanca;550;Assistant Hotel Manager;1;12;12;12
5598;San Martín del Castañar;37;Salamanca;552;Chambermaid;1;17;17;17
5638;Topas;37;Salamanca;669;Waiter;1;0;0;0
5689;Vilvestre;37;Salamanca;243;Kitchen Assistant;1;5;5;5
5697;Adeje;38;Santa Cruz de Tenerife;1;Accountant;1;11;11;11
5315;Pontevedra;36;Pontevedra;669;Waiter;1;0;0;0
5315;Pontevedra;36;Pontevedra;712;Spa Coordinator;1;16;16;16
5316;Porriño, O;36;Pontevedra;113;Travel Agent;1;25;25;25
5330;Vigo;36;Pontevedra;494;Maintenance Technician;1;11;11;11
5330;Vigo;36;Pontevedra;550;Assistant Hotel Manager;1;59;59;59
5332;Vilaboa;36;Pontevedra;669;Waiter;1;17;17;17
5334;Vilanova de Arousa;36;Pontevedra;221;Cook;1;0;0;0
5410;Carbajosa de la Sagrada;37;Salamanca;192;Call Center Agent;1;15;15;15
5591;Salamanca;37;Salamanca;6;Accounting Intern;1;0;0;0
5591;Salamanca;37;Salamanca;29;Administrative Manager;1;23;23;23
5591;Salamanca;37;Salamanca;61;Finance Manager;1;0;0;0
5591;Salamanca;37;Salamanca;79;Hotel Director;1;107;107;107
5591;Salamanca;37;Salamanca;165;Customer Service Advisor;1;0;0;0
5591;Salamanca;37;Salamanca;166;Customer Service Agent;1;13;13;13
5330;Vigo;36;Pontevedra;668;Waiter Assistant;1;3;3;3
5324;Sanxenxo;36;Pontevedra;494;Maintenance Technician;1;10;10;10
5330;Vigo;36;Pontevedra;590;Reception Assistant;1;214;214;214
5330;Vigo;36;Pontevedra;591;Receptionist;1;95;95;95
5591;Salamanca;37;Salamanca;482;Electrical Maintenance Technician;1;13;13;13
5591;Salamanca;37;Salamanca;591;Receptionist;1;50;50;50
5591;Salamanca;37;Salamanca;652;Head Waiter;1;21;21;21
5591;Salamanca;37;Salamanca;665;Sommelier;1;12;12;12
6990;Alcàsser;46;Valencia;591;Receptionist;1;110;110;110
7008;Almussafes;46;Valencia;589;Night Receptionist;1;67;67;67
7148;Oliva;46;Valencia;228;Executive Chef;1;21;21;21
7148;Oliva;46;Valencia;489;Maintenance Manager;1;20;20;20
7148;Oliva;46;Valencia;584;Hotel Receptionist;1;148;148;148
7148;Oliva;46;Valencia;652;Head Waiter;1;25;25;25
7164;Pobla de Farnals, la;46;Valencia;591;Receptionist;1;74;74;74
7172;Puig de Santa Maria, el;46;Valencia;637;Barista;1;13;13;13
7342;Olmedo;47;Valladolid;218;Chef;1;15;15;15
7342;Olmedo;47;Valladolid;221;Cook;1;0;0;0
7363;Quintanilla de Onésimo;47;Valladolid;665;Sommelier;1;4;4;4
7391;Sardón de Duero;47;Valladolid;652;Head Waiter;1;6;6;6
7391;Sardón de Duero;47;Valladolid;669;Waiter;1;98;98;98
7391;Sardón de Duero;47;Valladolid;715;Spa Therapist;1;28;28;28
7397;Tiedra;47;Valladolid;494;Maintenance Technician;1;20;20;20
7397;Tiedra;47;Valladolid;552;Chambermaid;1;36;36;36
7008;Almussafes;46;Valencia;668;Waiter Assistant;1;57;57;57
7044;Bétera;46;Valencia;221;Cook;1;91;91;91
7046;Bocairent;46;Valencia;669;Waiter;1;43;43;43
7052;Burjassot;46;Valencia;590;Reception Assistant;1;117;117;117
7052;Burjassot;46;Valencia;591;Receptionist;1;148;148;148
7056;Canet d'En Berenguer;46;Valencia;218;Chef;1;37;37;37
7056;Canet d'En Berenguer;46;Valencia;489;Maintenance Manager;1;31;31;31
7056;Canet d'En Berenguer;46;Valencia;652;Head Waiter;1;29;29;29
7094;Font de la Figuera, la;46;Valencia;221;Cook;1;3;3;3
7094;Font de la Figuera, la;46;Valencia;669;Waiter;1;13;13;13
7099;Gandia;46;Valencia;43;Casino Staff;1;15;15;15
7099;Gandia;46;Valencia;221;Cook;1;9;9;9
7126;Manises;46;Valencia;257;Chef de Partie;1;21;21;21
7126;Manises;46;Valencia;669;Waiter;1;62;62;62
7129;Massalavés;46;Valencia;481;Electrical Maintenance Crew Chief;1;10;10;10
7129;Massalavés;46;Valencia;482;Electrical Maintenance Technician;1;4;4;4
7129;Massalavés;46;Valencia;669;Waiter;1;12;12;12
7136;Mislata;46;Valencia;207;Quality Technician;1;24;24;24
7136;Mislata;46;Valencia;243;Kitchen Assistant;1;193;193;193
7148;Oliva;46;Valencia;23;Administrative;1;31;31;31
7492;Bilbao;48;Vizcaya;119;Reservation Agent;1;107;107;107
7492;Bilbao;48;Vizcaya;180;GEX - Guest Experience Manager;1;15;15;15
7492;Bilbao;48;Vizcaya;213;Event Chef;1;57;57;57
7492;Bilbao;48;Vizcaya;28;Administrative Intern;1;0;0;0
7492;Bilbao;48;Vizcaya;57;Controller Assistant;1;0;0;0
7492;Bilbao;48;Vizcaya;75;Head of Administration;1;17;17;17
7466;Abanto y Ciérvana-Abanto Zierbena;48;Vizcaya;561;Housekeeping Staff;1;25;25;25
7418;Valladolid;47;Valladolid;561;Housekeeping Staff;1;28;28;28
7418;Valladolid;47;Valladolid;580;Front Office Manager;1;7;7;7
7418;Valladolid;47;Valladolid;647;Food and Beverage Assistant;1;28;28;28
7418;Valladolid;47;Valladolid;668;Waiter Assistant;1;0;0;0
7418;Valladolid;47;Valladolid;23;Administrative;1;0;0;0
7418;Valladolid;47;Valladolid;55;Controller;1;28;28;28
7418;Valladolid;47;Valladolid;94;Regional Manager;1;16;16;16
7418;Valladolid;47;Valladolid;183;Service Specialist;1;10;10;10
7418;Valladolid;47;Valladolid;7;Accounting Manager;1;0;0;0
7418;Valladolid;47;Valladolid;243;Kitchen Assistant;1;38;38;38
7418;Valladolid;47;Valladolid;494;Maintenance Technician;1;22;22;22
7174;Quart de Poblet;46;Valencia;669;Waiter;1;108;108;108
7185;Riba-roja de Túria;46;Valencia;495;Mason;1;2;2;2
7193;San Antonio de Benagéber;46;Valencia;221;Cook;1;42;42;42
7210;Tavernes de la Valldigna;46;Valencia;814;Delivery;1;0;0;0
7314;Laguna de Duero;47;Valladolid;221;Cook;1;8;8;8
7397;Tiedra;47;Valladolid;630;Assistant Head Waiter;1;26;26;26
7397;Tiedra;47;Valladolid;668;Waiter Assistant;1;2;2;2
7314;Laguna de Duero;47;Valladolid;761;Technical Services Assistant;1;10;10;10
8038;Puebla de Alfindén, La;50;Zaragoza;221;Cook;1;24;24;24
8038;Puebla de Alfindén, La;50;Zaragoza;669;Waiter;1;10;10;10
8049;Sádaba;50;Zaragoza;221;Cook;1;9;9;9
8065;Sobradiel;50;Zaragoza;481;Electrical Maintenance Crew Chief;1;12;12;12
8065;Sobradiel;50;Zaragoza;669;Waiter;1;0;0;0
8094;Valpalmas;50;Zaragoza;669;Waiter;1;0;0;0
8106;Villanueva de Gállego;50;Zaragoza;206;Quality Specialist;1;8;8;8
7535;Loiu;48;Vizcaya;170;Customer Service Manager;1;0;0;0
7535;Loiu;48;Vizcaya;182;Service Manager;1;0;0;0
7544;Mundaka;48;Vizcaya;668;Waiter Assistant;1;0;0;0
7555;Plentzia;48;Vizcaya;668;Waiter Assistant;1;12;12;12
7558;Sestao;48;Vizcaya;494;Maintenance Technician;1;15;15;15
7728;Puebla de Sanabria;49;Zamora;561;Housekeeping Staff;1;0;0;0
7824;Zamora;49;Zamora;494;Maintenance Technician;1;8;8;8
7883;Bujaraloz;50;Zaragoza;669;Waiter;1;5;5;5
8116;Zaragoza;50;Zaragoza;46;Chief Financial Officer (CFO);1;0;0;0
8116;Zaragoza;50;Zaragoza;59;Business Development Director;1;4;4;4
8116;Zaragoza;50;Zaragoza;94;Regional Manager;1;31;31;31
7939;Gallur;50;Zaragoza;243;Kitchen Assistant;1;7;7;7
7984;Mequinenza;50;Zaragoza;218;Chef;1;17;17;17
8027;Pina de Ebro;50;Zaragoza;492;Maintenance Assistant;1;0;0;0
8027;Pina de Ebro;50;Zaragoza;652;Head Waiter;1;2;2;2
8116;Zaragoza;50;Zaragoza;166;Customer Service Agent;1;49;49;49
8116;Zaragoza;50;Zaragoza;168;Customer Service Coordinator;1;0;0;0
8116;Zaragoza;50;Zaragoza;218;Chef;1;26;26;26
8116;Zaragoza;50;Zaragoza;8;Accounting Technician;1;0;0;0
8116;Zaragoza;50;Zaragoza;228;Executive Chef;1;9;9;9
7535;Loiu;48;Vizcaya;28;Administrative Intern;1;0;0;0
7535;Loiu;48;Vizcaya;6;Accounting Intern;1;0;0;0
7492;Bilbao;48;Vizcaya;657;Bartender;1;48;48;48
7492;Bilbao;48;Vizcaya;561;Housekeeping Staff;1;51;51;51
7492;Bilbao;48;Vizcaya;570;Assistant Head of Reception;1;49;49;49
7492;Bilbao;48;Vizcaya;590;Reception Assistant;1;34;34;34
7492;Bilbao;48;Vizcaya;603;HR and Talent Director;1;3;3;3
7492;Bilbao;48;Vizcaya;610;Human Resources Consultant;1;5;5;5
7492;Bilbao;48;Vizcaya;628;Assistant Bar Manager;1;50;50;50
7492;Bilbao;48;Vizcaya;630;Assistant Head Waiter;1;4;4;4
7492;Bilbao;48;Vizcaya;439;Groups and MICE Coordinator;1;0;0;0
7492;Bilbao;48;Vizcaya;434;Events Staff;1;0;0;0
7492;Bilbao;48;Vizcaya;257;Chef de Partie;1;3;3;3
7492;Bilbao;48;Vizcaya;270;Group Sales Manager;1;6;6;6
7471;Arakaldo;48;Vizcaya;668;Waiter Assistant;1;0;0;0
7492;Bilbao;48;Vizcaya;228;Executive Chef;1;43;43;43
7492;Bilbao;48;Vizcaya;244;Meat Cutter;1;33;33;33
11470;Lisboa;132;Lisboa;32;Amusement Park Staff;1;1;1;1
11470;Lisboa;132;Lisboa;43;Casino Staff;1;2;2;2
11470;Lisboa;132;Lisboa;45;Chief Executive Officer (CEO);1;20;20;20
11470;Lisboa;132;Lisboa;48;Operations Manager;1;178;178;178
11470;Lisboa;132;Lisboa;49;Revenue Manager;1;19;19;19
11470;Lisboa;132;Lisboa;4;Personal Assistant;1;109;109;109
11470;Lisboa;132;Lisboa;6;Accounting Intern;1;15;15;15
11469;Linda-a-Velha;132;Lisboa;113;Travel Agent;1;44;44;44
11469;Linda-a-Velha;132;Lisboa;114;Travel Coordinator;1;24;24;24
11469;Linda-a-Velha;132;Lisboa;591;Receptionist;1;24;24;24
11468;Estoril;132;Lisboa;652;Head Waiter;1;11;11;11
11468;Estoril;132;Lisboa;653;Host/Hostess;1;39;39;39
11468;Estoril;132;Lisboa;661;Restaurant Manager;1;18;18;18
11468;Estoril;132;Lisboa;494;Maintenance Technician;1;14;14;14
11468;Estoril;132;Lisboa;552;Chambermaid;1;37;37;37
11468;Estoril;132;Lisboa;221;Cook;1;18;18;18
11468;Estoril;132;Lisboa;266;Commercial and Marketing Manager;1;17;17;17
11467;Ericeira;132;Lisboa;561;Housekeeping Staff;1;25;25;25
11468;Estoril;132;Lisboa;23;Administrative;1;77;77;77
11467;Ericeira;132;Lisboa;494;Maintenance Technician;1;3;3;3
10414;Mérida;129;Yucatán;114;Travel Coordinator;1;14;14;14
10407;Coatzacoalcos;128;Veracruz;113;Travel Agent;1;14;14;14
9906;Querétaro;120;Querétaro;166;Customer Service Agent;1;2;2;2
9906;Querétaro;120;Querétaro;192;Call Center Agent;1;3;3;3
9906;Querétaro;120;Querétaro;534;Marketing Manager;1;6;6;6
9906;Querétaro;120;Querétaro;66;Financial Assets Manager;1;0;0;0
8841;Naucalpan de Juárez;113;Estado de México;293;Sales Agent;1;25;25;25
8841;Naucalpan de Juárez;113;Estado de México;313;Sales Assistant;1;17;17;17
8841;Naucalpan de Juárez;113;Estado de México;482;Electrical Maintenance Technician;1;6;6;6
8841;Naucalpan de Juárez;113;Estado de México;561;Housekeeping Staff;1;8;8;8
8881;Texcoco;113;Estado de México;351;Chef Instructor;1;2;2;2
8902;Morelia;114;Michoacán;113;Travel Agent;1;5;5;5
9068;Monterrey;117;Nuevo León;221;Cook;1;6;6;6
9068;Monterrey;117;Nuevo León;293;Sales Agent;1;6;6;6
9068;Monterrey;117;Nuevo León;302;Sales Manager;1;15;15;15
9119;Oaxaca de Juárez;118;Oaxaca;652;Head Waiter;1;7;7;7
9689;Puebla;119;Puebla;293;Sales Agent;1;11;11;11
9906;Querétaro;120;Querétaro;1;Accountant;1;1;1;1
9906;Querétaro;120;Querétaro;661;Restaurant Manager;1;5;5;5
9934;San Luis Potosí;122;San Luis Potosí;396;Sommelier Consultant;1;0;0;0
9992;Culiacán;123;Sinaloa;113;Travel Agent;1;5;5;5
10082;Centro;125;Tabasco;113;Travel Agent;1;15;15;15
11451;Algés;132;Lisboa;463;Driver Tour Guide;1;25;25;25
11451;Algés;132;Lisboa;502;Technical Services Specialist;1;17;17;17
11455;Amadora;132;Lisboa;473;Tourism Agent;1;30;30;30
11458;Barcarena;132;Lisboa;119;Reservation Agent;1;39;39;39
11463;Carcavelos;132;Lisboa;23;Administrative;1;56;56;56
11463;Carcavelos;132;Lisboa;221;Cook;1;41;41;41
11463;Carcavelos;132;Lisboa;243;Kitchen Assistant;1;45;45;45
11463;Carcavelos;132;Lisboa;254;Sous Chef;1;16;16;16
11463;Carcavelos;132;Lisboa;401;Tourist Management Consultant;1;23;23;23
11463;Carcavelos;132;Lisboa;652;Head Waiter;1;16;16;16
8334;Chihuahua;105;Chihuahua;503;Warehouse Stock Handler;1;2;2;2
8334;Chihuahua;105;Chihuahua;560;Cleaning Manager;1;1;1;1
8334;Chihuahua;105;Chihuahua;620;Personnel Recruitment Technician;1;1;1;1
8334;Chihuahua;105;Chihuahua;254;Sous Chef;1;6;6;6
8334;Chihuahua;105;Chihuahua;302;Sales Manager;1;1;1;1
8334;Chihuahua;105;Chihuahua;329;Inventory Control Specialist;1;5;5;5
8334;Chihuahua;105;Chihuahua;433;Events Security Staff;1;4;4;4
8334;Chihuahua;105;Chihuahua;165;Customer Service Advisor;1;0;0;0
8130;Miguel Hidalgo;131;Ciudad de México;432;Events Sales Executive;1;19;19;19
8136;Aguascalientes;100;Aguascalientes;113;Travel Agent;1;15;15;15
8206;Colima;107;Colima;113;Travel Agent;1;7;7;7
8216;Tuxtla Gutiérrez;104;Chiapas;113;Travel Agent;1;9;9;9
8334;Chihuahua;105;Chihuahua;42;Casino Manager;1;4;4;4
8334;Chihuahua;105;Chihuahua;44;Casino Host;1;2;2;2
8334;Chihuahua;105;Chihuahua;726;Watchman;1;1;1;1
8334;Chihuahua;105;Chihuahua;745;Software Developer;1;1;1;1
8440;Guanajuato;109;Guanajuato;113;Travel Agent;1;15;15;15
8446;Irapuato;109;Guanajuato;113;Travel Agent;1;5;5;5
8453;León;109;Guanajuato;42;Casino Manager;1;1;1;1
8453;León;109;Guanajuato;113;Travel Agent;1;5;5;5
8453;León;109;Guanajuato;293;Sales Agent;1;1;1;1
8651;Guadalajara;112;Jalisco;113;Travel Agent;1;10;10;10
8651;Guadalajara;112;Jalisco;119;Reservation Agent;1;9;9;9
8651;Guadalajara;112;Jalisco;350;Chef Consultant;1;1;1;1
8652;Zapopan;112;Jalisco;107;Luxury Travel Advisor;1;4;4;4
8334;Chihuahua;105;Chihuahua;657;Bartender;1;1;1;1
8334;Chihuahua;105;Chihuahua;669;Waiter;1;4;4;4
8662;San Pedro Tlaquepaque;112;Jalisco;113;Travel Agent;1;4;4;4
8663;Tlajomulco de Zúñiga;112;Jalisco;113;Travel Agent;1;9;9;9
8116;Zaragoza;50;Zaragoza;630;Assistant Head Waiter;1;33;33;33
8116;Zaragoza;50;Zaragoza;632;Bakery Attendant;1;8;8;8
8116;Zaragoza;50;Zaragoza;653;Host/Hostess;1;8;8;8
8116;Zaragoza;50;Zaragoza;590;Reception Assistant;1;51;51;51
8116;Zaragoza;50;Zaragoza;503;Warehouse Stock Handler;1;7;7;7
8116;Zaragoza;50;Zaragoza;504;Painter;1;11;11;11
8116;Zaragoza;50;Zaragoza;570;Assistant Head of Reception;1;14;14;14
8116;Zaragoza;50;Zaragoza;580;Front Office Manager;1;0;0;0
8116;Zaragoza;50;Zaragoza;254;Sous Chef;1;44;44;44
8116;Zaragoza;50;Zaragoza;286;Rental Sales Consultant;1;6;6;6
8116;Zaragoza;50;Zaragoza;493;Maintenance Officer;1;6;6;6
8149;Tijuana;101;Baja California;436;Groups & Events Coordinator;1;1;1;1
8149;Tijuana;101;Baja California;550;Assistant Hotel Manager;1;3;3;3
8168;Saltillo;106;Coahuila;113;Travel Agent;1;9;9;9
8122;Benito Juárez;131;Ciudad de México;113;Travel Agent;1;28;28;28
8130;Miguel Hidalgo;131;Ciudad de México;48;Operations Manager;1;17;17;17
8119;Melilla;52;Melilla;345;Supply Department Assistant;1;6;6;6
8119;Melilla;52;Melilla;370;Health and Wellness Consultant;1;0;0;0
8119;Melilla;52;Melilla;436;Groups & Events Coordinator;1;10;10;10
8119;Melilla;52;Melilla;492;Maintenance Assistant;1;11;11;11
8119;Melilla;52;Melilla;502;Technical Services Specialist;1;5;5;5
8116;Zaragoza;50;Zaragoza;593;Human Resources Intern;1;4;4;4
8119;Melilla;52;Melilla;2;Accounting Assistant;1;16;16;16
8119;Melilla;52;Melilla;188;Customer Success Assistant;1;3;3;3
6483;Roda de Berà;43;Tarragona;218;Chef;1;32;32;32
6483;Roda de Berà;43;Tarragona;561;Housekeeping Staff;1;0;0;0
6488;Salou;43;Tarragona;1;Accountant;1;50;50;50
6475;Reus;43;Tarragona;316;Store Sales Assistant;1;0;0;0
6475;Reus;43;Tarragona;376;Hospitality Consultant;1;17;17;17
6475;Reus;43;Tarragona;473;Tourism Agent;1;28;28;28
6475;Reus;43;Tarragona;584;Hotel Receptionist;1;133;133;133
6488;Salou;43;Tarragona;46;Chief Financial Officer (CFO);1;24;24;24
6488;Salou;43;Tarragona;48;Operations Manager;1;89;89;89
6488;Salou;43;Tarragona;89;Valet Parking;1;60;60;60
6475;Reus;43;Tarragona;647;Food and Beverage Assistant;1;81;81;81
6488;Salou;43;Tarragona;210;Assistant Baker;1;73;73;73
6443;Mont-roig del Camp;43;Tarragona;551;Assistant Executive Housekeeper;1;24;24;24
6443;Mont-roig del Camp;43;Tarragona;557;Executive Housekeeper;1;36;36;36
6443;Mont-roig del Camp;43;Tarragona;652;Head Waiter;1;65;65;65
6443;Mont-roig del Camp;43;Tarragona;669;Waiter;1;76;76;76
6464;Pont d'Armentera, El;43;Tarragona;668;Waiter Assistant;1;0;0;0
6475;Reus;43;Tarragona;1;Accountant;1;10;10;10
6475;Reus;43;Tarragona;8;Accounting Technician;1;12;12;12
6475;Reus;43;Tarragona;26;Administrative Assistant;1;28;28;28
6390;Cambrils;43;Tarragona;346;Supply Department Manager;1;44;44;44
6390;Cambrils;43;Tarragona;580;Front Office Manager;1;66;66;66
6475;Reus;43;Tarragona;177;GEX - Guest Experience Assistant;1;28;28;28
6488;Salou;43;Tarragona;257;Chef de Partie;1;61;61;61
6488;Salou;43;Tarragona;226;Dishwasher;1;182;182;182
6488;Salou;43;Tarragona;493;Maintenance Officer;1;22;22;22
6488;Salou;43;Tarragona;498;Swimming Pool Maintenance;1;32;32;32
6488;Salou;43;Tarragona;557;Executive Housekeeper;1;31;31;31
6488;Salou;43;Tarragona;561;Housekeeping Staff;1;92;92;92
6488;Salou;43;Tarragona;565;Laundry Manager;1;45;45;45
6488;Salou;43;Tarragona;650;Food and Beverage Manager;1;25;25;25
6488;Salou;43;Tarragona;616;Labor Administrative;1;90;90;90
6488;Salou;43;Tarragona;657;Bartender;1;47;47;47
6488;Salou;43;Tarragona;736;Chief Technology Officer (CTO);1;14;14;14
6502;Tarragona;43;Tarragona;7;Accounting Manager;1;0;0;0
6502;Tarragona;43;Tarragona;71;Franchise Manager;1;0;0;0
6502;Tarragona;43;Tarragona;119;Reservation Agent;1;82;82;82
6502;Tarragona;43;Tarragona;127;Animation Manager;1;54;54;54
6502;Tarragona;43;Tarragona;143;Events Manager;1;73;73;73
6502;Tarragona;43;Tarragona;169;Customer Service Director;1;0;0;0
6502;Tarragona;43;Tarragona;291;Sales & MICE Assistant;1;2;2;2
6502;Tarragona;43;Tarragona;473;Tourism Agent;1;0;0;0
6502;Tarragona;43;Tarragona;492;Maintenance Assistant;1;88;88;88
6502;Tarragona;43;Tarragona;226;Dishwasher;1;162;162;162
6502;Tarragona;43;Tarragona;243;Kitchen Assistant;1;70;70;70
6502;Tarragona;43;Tarragona;248;Pastry Chef;1;56;56;56
6502;Tarragona;43;Tarragona;257;Chef de Partie;1;62;62;62
6502;Tarragona;43;Tarragona;277;MICE Sales Manager;1;0;0;0
6502;Tarragona;43;Tarragona;503;Warehouse Stock Handler;1;70;70;70
6502;Tarragona;43;Tarragona;192;Call Center Agent;1;0;0;0
6502;Tarragona;43;Tarragona;561;Housekeeping Staff;1;97;97;97
6502;Tarragona;43;Tarragona;590;Reception Assistant;1;130;130;130
6517;Vendrell, El;43;Tarragona;669;Waiter;1;53;53;53
6517;Vendrell, El;43;Tarragona;761;Technical Services Assistant;1;9;9;9
6526;Vila-seca;43;Tarragona;494;Maintenance Technician;1;19;19;19
6542;Albarracín;44;Teruel;552;Chambermaid;1;11;11;11
6542;Albarracín;44;Teruel;669;Waiter;1;17;17;17
6546;Alcañiz;44;Teruel;221;Cook;1;0;0;0
6546;Alcañiz;44;Teruel;552;Chambermaid;1;19;19;19
6509;Tortosa;43;Tarragona;668;Waiter Assistant;1;5;5;5
6515;Valls;43;Tarragona;584;Hotel Receptionist;1;75;75;75
6502;Tarragona;43;Tarragona;652;Head Waiter;1;57;57;57
6502;Tarragona;43;Tarragona;661;Restaurant Manager;1;0;0;0
6502;Tarragona;43;Tarragona;713;Spa Manager;1;0;0;0
6507;Torredembarra;43;Tarragona;591;Receptionist;1;36;36;36
6508;Torroja del Priorat;43;Tarragona;580;Front Office Manager;1;25;25;25
6508;Torroja del Priorat;43;Tarragona;668;Waiter Assistant;1;28;28;28
6632;Fuentespalda;44;Teruel;23;Administrative;1;6;6;6
6632;Fuentespalda;44;Teruel;254;Sous Chef;1;27;27;27
6632;Fuentespalda;44;Teruel;630;Assistant Head Waiter;1;9;9;9
6668;Monreal del Campo;44;Teruel;218;Chef;1;2;2;2
6668;Monreal del Campo;44;Teruel;636;Barback;1;2;2;2
6668;Monreal del Campo;44;Teruel;668;Waiter Assistant;1;3;3;3
6668;Monreal del Campo;44;Teruel;669;Waiter;1;1;1;1
6669;Monroyo;44;Teruel;221;Cook;1;8;8;8
6669;Monroyo;44;Teruel;584;Hotel Receptionist;1;14;14;14
6669;Monroyo;44;Teruel;669;Waiter;1;3;3;3
6673;Mora de Rubielos;44;Teruel;584;Hotel Receptionist;1;47;47;47
6673;Mora de Rubielos;44;Teruel;669;Waiter;1;38;38;38
6702;Puebla de Valverde, La;44;Teruel;669;Waiter;1;8;8;8
6724;Teruel;44;Teruel;669;Waiter;1;2;2;2
6761;Villarluengo;44;Teruel;652;Head Waiter;1;17;17;17
6788;Bargas;45;Toledo;221;Cook;1;1;1;1
6724;Teruel;44;Teruel;200;Customer Support Technician;1;6;6;6
6724;Teruel;44;Teruel;221;Cook;1;14;14;14
6724;Teruel;44;Teruel;494;Maintenance Technician;1;6;6;6
6724;Teruel;44;Teruel;552;Chambermaid;1;0;0;0
6937;Toledo;45;Toledo;636;Barback;1;11;11;11
6985;Alberic;46;Valencia;218;Chef;1;4;4;4
6937;Toledo;45;Toledo;243;Kitchen Assistant;1;45;45;45
6937;Toledo;45;Toledo;471;Tour Guide;1;11;11;11
6937;Toledo;45;Toledo;552;Chambermaid;1;49;49;49
6937;Toledo;45;Toledo;47;Chief Operations Officer (COO);1;24;24;24
6937;Toledo;45;Toledo;80;Hotel Manager;1;0;0;0
6937;Toledo;45;Toledo;119;Reservation Agent;1;33;33;33
6027;Segovia;40;Segovia;669;Waiter;1;70;70;70
6027;Segovia;40;Segovia;778;Car Driver;1;16;16;16
6027;Segovia;40;Segovia;796;Rider;1;14;14;14
6036;Torrecaballeros;40;Segovia;221;Cook;1;19;19;19
6036;Torrecaballeros;40;Segovia;591;Receptionist;1;32;32;32
6027;Segovia;40;Segovia;166;Customer Service Agent;1;0;0;0
6027;Segovia;40;Segovia;168;Customer Service Coordinator;1;0;0;0
6027;Segovia;40;Segovia;243;Kitchen Assistant;1;26;26;26
6027;Segovia;40;Segovia;482;Electrical Maintenance Technician;1;9;9;9
6027;Segovia;40;Segovia;494;Maintenance Technician;1;6;6;6
6027;Segovia;40;Segovia;557;Executive Housekeeper;1;16;16;16
5826;Santander;39;Cantabria;443;Maitre in Charge of Room and Events;1;0;0;0
5826;Santander;39;Cantabria;471;Tour Guide;1;19;19;19
6027;Segovia;40;Segovia;113;Travel Agent;1;24;24;24
6100;Cuervo de Sevilla, El;41;Sevilla;669;Waiter;1;35;35;35
6101;Dos Hermanas;41;Sevilla;23;Administrative;1;69;69;69
6101;Dos Hermanas;41;Sevilla;494;Maintenance Technician;1;60;60;60
6101;Dos Hermanas;41;Sevilla;561;Housekeeping Staff;1;99;99;99
6101;Dos Hermanas;41;Sevilla;584;Hotel Receptionist;1;110;110;110
6101;Dos Hermanas;41;Sevilla;591;Receptionist;1;111;111;111
6101;Dos Hermanas;41;Sevilla;668;Waiter Assistant;1;72;72;72
6062;Aguadulce;41;Sevilla;669;Waiter;1;27;27;27
6065;Alcalá de Guadaíra;41;Sevilla;293;Sales Agent;1;7;7;7
6076;Benacazón;41;Sevilla;221;Cook;1;44;44;44
6076;Benacazón;41;Sevilla;561;Housekeeping Staff;1;85;85;85
6078;Bormujos;41;Sevilla;243;Kitchen Assistant;1;44;44;44
6078;Bormujos;41;Sevilla;492;Maintenance Assistant;1;24;24;24
6078;Bormujos;41;Sevilla;584;Hotel Receptionist;1;53;53;53
6078;Bormujos;41;Sevilla;589;Night Receptionist;1;83;83;83
6078;Bormujos;41;Sevilla;716;Hair Stylist;1;0;0;0
6155;Sevilla;41;Sevilla;198;Call Center Technician;1;4;4;4
6155;Sevilla;41;Sevilla;201;Head of Quality;1;24;24;24
6155;Sevilla;41;Sevilla;210;Assistant Baker;1;45;45;45
6155;Sevilla;41;Sevilla;242;Sushiman;1;31;31;31
6155;Sevilla;41;Sevilla;248;Pastry Chef;1;47;47;47
6155;Sevilla;41;Sevilla;254;Sous Chef;1;50;50;50
6155;Sevilla;41;Sevilla;165;Customer Service Advisor;1;0;0;0
6155;Sevilla;41;Sevilla;168;Customer Service Coordinator;1;0;0;0
6155;Sevilla;41;Sevilla;171;Customer Service Specialist;1;0;0;0
6155;Sevilla;41;Sevilla;177;GEX - Guest Experience Assistant;1;75;75;75
6155;Sevilla;41;Sevilla;28;Administrative Intern;1;2;2;2
6155;Sevilla;41;Sevilla;47;Chief Operations Officer (COO);1;43;43;43
6155;Sevilla;41;Sevilla;48;Operations Manager;1;45;45;45
6155;Sevilla;41;Sevilla;105;Business Travel Agent;1;13;13;13
6155;Sevilla;41;Sevilla;113;Travel Agent;1;112;112;112
6123;Mairena del Aljarafe;41;Sevilla;192;Call Center Agent;1;1;1;1
6123;Mairena del Aljarafe;41;Sevilla;591;Receptionist;1;77;77;77
6155;Sevilla;41;Sevilla;2;Accounting Assistant;1;38;38;38
6155;Sevilla;41;Sevilla;4;Personal Assistant;1;45;45;45
6062;Aguadulce;41;Sevilla;589;Night Receptionist;1;8;8;8
6062;Aguadulce;41;Sevilla;591;Receptionist;1;10;10;10
6363;Ametlla de Mar, L';43;Tarragona;669;Waiter;1;63;63;63
6369;Arnes;43;Tarragona;221;Cook;1;0;0;0
6369;Arnes;43;Tarragona;652;Head Waiter;1;14;14;14
6388;Calafell;43;Tarragona;669;Waiter;1;0;0;0
6390;Cambrils;43;Tarragona;1;Accountant;1;21;21;21
6352;Albiol, L';43;Tarragona;668;Waiter Assistant;1;0;0;0
6362;Altafulla;43;Tarragona;218;Chef;1;24;24;24
6362;Altafulla;43;Tarragona;572;Bellboy;1;52;52;52
6390;Cambrils;43;Tarragona;669;Waiter;1;161;161;161
6399;Constantí;43;Tarragona;482;Electrical Maintenance Technician;1;10;10;10
6399;Constantí;43;Tarragona;813;Van Driver;1;43;43;43
6402;Creixell;43;Tarragona;125;Animation Assistant;1;41;41;41
6402;Creixell;43;Tarragona;243;Kitchen Assistant;1;54;54;54
6402;Creixell;43;Tarragona;315;Store Manager;1;26;26;26
6402;Creixell;43;Tarragona;316;Store Sales Assistant;1;44;44;44
6402;Creixell;43;Tarragona;561;Housekeeping Staff;1;56;56;56
6402;Creixell;43;Tarragona;664;Restaurant Section Head;1;44;44;44
6402;Creixell;43;Tarragona;668;Waiter Assistant;1;57;57;57
6159;Utrera;41;Sevilla;471;Tour Guide;1;18;18;18
6263;Medinaceli;42;Soria;669;Waiter;1;7;7;7
6155;Sevilla;41;Sevilla;715;Spa Therapist;1;14;14;14
6155;Sevilla;41;Sevilla;745;Software Developer;1;4;4;4
6155;Sevilla;41;Sevilla;657;Bartender;1;15;15;15
6155;Sevilla;41;Sevilla;622;Recruitment Consultant;1;12;12;12
6155;Sevilla;41;Sevilla;608;Human Resources Assistant;1;32;32;32
6155;Sevilla;41;Sevilla;275;Marketing and Sales Manager;1;73;73;73
6155;Sevilla;41;Sevilla;267;Commercial Manager;1;27;27;27
6155;Sevilla;41;Sevilla;270;Group Sales Manager;1;24;24;24
6155;Sevilla;41;Sevilla;345;Supply Department Assistant;1;28;28;28
6155;Sevilla;41;Sevilla;461;City Tour Guide;1;0;0;0
6155;Sevilla;41;Sevilla;489;Maintenance Manager;1;59;59;59
6155;Sevilla;41;Sevilla;376;Hospitality Consultant;1;6;6;6
6155;Sevilla;41;Sevilla;415;Conference & Events Trainee;1;7;7;7
6155;Sevilla;41;Sevilla;533;Marketing Intern;1;31;31;31
395;Ávila;5;Ávila;591;Receptionist;1;17;17;17
396;Barco de Ávila, El;5;Ávila;221;Cook;1;0;0;0
396;Barco de Ávila, El;5;Ávila;584;Hotel Receptionist;1;0;0;0
445;Fresnedilla;5;Ávila;664;Restaurant Section Head;1;1;1;1
640;Almendralejo;6;Badajoz;243;Kitchen Assistant;1;20;20;20
644;Badajoz;6;Badajoz;42;Casino Manager;1;4;4;4
644;Badajoz;6;Badajoz;165;Customer Service Advisor;1;0;0;0
356;Roquetas de Mar;4;Almería;615;Human Resources Technician;1;12;12;12
356;Roquetas de Mar;4;Almería;628;Assistant Bar Manager;1;23;23;23
356;Roquetas de Mar;4;Almería;650;Food and Beverage Manager;1;24;24;24
356;Roquetas de Mar;4;Almería;652;Head Waiter;1;73;73;73
356;Roquetas de Mar;4;Almería;692;Lifesaver;1;105;105;105
378;Vera;4;Almería;243;Kitchen Assistant;1;50;50;50
378;Vera;4;Almería;630;Assistant Head Waiter;1;14;14;14
395;Ávila;5;Ávila;552;Chambermaid;1;0;0;0
356;Roquetas de Mar;4;Almería;257;Chef de Partie;1;23;23;23
356;Roquetas de Mar;4;Almería;481;Electrical Maintenance Crew Chief;1;58;58;58
356;Roquetas de Mar;4;Almería;486;Facilities Technician;1;7;7;7
356;Roquetas de Mar;4;Almería;213;Event Chef;1;64;64;64
356;Roquetas de Mar;4;Almería;226;Dishwasher;1;44;44;44
356;Roquetas de Mar;4;Almería;577;Concierge;1;67;67;67
356;Roquetas de Mar;4;Almería;584;Hotel Receptionist;1;130;130;130
356;Roquetas de Mar;4;Almería;589;Night Receptionist;1;54;54;54
356;Roquetas de Mar;4;Almería;590;Reception Assistant;1;136;136;136
356;Roquetas de Mar;4;Almería;561;Housekeeping Staff;1;0;0;0
292;Almería;4;Almería;7;Accounting Manager;1;0;0;0
292;Almería;4;Almería;10;Accounts Manager;1;0;0;0
292;Almería;4;Almería;23;Administrative;1;178;178;178
292;Almería;4;Almería;79;Hotel Director;1;210;210;210
292;Almería;4;Almería;130;Children's Animator;1;11;11;11
292;Almería;4;Almería;159;Tourist Animator;1;84;84;84
292;Almería;4;Almería;171;Customer Service Specialist;1;0;0;0
218;Jávea/Xàbia;3;Alicante;584;Hotel Receptionist;1;65;65;65
218;Jávea/Xàbia;3;Alicante;657;Bartender;1;23;23;23
229;Novelda;3;Alicante;113;Travel Agent;1;24;24;24
234;Orihuela;3;Alicante;652;Head Waiter;1;25;25;25
260;Sant Joan d'Alacant;3;Alicante;591;Receptionist;1;98;98;98
261;Santa Pola;3;Alicante;561;Housekeeping Staff;1;61;61;61
274;Vall de Laguar, la;3;Alicante;254;Sous Chef;1;14;14;14
274;Vall de Laguar, la;3;Alicante;669;Waiter;1;95;95;95
356;Roquetas de Mar;4;Almería;159;Tourist Animator;1;223;223;223
292;Almería;4;Almería;668;Waiter Assistant;1;109;109;109
343;Níjar;4;Almería;669;Waiter;1;40;40;40
352;Pulpí;4;Almería;504;Painter;1;36;36;36
352;Pulpí;4;Almería;796;Rider;1;14;14;14
310;Carboneras;4;Almería;45;Chief Executive Officer (CEO);1;117;117;117
317;Ejido, El;4;Almería;591;Receptionist;1;225;225;225
329;Huércal-Overa;4;Almería;492;Maintenance Assistant;1;9;9;9
340;Mojácar;4;Almería;652;Head Waiter;1;79;79;79
292;Almería;4;Almería;550;Assistant Hotel Manager;1;57;57;57
292;Almería;4;Almería;589;Night Receptionist;1;36;36;36
292;Almería;4;Almería;293;Sales Agent;1;12;12;12
796;Alaró;7;Islas Baleares;557;Executive Housekeeper;1;43;43;43
796;Alaró;7;Islas Baleares;696;Massage Therapist;1;35;35;35
797;Alcúdia;7;Islas Baleares;23;Administrative;1;23;23;23
797;Alcúdia;7;Islas Baleares;26;Administrative Assistant;1;81;81;81
797;Alcúdia;7;Islas Baleares;122;Activities Assistant;1;72;72;72
797;Alcúdia;7;Islas Baleares;125;Animation Assistant;1;104;104;104
797;Alcúdia;7;Islas Baleares;130;Children's Animator;1;89;89;89
797;Alcúdia;7;Islas Baleares;141;Entertainment Manager;1;55;55;55
797;Alcúdia;7;Islas Baleares;150;Multifunctional Animator;1;44;44;44
797;Alcúdia;7;Islas Baleares;159;Tourist Animator;1;63;63;63
797;Alcúdia;7;Islas Baleares;177;GEX - Guest Experience Assistant;1;24;24;24
797;Alcúdia;7;Islas Baleares;218;Chef;1;3;3;3
797;Alcúdia;7;Islas Baleares;220;Commis Chef;1;16;16;16
796;Alaró;7;Islas Baleares;587;Night Auditor;1;18;18;18
796;Alaró;7;Islas Baleares;591;Receptionist;1;66;66;66
796;Alaró;7;Islas Baleares;653;Host/Hostess;1;28;28;28
710;Medellín;6;Badajoz;221;Cook;1;6;6;6
710;Medellín;6;Badajoz;243;Kitchen Assistant;1;25;25;25
713;Mérida;6;Badajoz;668;Waiter Assistant;1;15;15;15
785;Villanueva de la Serena;6;Badajoz;221;Cook;1;12;12;12
795;Alaior;7;Islas Baleares;572;Bellboy;1;19;19;19
796;Alaró;7;Islas Baleares;243;Kitchen Assistant;1;38;38;38
796;Alaró;7;Islas Baleares;248;Pastry Chef;1;23;23;23
796;Alaró;7;Islas Baleares;254;Sous Chef;1;22;22;22
644;Badajoz;6;Badajoz;221;Cook;1;16;16;16
797;Alcúdia;7;Islas Baleares;492;Maintenance Assistant;1;23;23;23
797;Alcúdia;7;Islas Baleares;316;Store Sales Assistant;1;48;48;48
797;Alcúdia;7;Islas Baleares;396;Sommelier Consultant;1;31;31;31
797;Alcúdia;7;Islas Baleares;550;Assistant Hotel Manager;1;50;50;50
797;Alcúdia;7;Islas Baleares;46;Chief Financial Officer (CFO);1;16;16;16
797;Alcúdia;7;Islas Baleares;79;Hotel Director;1;0;0;0
797;Alcúdia;7;Islas Baleares;80;Hotel Manager;1;17;17;17
797;Alcúdia;7;Islas Baleares;244;Meat Cutter;1;11;11;11
797;Alcúdia;7;Islas Baleares;251;Pizzaiolo;1;40;40;40
797;Alcúdia;7;Islas Baleares;226;Dishwasher;1;127;127;127
797;Alcúdia;7;Islas Baleares;228;Executive Chef;1;7;7;7
797;Alcúdia;7;Islas Baleares;636;Barback;1;0;0;0
797;Alcúdia;7;Islas Baleares;570;Assistant Head of Reception;1;0;0;0
797;Alcúdia;7;Islas Baleares;661;Restaurant Manager;1;57;57;57
797;Alcúdia;7;Islas Baleares;653;Host/Hostess;1;17;17;17
797;Alcúdia;7;Islas Baleares;631;Assistant Restaurant Manager;1;16;16;16
797;Alcúdia;7;Islas Baleares;584;Hotel Receptionist;1;91;91;91
797;Alcúdia;7;Islas Baleares;587;Night Auditor;1;30;30;30
797;Alcúdia;7;Islas Baleares;589;Night Receptionist;1;12;12;12
815;Ibiza;7;Islas Baleares;300;Sales Host;1;0;0;0
815;Ibiza;7;Islas Baleares;339;Purchasing Supervisor;1;0;0;0
815;Ibiza;7;Islas Baleares;344;Supply Chain Coordinator;1;20;20;20
815;Ibiza;7;Islas Baleares;250;Pastry Shop Manager;1;10;10;10
815;Ibiza;7;Islas Baleares;246;Mexican Food Cook;1;18;18;18
815;Ibiza;7;Islas Baleares;50;Operations Specialist;1;20;20;20
815;Ibiza;7;Islas Baleares;68;Financial Intern;1;5;5;5
815;Ibiza;7;Islas Baleares;128;Animation Supervisor;1;30;30;30
815;Ibiza;7;Islas Baleares;169;Customer Service Director;1;17;17;17
815;Ibiza;7;Islas Baleares;171;Customer Service Specialist;1;0;0;0
815;Ibiza;7;Islas Baleares;141;Entertainment Manager;1;44;44;44
815;Ibiza;7;Islas Baleares;159;Tourist Animator;1;79;79;79
815;Ibiza;7;Islas Baleares;182;Service Manager;1;8;8;8
815;Ibiza;7;Islas Baleares;198;Call Center Technician;1;16;16;16
815;Ibiza;7;Islas Baleares;207;Quality Technician;1;18;18;18
815;Ibiza;7;Islas Baleares;530;Marketing Assistant;1;41;41;41
815;Ibiza;7;Islas Baleares;535;Marketing Specialist;1;16;16;16
815;Ibiza;7;Islas Baleares;544;Social Media Manager;1;28;28;28
815;Ibiza;7;Islas Baleares;493;Maintenance Officer;1;21;21;21
815;Ibiza;7;Islas Baleares;496;Plumber;1;13;13;13
815;Ibiza;7;Islas Baleares;501;Technical Services Officer;1;25;25;25
815;Ibiza;7;Islas Baleares;560;Cleaning Manager;1;28;28;28
815;Ibiza;7;Islas Baleares;565;Laundry Manager;1;16;16;16
815;Ibiza;7;Islas Baleares;483;Electrician;1;21;21;21
815;Ibiza;7;Islas Baleares;471;Tour Guide;1;3;3;3
815;Ibiza;7;Islas Baleares;346;Supply Department Manager;1;13;13;13
815;Ibiza;7;Islas Baleares;376;Hospitality Consultant;1;11;11;11
815;Ibiza;7;Islas Baleares;377;Hospitality Trainer;1;11;11;11
815;Ibiza;7;Islas Baleares;424;Event Planner;1;84;84;84
815;Ibiza;7;Islas Baleares;432;Events Sales Executive;1;24;24;24
811;Ciutadella de Menorca;7;Islas Baleares;652;Head Waiter;1;45;45;45
811;Ciutadella de Menorca;7;Islas Baleares;653;Host/Hostess;1;181;181;181
811;Ciutadella de Menorca;7;Islas Baleares;630;Assistant Head Waiter;1;16;16;16
811;Ciutadella de Menorca;7;Islas Baleares;580;Front Office Manager;1;72;72;72
811;Ciutadella de Menorca;7;Islas Baleares;584;Hotel Receptionist;1;49;49;49
811;Ciutadella de Menorca;7;Islas Baleares;497;Building Repairer;1;15;15;15
811;Ciutadella de Menorca;7;Islas Baleares;557;Executive Housekeeper;1;90;90;90
811;Ciutadella de Menorca;7;Islas Baleares;561;Housekeeping Staff;1;4;4;4
815;Ibiza;7;Islas Baleares;46;Chief Financial Officer (CFO);1;13;13;13
815;Ibiza;7;Islas Baleares;22;Accounts Receivable Technician;1;22;22;22
815;Ibiza;7;Islas Baleares;94;Regional Manager;1;0;0;0
815;Ibiza;7;Islas Baleares;112;Travel Agency Manager;1;17;17;17
815;Ibiza;7;Islas Baleares;119;Reservation Agent;1;145;145;145
815;Ibiza;7;Islas Baleares;2;Accounting Assistant;1;25;25;25
814;Deià;7;Islas Baleares;657;Bartender;1;0;0;0
815;Ibiza;7;Islas Baleares;32;Amusement Park Staff;1;29;29;29
815;Ibiza;7;Islas Baleares;33;Billing Assistant;1;22;22;22
799;Andratx;7;Islas Baleares;589;Night Receptionist;1;13;13;13
799;Andratx;7;Islas Baleares;628;Assistant Bar Manager;1;0;0;0
799;Andratx;7;Islas Baleares;657;Bartender;1;6;6;6
799;Andratx;7;Islas Baleares;661;Restaurant Manager;1;15;15;15
799;Andratx;7;Islas Baleares;668;Waiter Assistant;1;103;103;103
800;Ariany;7;Islas Baleares;57;Controller Assistant;1;0;0;0
800;Ariany;7;Islas Baleares;474;Tourist Information Guide;1;10;10;10
801;Artà;7;Islas Baleares;221;Cook;1;58;58;58
801;Artà;7;Islas Baleares;226;Dishwasher;1;76;76;76
801;Artà;7;Islas Baleares;243;Kitchen Assistant;1;64;64;64
801;Artà;7;Islas Baleares;257;Chef de Partie;1;49;49;49
802;Banyalbufar;7;Islas Baleares;79;Hotel Director;1;2;2;2
802;Banyalbufar;7;Islas Baleares;221;Cook;1;41;41;41
802;Banyalbufar;7;Islas Baleares;248;Pastry Chef;1;34;34;34
808;Campos;7;Islas Baleares;243;Kitchen Assistant;1;34;34;34
808;Campos;7;Islas Baleares;591;Receptionist;1;77;77;77
809;Capdepera;7;Islas Baleares;572;Bellboy;1;12;12;12
811;Ciutadella de Menorca;7;Islas Baleares;28;Administrative Intern;1;17;17;17
811;Ciutadella de Menorca;7;Islas Baleares;30;Administrative Technician;1;111;111;111
811;Ciutadella de Menorca;7;Islas Baleares;130;Children's Animator;1;0;0;0
811;Ciutadella de Menorca;7;Islas Baleares;165;Customer Service Advisor;1;0;0;0
811;Ciutadella de Menorca;7;Islas Baleares;218;Chef;1;54;54;54
811;Ciutadella de Menorca;7;Islas Baleares;487;Gardener;1;20;20;20
811;Ciutadella de Menorca;7;Islas Baleares;243;Kitchen Assistant;1;32;32;32
811;Ciutadella de Menorca;7;Islas Baleares;251;Pizzaiolo;1;20;20;20
799;Andratx;7;Islas Baleares;552;Chambermaid;1;22;22;22
799;Andratx;7;Islas Baleares;561;Housekeeping Staff;1;26;26;26
799;Andratx;7;Islas Baleares;577;Concierge;1;11;11;11
799;Andratx;7;Islas Baleares;80;Hotel Manager;1;15;15;15
799;Andratx;7;Islas Baleares;127;Animation Manager;1;40;40;40
799;Andratx;7;Islas Baleares;221;Cook;1;6;6;6
156;Altea;3;Alicante;589;Night Receptionist;1;37;37;37
156;Altea;3;Alicante;590;Reception Assistant;1;3;3;3
156;Altea;3;Alicante;591;Receptionist;1;41;41;41
156;Altea;3;Alicante;570;Assistant Head of Reception;1;9;9;9
156;Altea;3;Alicante;572;Bellboy;1;0;0;0
156;Altea;3;Alicante;682;Chiropractor;1;1;1;1
152;Alicante/Alacant;3;Alicante;668;Waiter Assistant;1;1;1;1
156;Altea;3;Alicante;653;Host/Hostess;1;0;0;0
152;Alicante/Alacant;3;Alicante;714;Spa Receptionist;1;13;13;13
152;Alicante/Alacant;3;Alicante;715;Spa Therapist;1;0;0;0
152;Alicante/Alacant;3;Alicante;726;Watchman;1;0;0;0
152;Alicante/Alacant;3;Alicante;753;Head of Technical Services;1;10;10;10
156;Altea;3;Alicante;79;Hotel Director;1;71;71;71
156;Altea;3;Alicante;101;Business Intelligence Manager;1;1;1;1
156;Altea;3;Alicante;119;Reservation Agent;1;3;3;3
156;Altea;3;Alicante;164;Fitness Supervisor;1;2;2;2
156;Altea;3;Alicante;262;Area Sales Manager;1;3;3;3
156;Altea;3;Alicante;482;Electrical Maintenance Technician;1;11;11;11
156;Altea;3;Alicante;494;Maintenance Technician;1;10;10;10
156;Altea;3;Alicante;498;Swimming Pool Maintenance;1;3;3;3
156;Altea;3;Alicante;503;Warehouse Stock Handler;1;9;9;9
156;Altea;3;Alicante;505;Car Washer;1;13;13;13
156;Altea;3;Alicante;512;Content Creator;1;13;13;13
156;Altea;3;Alicante;516;Digital Marketing Manager;1;21;21;21
156;Altea;3;Alicante;551;Assistant Executive Housekeeper;1;0;0;0
152;Alicante/Alacant;3;Alicante;680;Body Treatment Specialist;1;6;6;6
152;Alicante/Alacant;3;Alicante;690;Holistic Therapist;1;32;32;32
152;Alicante/Alacant;3;Alicante;691;Hydrotherapy Specialist;1;10;10;10
152;Alicante/Alacant;3;Alicante;693;Lymphatic Massage Therapist;1;16;16;16
152;Alicante/Alacant;3;Alicante;697;Masseur;1;25;25;25
152;Alicante/Alacant;3;Alicante;657;Bartender;1;25;25;25
152;Alicante/Alacant;3;Alicante;636;Barback;1;49;49;49
152;Alicante/Alacant;3;Alicante;647;Food and Beverage Assistant;1;11;11;11
152;Alicante/Alacant;3;Alicante;611;Human Resources Coordinator;1;14;14;14
152;Alicante/Alacant;3;Alicante;628;Assistant Bar Manager;1;27;27;27
152;Alicante/Alacant;3;Alicante;557;Executive Housekeeper;1;45;45;45
152;Alicante/Alacant;3;Alicante;551;Assistant Executive Housekeeper;1;40;40;40
152;Alicante/Alacant;3;Alicante;530;Marketing Assistant;1;16;16;16
152;Alicante/Alacant;3;Alicante;157;Singer;1;0;0;0
152;Alicante/Alacant;3;Alicante;226;Dishwasher;1;75;75;75
152;Alicante/Alacant;3;Alicante;262;Area Sales Manager;1;4;4;4
152;Alicante/Alacant;3;Alicante;267;Commercial Manager;1;41;41;41
152;Alicante/Alacant;3;Alicante;358;Food and Beverage Consultant;1;3;3;3
152;Alicante/Alacant;3;Alicante;436;Groups & Events Coordinator;1;44;44;44
152;Alicante/Alacant;3;Alicante;438;Groups & Events Sales Manager;1;71;71;71
152;Alicante/Alacant;3;Alicante;487;Gardener;1;34;34;34
152;Alicante/Alacant;3;Alicante;203;Quality Department Internship;1;2;2;2
152;Alicante/Alacant;3;Alicante;209;Baker Chef;1;0;0;0
152;Alicante/Alacant;3;Alicante;218;Chef;1;56;56;56
152;Alicante/Alacant;3;Alicante;166;Customer Service Agent;1;0;0;0
152;Alicante/Alacant;3;Alicante;171;Customer Service Specialist;1;0;0;0
152;Alicante/Alacant;3;Alicante;177;GEX - Guest Experience Assistant;1;18;18;18
152;Alicante/Alacant;3;Alicante;80;Hotel Manager;1;19;19;19
152;Alicante/Alacant;3;Alicante;130;Children's Animator;1;13;13;13
46;Vitoria-Gasteiz;1;Álava;552;Chambermaid;1;30;30;30
54;Albacete;2;Albacete;600;Revenue Agent;1;6;6;6
54;Albacete;2;Albacete;661;Restaurant Manager;1;0;0;0
54;Albacete;2;Albacete;669;Waiter;1;18;18;18
76;Caudete;2;Albacete;257;Chef de Partie;1;0;0;0
14;Bernedo;1;Álava;442;Leisure Centre Manager;1;8;8;8
34;Moreda de Álava/Moreda Araba;1;Álava;584;Hotel Receptionist;1;29;29;29
46;Vitoria-Gasteiz;1;Álava;10;Accounts Manager;1;0;0;0
46;Vitoria-Gasteiz;1;Álava;71;Franchise Manager;1;0;0;0
46;Vitoria-Gasteiz;1;Álava;107;Luxury Travel Advisor;1;21;21;21
133;Villarrobledo;2;Albacete;218;Chef;1;47;47;47
147;Alcoy/Alcoi;3;Alicante;221;Cook;1;23;23;23
149;Alfàs del Pi, l';3;Alicante;23;Administrative;1;5;5;5
149;Alfàs del Pi, l';3;Alicante;117;Travel guide;1;20;20;20
123;San Pedro;29;Málaga;243;Kitchen Assistant;1;173;173;173
123;San Pedro;29;Málaga;257;Chef de Partie;1;46;46;46
123;San Pedro;29;Málaga;590;Reception Assistant;1;98;98;98
149;Alfàs del Pi, l';3;Alicante;632;Bakery Attendant;1;12;12;12
149;Alfàs del Pi, l';3;Alicante;687;First aid attendant;1;29;29;29
149;Alfàs del Pi, l';3;Alicante;746;Web Developer;1;10;10;10
152;Alicante/Alacant;3;Alicante;1;Accountant;1;0;0;0
152;Alicante/Alacant;3;Alicante;2;Accounting Assistant;1;18;18;18
152;Alicante/Alacant;3;Alicante;4;Personal Assistant;1;0;0;0
152;Alicante/Alacant;3;Alicante;5;Accounting Director;1;0;0;0
152;Alicante/Alacant;3;Alicante;27;Administrative Director;1;0;0;0
149;Alfàs del Pi, l';3;Alicante;243;Kitchen Assistant;1;34;34;34
149;Alfàs del Pi, l';3;Alicante;248;Pastry Chef;1;31;31;31
149;Alfàs del Pi, l';3;Alicante;254;Sous Chef;1;20;20;20
149;Alfàs del Pi, l';3;Alicante;580;Front Office Manager;1;19;19;19
149;Alfàs del Pi, l';3;Alicante;591;Receptionist;1;54;54;54
187;Calp;3;Alicante;463;Driver Tour Guide;1;2;2;2
187;Calp;3;Alicante;533;Marketing Intern;1;21;21;21
187;Calp;3;Alicante;550;Assistant Hotel Manager;1;22;22;22
187;Calp;3;Alicante;584;Hotel Receptionist;1;21;21;21
187;Calp;3;Alicante;590;Reception Assistant;1;33;33;33
187;Calp;3;Alicante;177;GEX - Guest Experience Assistant;1;9;9;9
187;Calp;3;Alicante;192;Call Center Agent;1;21;21;21
187;Calp;3;Alicante;202;Quality Assistant;1;8;8;8
187;Calp;3;Alicante;218;Chef;1;54;54;54
187;Calp;3;Alicante;113;Travel Agent;1;4;4;4
187;Calp;3;Alicante;119;Reservation Agent;1;52;52;52
187;Calp;3;Alicante;137;Dancer;1;16;16;16
187;Calp;3;Alicante;139;DJ;1;5;5;5
187;Calp;3;Alicante;151;Musician;1;17;17;17
187;Calp;3;Alicante;157;Singer;1;25;25;25
175;Benimantell;3;Alicante;494;Maintenance Technician;1;19;19;19
175;Benimantell;3;Alicante;669;Waiter;1;27;27;27
187;Calp;3;Alicante;6;Accounting Intern;1;14;14;14
168;Benidorm;3;Alicante;632;Bakery Attendant;1;6;6;6
168;Benidorm;3;Alicante;758;Helpdesk Supervisor;1;11;11;11
168;Benidorm;3;Alicante;692;Lifesaver;1;16;16;16
187;Calp;3;Alicante;600;Revenue Agent;1;13;13;13
187;Calp;3;Alicante;608;Human Resources Assistant;1;11;11;11
198;Crevillent;3;Alicante;254;Sous Chef;1;96;96;96
198;Crevillent;3;Alicante;257;Chef de Partie;1;0;0;0
198;Crevillent;3;Alicante;652;Head Waiter;1;28;28;28
187;Calp;3;Alicante;653;Host/Hostess;1;17;17;17
187;Calp;3;Alicante;661;Restaurant Manager;1;5;5;5
187;Calp;3;Alicante;669;Waiter;1;63;63;63
187;Calp;3;Alicante;680;Body Treatment Specialist;1;30;30;30
187;Calp;3;Alicante;715;Spa Therapist;1;12;12;12
188;Campello, el;3;Alicante;47;Chief Operations Officer (COO);1;62;62;62
188;Campello, el;3;Alicante;552;Chambermaid;1;94;94;94
194;Catral;3;Alicante;254;Sous Chef;1;29;29;29
203;Elche/Elx;3;Alicante;113;Travel Agent;1;37;37;37
203;Elche/Elx;3;Alicante;286;Rental Sales Consultant;1;9;9;9
203;Elche/Elx;3;Alicante;460;Airport Guide;1;0;0;0
203;Elche/Elx;3;Alicante;591;Receptionist;1;142;142;142
203;Elche/Elx;3;Alicante;600;Revenue Agent;1;5;5;5
203;Elche/Elx;3;Alicante;661;Restaurant Manager;1;10;10;10
203;Elche/Elx;3;Alicante;733;IT Helpdesk Analyst;1;2;2;2
214;Guardamar del Segura;3;Alicante;221;Cook;1;46;46;46
218;Jávea/Xàbia;3;Alicante;221;Cook;1;24;24;24
218;Jávea/Xàbia;3;Alicante;243;Kitchen Assistant;1;65;65;65
218;Jávea/Xàbia;3;Alicante;425;Event Promoter;1;5;5;5
218;Jávea/Xàbia;3;Alicante;492;Maintenance Assistant;1;24;24;24
203;Elche/Elx;3;Alicante;42;Casino Manager;1;4;4;4
201;Dénia;3;Alicante;584;Hotel Receptionist;1;60;60;60
201;Dénia;3;Alicante;587;Night Auditor;1;41;41;41
187;Calp;3;Alicante;248;Pastry Chef;1;30;30;30
201;Dénia;3;Alicante;243;Kitchen Assistant;1;47;47;47
156;Altea;3;Alicante;725;Security Guard;1;2;2;2
167;Benidoleig;3;Alicante;669;Waiter;1;20;20;20
168;Benidorm;3;Alicante;8;Accounting Technician;1;4;4;4
168;Benidorm;3;Alicante;29;Administrative Manager;1;20;20;20
168;Benidorm;3;Alicante;49;Revenue Manager;1;12;12;12
168;Benidorm;3;Alicante;80;Hotel Manager;1;97;97;97
168;Benidorm;3;Alicante;89;Valet Parking;1;35;35;35
156;Altea;3;Alicante;701;Personal Trainer;1;4;4;4
156;Altea;3;Alicante;707;Sauna Assistant;1;6;6;6
168;Benidorm;3;Alicante;122;Activities Assistant;1;6;6;6
168;Benidorm;3;Alicante;166;Customer Service Agent;1;19;19;19
168;Benidorm;3;Alicante;167;Customer Service Assistant;1;6;6;6
168;Benidorm;3;Alicante;159;Tourist Animator;1;72;72;72
168;Benidorm;3;Alicante;171;Customer Service Specialist;1;18;18;18
168;Benidorm;3;Alicante;182;Service Manager;1;12;12;12
168;Benidorm;3;Alicante;192;Call Center Agent;1;25;25;25
168;Benidorm;3;Alicante;195;Call Center Manager;1;13;13;13
168;Benidorm;3;Alicante;199;Customer Service Technician;1;7;7;7
168;Benidorm;3;Alicante;207;Quality Technician;1;18;18;18
168;Benidorm;3;Alicante;213;Event Chef;1;13;13;13
168;Benidorm;3;Alicante;229;Fast Food Cook;1;29;29;29
168;Benidorm;3;Alicante;267;Commercial Manager;1;36;36;36
168;Benidorm;3;Alicante;269;Food service salesperson;1;32;32;32
168;Benidorm;3;Alicante;284;Regional Sales Manager;1;22;22;22
168;Benidorm;3;Alicante;314;Salesperson Call Center;1;23;23;23
168;Benidorm;3;Alicante;333;Purchasing and Warehouse Manager;1;28;28;28
168;Benidorm;3;Alicante;345;Supply Department Assistant;1;30;30;30
168;Benidorm;3;Alicante;346;Supply Department Manager;1;46;46;46
168;Benidorm;3;Alicante;489;Maintenance Manager;1;48;48;48
168;Benidorm;3;Alicante;482;Electrical Maintenance Technician;1;19;19;19
168;Benidorm;3;Alicante;485;Facilities Assistant;1;36;36;36
168;Benidorm;3;Alicante;493;Maintenance Officer;1;16;16;16
168;Benidorm;3;Alicante;495;Mason;1;19;19;19
168;Benidorm;3;Alicante;501;Technical Services Officer;1;22;22;22
168;Benidorm;3;Alicante;502;Technical Services Specialist;1;20;20;20
168;Benidorm;3;Alicante;505;Car Washer;1;32;32;32
168;Benidorm;3;Alicante;530;Marketing Assistant;1;33;33;33
168;Benidorm;3;Alicante;577;Concierge;1;13;13;13
168;Benidorm;3;Alicante;563;Ironing Staff;1;22;22;22
168;Benidorm;3;Alicante;570;Assistant Head of Reception;1;58;58;58
882;Barcelona;8;Barcelona;175;Customer Support Manager;1;24;24;24
882;Barcelona;8;Barcelona;179;GEX - Guest Experience Director;1;33;33;33
882;Barcelona;8;Barcelona;182;Service Manager;1;22;22;22
882;Barcelona;8;Barcelona;191;Customer Success Specialist;1;4;4;4
882;Barcelona;8;Barcelona;143;Events Manager;1;73;73;73
882;Barcelona;8;Barcelona;150;Multifunctional Animator;1;44;44;44
882;Barcelona;8;Barcelona;155;Puppeteer;1;3;3;3
882;Barcelona;8;Barcelona;156;Salsa Dancer;1;0;0;0
882;Barcelona;8;Barcelona;168;Customer Service Coordinator;1;91;91;91
882;Barcelona;8;Barcelona;207;Quality Technician;1;10;10;10
882;Barcelona;8;Barcelona;209;Baker Chef;1;17;17;17
882;Barcelona;8;Barcelona;211;Bakery Manager;1;68;68;68
882;Barcelona;8;Barcelona;198;Call Center Technician;1;2;2;2
882;Barcelona;8;Barcelona;217;Charcuterie Chef;1;21;21;21
882;Barcelona;8;Barcelona;242;Sushiman;1;15;15;15
882;Barcelona;8;Barcelona;118;Cruise Sales Agent;1;73;73;73
882;Barcelona;8;Barcelona;129;Bachata Dancer;1;1;1;1
882;Barcelona;8;Barcelona;139;DJ;1;18;18;18
882;Barcelona;8;Barcelona;141;Entertainment Manager;1;123;123;123
882;Barcelona;8;Barcelona;99;Theme Park Staff;1;17;17;17
882;Barcelona;8;Barcelona;102;Business Intelligence Specialist;1;28;28;28
882;Barcelona;8;Barcelona;106;Custom Travel Agent;1;153;153;153
882;Barcelona;8;Barcelona;93;Regional Director;1;15;15;15
882;Barcelona;8;Barcelona;94;Regional Manager;1;28;28;28
882;Barcelona;8;Barcelona;70;Franchise Director;1;12;12;12
882;Barcelona;8;Barcelona;57;Controller Assistant;1;13;13;13
882;Barcelona;8;Barcelona;53;Collector;1;0;0;0
854;Santanyí;7;Islas Baleares;652;Head Waiter;1;34;34;34
854;Santanyí;7;Islas Baleares;664;Restaurant Section Head;1;11;11;11
854;Santanyí;7;Islas Baleares;711;Spa Assistant;1;10;10;10
854;Santanyí;7;Islas Baleares;715;Spa Therapist;1;70;70;70
856;Sencelles;7;Islas Baleares;143;Events Manager;1;24;24;24
858;Sóller;7;Islas Baleares;668;Waiter Assistant;1;11;11;11
858;Sóller;7;Islas Baleares;647;Food and Beverage Assistant;1;22;22;22
858;Sóller;7;Islas Baleares;650;Food and Beverage Manager;1;38;38;38
858;Sóller;7;Islas Baleares;200;Customer Support Technician;1;11;11;11
858;Sóller;7;Islas Baleares;221;Cook;1;0;0;0
858;Sóller;7;Islas Baleares;504;Painter;1;0;0;0
858;Sóller;7;Islas Baleares;589;Night Receptionist;1;20;20;20
859;Son Servera;7;Islas Baleares;664;Restaurant Section Head;1;26;26;26
860;Valldemossa;7;Islas Baleares;79;Hotel Director;1;71;71;71
860;Valldemossa;7;Islas Baleares;218;Chef;1;73;73;73
858;Sóller;7;Islas Baleares;741;Head of Information Technology;1;0;0;0
858;Sóller;7;Islas Baleares;753;Head of Technical Services;1;31;31;31
859;Son Servera;7;Islas Baleares;221;Cook;1;84;84;84
859;Son Servera;7;Islas Baleares;257;Chef de Partie;1;82;82;82
859;Son Servera;7;Islas Baleares;552;Chambermaid;1;147;147;147
859;Son Servera;7;Islas Baleares;557;Executive Housekeeper;1;60;60;60
864;Aiguafreda;8;Barcelona;113;Travel Agent;1;249;249;249
865;Alella;8;Barcelona;293;Sales Agent;1;1;1;1
865;Alella;8;Barcelona;590;Reception Assistant;1;39;39;39
868;Arenys de Mar;8;Barcelona;669;Waiter;1;23;23;23
859;Son Servera;7;Islas Baleares;634;Bar Manager;1;44;44;44
860;Valldemossa;7;Islas Baleares;591;Receptionist;1;116;116;116
881;Barberà del Vallès;8;Barcelona;221;Cook;1;34;34;34
881;Barberà del Vallès;8;Barcelona;550;Assistant Hotel Manager;1;54;54;54
882;Barcelona;8;Barcelona;4;Personal Assistant;1;22;22;22
876;Badalona;8;Barcelona;132;Clown;1;0;0;0
876;Badalona;8;Barcelona;145;Juggler;1;2;2;2
876;Badalona;8;Barcelona;630;Assistant Head Waiter;1;6;6;6
876;Badalona;8;Barcelona;226;Dishwasher;1;154;154;154
876;Badalona;8;Barcelona;243;Kitchen Assistant;1;105;105;105
876;Badalona;8;Barcelona;254;Sous Chef;1;68;68;68
876;Badalona;8;Barcelona;492;Maintenance Assistant;1;65;65;65
876;Badalona;8;Barcelona;552;Chambermaid;1;146;146;146
882;Barcelona;8;Barcelona;31;Amusement Park Manager;1;15;15;15
882;Barcelona;8;Barcelona;43;Casino Staff;1;12;12;12
882;Barcelona;8;Barcelona;29;Administrative Manager;1;4;4;4
882;Barcelona;8;Barcelona;13;Accounts Payable Executive;1;18;18;18
882;Barcelona;8;Barcelona;22;Accounts Receivable Technician;1;13;13;13
851;Santa Eulària des Riu;7;Islas Baleares;630;Assistant Head Waiter;1;11;11;11
851;Santa Eulària des Riu;7;Islas Baleares;634;Bar Manager;1;16;16;16
851;Santa Eulària des Riu;7;Islas Baleares;637;Barista;1;15;15;15
851;Santa Eulària des Riu;7;Islas Baleares;612;Human Resources Director;1;17;17;17
851;Santa Eulària des Riu;7;Islas Baleares;570;Assistant Head of Reception;1;43;43;43
851;Santa Eulària des Riu;7;Islas Baleares;437;Groups & Events Manager;1;53;53;53
851;Santa Eulària des Riu;7;Islas Baleares;482;Electrical Maintenance Technician;1;15;15;15
851;Santa Eulària des Riu;7;Islas Baleares;557;Executive Housekeeper;1;24;24;24
851;Santa Eulària des Riu;7;Islas Baleares;713;Spa Manager;1;34;34;34
852;Santa Margalida;7;Islas Baleares;221;Cook;1;80;80;80
854;Santanyí;7;Islas Baleares;489;Maintenance Manager;1;35;35;35
854;Santanyí;7;Islas Baleares;96;Supply Chain Manager;1;40;40;40
854;Santanyí;7;Islas Baleares;589;Night Receptionist;1;26;26;26
854;Santanyí;7;Islas Baleares;591;Receptionist;1;77;77;77
854;Santanyí;7;Islas Baleares;630;Assistant Head Waiter;1;25;25;25
854;Santanyí;7;Islas Baleares;572;Bellboy;1;33;33;33
854;Santanyí;7;Islas Baleares;577;Concierge;1;37;37;37
851;Santa Eulària des Riu;7;Islas Baleares;79;Hotel Director;1;17;17;17
851;Santa Eulària des Riu;7;Islas Baleares;80;Hotel Manager;1;19;19;19
851;Santa Eulària des Riu;7;Islas Baleares;100;Warehouse Manager;1;42;42;42
851;Santa Eulària des Riu;7;Islas Baleares;46;Chief Financial Officer (CFO);1;11;11;11
851;Santa Eulària des Riu;7;Islas Baleares;49;Revenue Manager;1;23;23;23
851;Santa Eulària des Riu;7;Islas Baleares;55;Controller;1;13;13;13
849;Sant Lluís;7;Islas Baleares;221;Cook;1;28;28;28
849;Sant Lluís;7;Islas Baleares;243;Kitchen Assistant;1;33;33;33
849;Sant Lluís;7;Islas Baleares;254;Sous Chef;1;19;19;19
849;Sant Lluís;7;Islas Baleares;346;Supply Department Manager;1;31;31;31
849;Sant Lluís;7;Islas Baleares;584;Hotel Receptionist;1;160;160;160
849;Sant Lluís;7;Islas Baleares;590;Reception Assistant;1;37;37;37
847;Sant Josep de sa Talaia;7;Islas Baleares;778;Car Driver;1;7;7;7
848;Sant Llorenç des Cardassar;7;Islas Baleares;565;Laundry Manager;1;36;36;36
851;Santa Eulària des Riu;7;Islas Baleares;251;Pizzaiolo;1;56;56;56
851;Santa Eulària des Riu;7;Islas Baleares;254;Sous Chef;1;51;51;51
851;Santa Eulària des Riu;7;Islas Baleares;275;Marketing and Sales Manager;1;33;33;33
851;Santa Eulària des Riu;7;Islas Baleares;177;GEX - Guest Experience Assistant;1;4;4;4
847;Sant Josep de sa Talaia;7;Islas Baleares;650;Food and Beverage Manager;1;73;73;73
851;Santa Eulària des Riu;7;Islas Baleares;200;Customer Support Technician;1;12;12;12
851;Santa Eulària des Riu;7;Islas Baleares;493;Maintenance Officer;1;10;10;10
851;Santa Eulària des Riu;7;Islas Baleares;498;Swimming Pool Maintenance;1;18;18;18
851;Santa Eulària des Riu;7;Islas Baleares;532;Marketing Director;1;39;39;39
851;Santa Eulària des Riu;7;Islas Baleares;538;Public Relations Assistant;1;113;113;113
837;Palma de Mallorca;7;Islas Baleares;763;Business Intelligence Analyst;1;6;6;6
837;Palma de Mallorca;7;Islas Baleares;798;Onboard Casino Host;1;14;14;14
837;Palma de Mallorca;7;Islas Baleares;803;Second Officer;1;11;11;11
837;Palma de Mallorca;7;Islas Baleares;804;Ship Captain;1;7;7;7
837;Palma de Mallorca;7;Islas Baleares;813;Van Driver;1;98;98;98
839;Pobla, Sa;7;Islas Baleares;23;Administrative;1;26;26;26
837;Palma de Mallorca;7;Islas Baleares;697;Masseur;1;35;35;35
837;Palma de Mallorca;7;Islas Baleares;714;Spa Receptionist;1;96;96;96
837;Palma de Mallorca;7;Islas Baleares;756;IT Manager Project;1;9;9;9
837;Palma de Mallorca;7;Islas Baleares;757;Information Technology Manager;1;22;22;22
837;Palma de Mallorca;7;Islas Baleares;665;Sommelier;1;19;19;19
837;Palma de Mallorca;7;Islas Baleares;687;First aid attendant;1;72;72;72
837;Palma de Mallorca;7;Islas Baleares;726;Watchman;1;30;30;30
837;Palma de Mallorca;7;Islas Baleares;733;IT Helpdesk Analyst;1;4;4;4
837;Palma de Mallorca;7;Islas Baleares;736;Chief Technology Officer (CTO);1;5;5;5
837;Palma de Mallorca;7;Islas Baleares;745;Software Developer;1;8;8;8
837;Palma de Mallorca;7;Islas Baleares;746;Web Developer;1;12;12;12
837;Palma de Mallorca;7;Islas Baleares;749;Digital Strategy Specialist;1;28;28;28
837;Palma de Mallorca;7;Islas Baleares;753;Head of Technical Services;1;21;21;21
837;Palma de Mallorca;7;Islas Baleares;647;Food and Beverage Assistant;1;2;2;2
837;Palma de Mallorca;7;Islas Baleares;655;Ice Cream Shop Manager;1;30;30;30
837;Palma de Mallorca;7;Islas Baleares;657;Bartender;1;127;127;127
847;Sant Josep de sa Talaia;7;Islas Baleares;446;MICE Manager;1;11;11;11
847;Sant Josep de sa Talaia;7;Islas Baleares;494;Maintenance Technician;1;18;18;18
847;Sant Josep de sa Talaia;7;Islas Baleares;530;Marketing Assistant;1;1;1;1
847;Sant Josep de sa Talaia;7;Islas Baleares;550;Assistant Hotel Manager;1;29;29;29
847;Sant Josep de sa Talaia;7;Islas Baleares;171;Customer Service Specialist;1;0;0;0
840;Pollença;7;Islas Baleares;584;Hotel Receptionist;1;111;111;111
847;Sant Josep de sa Talaia;7;Islas Baleares;561;Housekeeping Staff;1;32;32;32
847;Sant Josep de sa Talaia;7;Islas Baleares;564;Laundry Attendant;1;44;44;44
847;Sant Josep de sa Talaia;7;Islas Baleares;565;Laundry Manager;1;15;15;15
847;Sant Josep de sa Talaia;7;Islas Baleares;570;Assistant Head of Reception;1;46;46;46
847;Sant Josep de sa Talaia;7;Islas Baleares;577;Concierge;1;40;40;40
847;Sant Josep de sa Talaia;7;Islas Baleares;584;Hotel Receptionist;1;114;114;114
847;Sant Josep de sa Talaia;7;Islas Baleares;587;Night Auditor;1;66;66;66
847;Sant Josep de sa Talaia;7;Islas Baleares;243;Kitchen Assistant;1;162;162;162
847;Sant Josep de sa Talaia;7;Islas Baleares;254;Sous Chef;1;5;5;5
843;Salines, Ses;7;Islas Baleares;492;Maintenance Assistant;1;15;15;15
846;Sant Joan de Labritja;7;Islas Baleares;415;Conference & Events Trainee;1;15;15;15
846;Sant Joan de Labritja;7;Islas Baleares;572;Bellboy;1;200;200;200
846;Sant Joan de Labritja;7;Islas Baleares;711;Spa Assistant;1;25;25;25
847;Sant Josep de sa Talaia;7;Islas Baleares;6;Accounting Intern;1;0;0;0
847;Sant Josep de sa Talaia;7;Islas Baleares;72;Franchise Supervisor;1;0;0;0
847;Sant Josep de sa Talaia;7;Islas Baleares;163;Fitness Animator;1;41;41;41
840;Pollença;7;Islas Baleares;552;Chambermaid;1;161;161;161
839;Pobla, Sa;7;Islas Baleares;577;Concierge;1;70;70;70
839;Pobla, Sa;7;Islas Baleares;591;Receptionist;1;184;184;184
815;Ibiza;7;Islas Baleares;690;Holistic Therapist;1;0;0;0
815;Ibiza;7;Islas Baleares;692;Lifesaver;1;12;12;12
815;Ibiza;7;Islas Baleares;707;Sauna Assistant;1;47;47;47
815;Ibiza;7;Islas Baleares;634;Bar Manager;1;26;26;26
815;Ibiza;7;Islas Baleares;613;Human Resources Manager;1;13;13;13
815;Ibiza;7;Islas Baleares;601;Senior Reservations Agent;1;3;3;3
815;Ibiza;7;Islas Baleares;605;Employee Relations Specialist;1;33;33;33
815;Ibiza;7;Islas Baleares;608;Human Resources Assistant;1;10;10;10
815;Ibiza;7;Islas Baleares;609;Human Resources Business Partner;1;26;26;26
820;Ferreries;7;Islas Baleares;652;Head Waiter;1;25;25;25
820;Ferreries;7;Islas Baleares;664;Restaurant Section Head;1;21;21;21
820;Ferreries;7;Islas Baleares;669;Waiter;1;81;81;81
820;Ferreries;7;Islas Baleares;715;Spa Therapist;1;34;34;34
821;Formentera;7;Islas Baleares;23;Administrative;1;18;18;18
821;Formentera;7;Islas Baleares;38;Budgeting Manager;1;13;13;13
821;Formentera;7;Islas Baleares;168;Customer Service Coordinator;1;12;12;12
821;Formentera;7;Islas Baleares;177;GEX - Guest Experience Assistant;1;37;37;37
815;Ibiza;7;Islas Baleares;731;Pool Attendant;1;92;92;92
815;Ibiza;7;Islas Baleares;733;IT Helpdesk Analyst;1;4;4;4
815;Ibiza;7;Islas Baleares;755;IT Manager;1;8;8;8
815;Ibiza;7;Islas Baleares;761;Technical Services Assistant;1;9;9;9
815;Ibiza;7;Islas Baleares;796;Rider;1;39;39;39
815;Ibiza;7;Islas Baleares;807;Shore Excursion Coordinator;1;15;15;15
819;Felanitx;7;Islas Baleares;221;Cook;1;17;17;17
819;Felanitx;7;Islas Baleares;243;Kitchen Assistant;1;64;64;64
819;Felanitx;7;Islas Baleares;257;Chef de Partie;1;17;17;17
819;Felanitx;7;Islas Baleares;552;Chambermaid;1;96;96;96
819;Felanitx;7;Islas Baleares;564;Laundry Attendant;1;41;41;41
815;Ibiza;7;Islas Baleares;718;Wellness Advisor;1;21;21;21
820;Ferreries;7;Islas Baleares;572;Bellboy;1;40;40;40
821;Formentera;7;Islas Baleares;492;Maintenance Assistant;1;17;17;17
821;Formentera;7;Islas Baleares;494;Maintenance Technician;1;36;36;36
821;Formentera;7;Islas Baleares;551;Assistant Executive Housekeeper;1;19;19;19
821;Formentera;7;Islas Baleares;293;Sales Agent;1;14;14;14
821;Formentera;7;Islas Baleares;481;Electrical Maintenance Crew Chief;1;16;16;16
830;Maó-Mahón;7;Islas Baleares;141;Entertainment Manager;1;8;8;8
830;Maó-Mahón;7;Islas Baleares;657;Bartender;1;167;167;167
833;Mercadal, Es;7;Islas Baleares;613;Human Resources Manager;1;5;5;5
833;Mercadal, Es;7;Islas Baleares;647;Food and Beverage Assistant;1;31;31;31
834;Es Migjorn Gran;7;Islas Baleares;80;Hotel Manager;1;125;125;125
834;Es Migjorn Gran;7;Islas Baleares;221;Cook;1;137;137;137
834;Es Migjorn Gran;7;Islas Baleares;494;Maintenance Technician;1;87;87;87
834;Es Migjorn Gran;7;Islas Baleares;652;Head Waiter;1;108;108;108
835;Montuïri;7;Islas Baleares;232;Garde Manger Chef;1;20;20;20
835;Montuïri;7;Islas Baleares;254;Sous Chef;1;26;26;26
835;Montuïri;7;Islas Baleares;570;Assistant Head of Reception;1;25;25;25
835;Montuïri;7;Islas Baleares;587;Night Auditor;1;29;29;29
828;Manacor;7;Islas Baleares;489;Maintenance Manager;1;10;10;10
828;Manacor;7;Islas Baleares;494;Maintenance Technician;1;27;27;27
827;Llucmajor;7;Islas Baleares;690;Holistic Therapist;1;17;17;17
827;Llucmajor;7;Islas Baleares;711;Spa Assistant;1;31;31;31
827;Llucmajor;7;Islas Baleares;714;Spa Receptionist;1;24;24;24
828;Manacor;7;Islas Baleares;657;Bartender;1;41;41;41
828;Manacor;7;Islas Baleares;664;Restaurant Section Head;1;26;26;26
828;Manacor;7;Islas Baleares;561;Housekeeping Staff;1;0;0;0
830;Maó-Mahón;7;Islas Baleares;286;Rental Sales Consultant;1;10;10;10
830;Maó-Mahón;7;Islas Baleares;591;Receptionist;1;70;70;70
830;Maó-Mahón;7;Islas Baleares;634;Bar Manager;1;9;9;9
827;Llucmajor;7;Islas Baleares;266;Commercial and Marketing Manager;1;20;20;20
827;Llucmajor;7;Islas Baleares;396;Sommelier Consultant;1;21;21;21
827;Llucmajor;7;Islas Baleares;482;Electrical Maintenance Technician;1;26;26;26
827;Llucmajor;7;Islas Baleares;484;Facilities Manager;1;11;11;11
827;Llucmajor;7;Islas Baleares;561;Housekeeping Staff;1;23;23;23
827;Llucmajor;7;Islas Baleares;564;Laundry Attendant;1;20;20;20
827;Llucmajor;7;Islas Baleares;591;Receptionist;1;66;66;66
827;Llucmajor;7;Islas Baleares;589;Night Receptionist;1;18;18;18
827;Llucmajor;7;Islas Baleares;652;Head Waiter;1;23;23;23
827;Llucmajor;7;Islas Baleares;665;Sommelier;1;8;8;8
822;Fornalutx;7;Islas Baleares;221;Cook;1;38;38;38
823;Inca;7;Islas Baleares;23;Administrative;1;4;4;4
823;Inca;7;Islas Baleares;200;Customer Support Technician;1;11;11;11
823;Inca;7;Islas Baleares;221;Cook;1;14;14;14
823;Inca;7;Islas Baleares;257;Chef de Partie;1;13;13;13
823;Inca;7;Islas Baleares;267;Commercial Manager;1;9;9;9
827;Llucmajor;7;Islas Baleares;79;Hotel Director;1;152;152;152
827;Llucmajor;7;Islas Baleares;167;Customer Service Assistant;1;21;21;21
827;Llucmajor;7;Islas Baleares;180;GEX - Guest Experience Manager;1;27;27;27
827;Llucmajor;7;Islas Baleares;181;GEX - Guest Experience Coordinator;1;73;73;73
827;Llucmajor;7;Islas Baleares;218;Chef;1;27;27;27
827;Llucmajor;7;Islas Baleares;243;Kitchen Assistant;1;0;0;0
827;Llucmajor;7;Islas Baleares;248;Pastry Chef;1;34;34;34
821;Formentera;7;Islas Baleares;669;Waiter;1;93;93;93
821;Formentera;7;Islas Baleares;652;Head Waiter;1;48;48;48
837;Palma de Mallorca;7;Islas Baleares;242;Sushiman;1;23;23;23
837;Palma de Mallorca;7;Islas Baleares;220;Commis Chef;1;44;44;44
837;Palma de Mallorca;7;Islas Baleares;277;MICE Sales Manager;1;18;18;18
837;Palma de Mallorca;7;Islas Baleares;287;Rental Sales Manager;1;48;48;48
837;Palma de Mallorca;7;Islas Baleares;262;Area Sales Manager;1;11;11;11
837;Palma de Mallorca;7;Islas Baleares;167;Customer Service Assistant;1;7;7;7
837;Palma de Mallorca;7;Islas Baleares;169;Customer Service Director;1;19;19;19
837;Palma de Mallorca;7;Islas Baleares;171;Customer Service Specialist;1;28;28;28
837;Palma de Mallorca;7;Islas Baleares;172;Customer Support Assistant;1;21;21;21
837;Palma de Mallorca;7;Islas Baleares;177;GEX - Guest Experience Assistant;1;0;0;0
837;Palma de Mallorca;7;Islas Baleares;181;GEX - Guest Experience Coordinator;1;136;136;136
837;Palma de Mallorca;7;Islas Baleares;198;Call Center Technician;1;24;24;24
837;Palma de Mallorca;7;Islas Baleares;112;Travel Agency Manager;1;13;13;13
837;Palma de Mallorca;7;Islas Baleares;113;Travel Agent;1;21;21;21
837;Palma de Mallorca;7;Islas Baleares;53;Collector;1;7;7;7
837;Palma de Mallorca;7;Islas Baleares;131;Choreographer;1;26;26;26
837;Palma de Mallorca;7;Islas Baleares;40;Budgeting Specialist;1;78;78;78
837;Palma de Mallorca;7;Islas Baleares;44;Casino Host;1;20;20;20
837;Palma de Mallorca;7;Islas Baleares;45;Chief Executive Officer (CEO);1;10;10;10
837;Palma de Mallorca;7;Islas Baleares;48;Operations Manager;1;0;0;0
837;Palma de Mallorca;7;Islas Baleares;27;Administrative Director;1;18;18;18
837;Palma de Mallorca;7;Islas Baleares;93;Regional Director;1;16;16;16
837;Palma de Mallorca;7;Islas Baleares;100;Warehouse Manager;1;28;28;28
837;Palma de Mallorca;7;Islas Baleares;104;Data Analytics Specialist;1;4;4;4
837;Palma de Mallorca;7;Islas Baleares;61;Finance Manager;1;36;36;36
837;Palma de Mallorca;7;Islas Baleares;80;Hotel Manager;1;10;10;10
837;Palma de Mallorca;7;Islas Baleares;30;Administrative Technician;1;0;0;0
837;Palma de Mallorca;7;Islas Baleares;31;Amusement Park Manager;1;27;27;27
837;Palma de Mallorca;7;Islas Baleares;32;Amusement Park Staff;1;15;15;15
837;Palma de Mallorca;7;Islas Baleares;33;Billing Assistant;1;90;90;90
837;Palma de Mallorca;7;Islas Baleares;18;Accounts Receivable Executive;1;29;29;29
837;Palma de Mallorca;7;Islas Baleares;6;Accounting Intern;1;0;0;0
835;Montuïri;7;Islas Baleares;669;Waiter;1;112;112;112
836;Muro;7;Islas Baleares;23;Administrative;1;13;13;13
836;Muro;7;Islas Baleares;218;Chef;1;69;69;69
836;Muro;7;Islas Baleares;221;Cook;1;95;95;95
836;Muro;7;Islas Baleares;254;Sous Chef;1;40;40;40
836;Muro;7;Islas Baleares;257;Chef de Partie;1;42;42;42
837;Palma de Mallorca;7;Islas Baleares;570;Assistant Head of Reception;1;121;121;121
837;Palma de Mallorca;7;Islas Baleares;538;Public Relations Assistant;1;3;3;3
837;Palma de Mallorca;7;Islas Baleares;541;Public Relations Specialist;1;31;31;31
837;Palma de Mallorca;7;Islas Baleares;544;Social Media Manager;1;31;31;31
837;Palma de Mallorca;7;Islas Baleares;545;Social Media Specialist;1;4;4;4
837;Palma de Mallorca;7;Islas Baleares;549;Web Designer;1;12;12;12
837;Palma de Mallorca;7;Islas Baleares;611;Human Resources Coordinator;1;35;35;35
837;Palma de Mallorca;7;Islas Baleares;614;Human Resources Specialist;1;2;2;2
837;Palma de Mallorca;7;Islas Baleares;600;Revenue Agent;1;9;9;9
837;Palma de Mallorca;7;Islas Baleares;603;HR and Talent Director;1;35;35;35
837;Palma de Mallorca;7;Islas Baleares;608;Human Resources Assistant;1;42;42;42
837;Palma de Mallorca;7;Islas Baleares;636;Barback;1;22;22;22
837;Palma de Mallorca;7;Islas Baleares;617;Learning and Talent Development Specialist;1;17;17;17
837;Palma de Mallorca;7;Islas Baleares;618;Occupational Risk Prevention Technician;1;0;0;0
837;Palma de Mallorca;7;Islas Baleares;622;Recruitment Consultant;1;7;7;7
837;Palma de Mallorca;7;Islas Baleares;628;Assistant Bar Manager;1;43;43;43
837;Palma de Mallorca;7;Islas Baleares;401;Tourist Management Consultant;1;1;1;1
837;Palma de Mallorca;7;Islas Baleares;335;Purchasing Coordinator;1;7;7;7
837;Palma de Mallorca;7;Islas Baleares;347;Warehouse Management Technician;1;16;16;16
837;Palma de Mallorca;7;Islas Baleares;351;Chef Instructor;1;6;6;6
837;Palma de Mallorca;7;Islas Baleares;352;Chinese (Mandarin) Teacher;1;2;2;2
837;Palma de Mallorca;7;Islas Baleares;370;Health and Wellness Consultant;1;4;4;4
837;Palma de Mallorca;7;Islas Baleares;387;Private Class Chef;1;51;51;51
837;Palma de Mallorca;7;Islas Baleares;306;Sales Operations Analyst;1;7;7;7
837;Palma de Mallorca;7;Islas Baleares;300;Sales Host;1;45;45;45
837;Palma de Mallorca;7;Islas Baleares;326;Hospitality Purchasing Manager;1;16;16;16
837;Palma de Mallorca;7;Islas Baleares;488;Gardening Assistant;1;22;22;22
837;Palma de Mallorca;7;Islas Baleares;436;Groups & Events Coordinator;1;22;22;22
837;Palma de Mallorca;7;Islas Baleares;438;Groups & Events Sales Manager;1;14;14;14
837;Palma de Mallorca;7;Islas Baleares;481;Electrical Maintenance Crew Chief;1;19;19;19
837;Palma de Mallorca;7;Islas Baleares;482;Electrical Maintenance Technician;1;3;3;3
837;Palma de Mallorca;7;Islas Baleares;483;Electrician;1;27;27;27
837;Palma de Mallorca;7;Islas Baleares;508;B2B Marketing Manager;1;10;10;10
837;Palma de Mallorca;7;Islas Baleares;501;Technical Services Officer;1;41;41;41
837;Palma de Mallorca;7;Islas Baleares;490;Air Conditioning Maintenance Technician;1;13;13;13
1013;Olesa de Montserrat;8;Barcelona;218;Chef;1;11;11;11
1022;Palafolls;8;Barcelona;200;Customer Support Technician;1;17;17;17
1022;Palafolls;8;Barcelona;494;Maintenance Technician;1;15;15;15
1022;Palafolls;8;Barcelona;564;Laundry Attendant;1;35;35;35
1022;Palafolls;8;Barcelona;733;IT Helpdesk Analyst;1;12;12;12
1022;Palafolls;8;Barcelona;736;Chief Technology Officer (CTO);1;3;3;3
1022;Palafolls;8;Barcelona;813;Van Driver;1;29;29;29
1027;Parets del Vallès;8;Barcelona;59;Business Development Director;1;2;2;2
1027;Parets del Vallès;8;Barcelona;561;Housekeeping Staff;1;13;13;13
987;Masquefa;8;Barcelona;652;Head Waiter;1;12;12;12
987;Masquefa;8;Barcelona;669;Waiter;1;91;91;91
989;Mataró;8;Barcelona;497;Building Repairer;1;9;9;9
989;Mataró;8;Barcelona;584;Hotel Receptionist;1;45;45;45
989;Mataró;8;Barcelona;591;Receptionist;1;65;65;65
989;Mataró;8;Barcelona;686;Esthetician;1;0;0;0
992;Molins de Rei;8;Barcelona;113;Travel Agent;1;34;34;34
1027;Parets del Vallès;8;Barcelona;618;Occupational Risk Prevention Technician;1;1;1;1
1027;Parets del Vallès;8;Barcelona;622;Recruitment Consultant;1;7;7;7
1029;Piera;8;Barcelona;221;Cook;1;28;28;28
1030;Pineda de Mar;8;Barcelona;26;Administrative Assistant;1;81;81;81
1030;Pineda de Mar;8;Barcelona;79;Hotel Director;1;108;108;108
1030;Pineda de Mar;8;Barcelona;244;Meat Cutter;1;30;30;30
1030;Pineda de Mar;8;Barcelona;390;Revenue Management Consultant;1;9;9;9
1030;Pineda de Mar;8;Barcelona;532;Marketing Director;1;42;42;42
1030;Pineda de Mar;8;Barcelona;552;Chambermaid;1;0;0;0
992;Molins de Rei;8;Barcelona;653;Host/Hostess;1;5;5;5
992;Molins de Rei;8;Barcelona;668;Waiter Assistant;1;111;111;111
993;Mollet del Vallès;8;Barcelona;167;Customer Service Assistant;1;36;36;36
1030;Pineda de Mar;8;Barcelona;589;Night Receptionist;1;51;51;51
1030;Pineda de Mar;8;Barcelona;642;Cocktail Bar Manager;1;47;47;47
963;Granollers;8;Barcelona;20;Accounts Receivable Manager;1;0;0;0
963;Granollers;8;Barcelona;88;Office Manager;1;0;0;0
963;Granollers;8;Barcelona;114;Travel Coordinator;1;24;24;24
963;Granollers;8;Barcelona;119;Reservation Agent;1;30;30;30
963;Granollers;8;Barcelona;165;Customer Service Advisor;1;0;0;0
963;Granollers;8;Barcelona;218;Chef;1;38;38;38
963;Granollers;8;Barcelona;221;Cook;1;40;40;40
963;Granollers;8;Barcelona;257;Chef de Partie;1;40;40;40
963;Granollers;8;Barcelona;552;Chambermaid;1;14;14;14
964;Gualba;8;Barcelona;668;Waiter Assistant;1;47;47;47
965;Guardiola de Berguedà;8;Barcelona;561;Housekeeping Staff;1;140;140;140
969;Igualada;8;Barcelona;494;Maintenance Technician;1;7;7;7
975;Llinars del Vallès;8;Barcelona;243;Kitchen Assistant;1;68;68;68
977;Malgrat de Mar;8;Barcelona;119;Reservation Agent;1;63;63;63
977;Malgrat de Mar;8;Barcelona;159;Tourist Animator;1;58;58;58
977;Malgrat de Mar;8;Barcelona;376;Hospitality Consultant;1;21;21;21
977;Malgrat de Mar;8;Barcelona;494;Maintenance Technician;1;29;29;29
977;Malgrat de Mar;8;Barcelona;584;Hotel Receptionist;1;81;81;81
977;Malgrat de Mar;8;Barcelona;661;Restaurant Manager;1;13;13;13
977;Malgrat de Mar;8;Barcelona;761;Technical Services Assistant;1;14;14;14
980;Manresa;8;Barcelona;7;Accounting Manager;1;0;0;0
980;Manresa;8;Barcelona;10;Accounts Manager;1;0;0;0
980;Manresa;8;Barcelona;165;Customer Service Advisor;1;0;0;0
963;Granollers;8;Barcelona;6;Accounting Intern;1;0;0;0
918;Castellbisbal;8;Barcelona;561;Housekeeping Staff;1;11;11;11
920;Castelldefels;8;Barcelona;226;Dishwasher;1;81;81;81
980;Manresa;8;Barcelona;168;Customer Service Coordinator;1;0;0;0
980;Manresa;8;Barcelona;669;Waiter;1;64;64;64
982;Martorell;8;Barcelona;221;Cook;1;25;25;25
898;Calella;8;Barcelona;79;Hotel Director;1;95;95;95
898;Calella;8;Barcelona;111;Travel Agencies Account Manager;1;30;30;30
885;Berga;8;Barcelona;221;Cook;1;15;15;15
898;Calella;8;Barcelona;226;Dishwasher;1;126;126;126
898;Calella;8;Barcelona;241;Italian Food Cook;1;22;22;22
898;Calella;8;Barcelona;254;Sous Chef;1;31;31;31
898;Calella;8;Barcelona;669;Waiter;1;8;8;8
903;Canet de Mar;8;Barcelona;591;Receptionist;1;67;67;67
909;Cardedeu;8;Barcelona;113;Travel Agent;1;38;38;38
910;Cardona;8;Barcelona;243;Kitchen Assistant;1;0;0;0
898;Calella;8;Barcelona;628;Assistant Bar Manager;1;42;42;42
898;Calella;8;Barcelona;652;Head Waiter;1;35;35;35
898;Calella;8;Barcelona;580;Front Office Manager;1;50;50;50
932;Cerdanyola del Vallès;8;Barcelona;487;Gardener;1;14;14;14
934;Collbató;8;Barcelona;221;Cook;1;20;20;20
934;Collbató;8;Barcelona;652;Head Waiter;1;16;16;16
938;Cornellà de Llobregat;8;Barcelona;8;Accounting Technician;1;18;18;18
938;Cornellà de Llobregat;8;Barcelona;113;Travel Agent;1;28;28;28
938;Cornellà de Llobregat;8;Barcelona;494;Maintenance Technician;1;70;70;70
938;Cornellà de Llobregat;8;Barcelona;496;Plumber;1;0;0;0
938;Cornellà de Llobregat;8;Barcelona;597;Intern in Reception;1;0;0;0
938;Cornellà de Llobregat;8;Barcelona;652;Head Waiter;1;70;70;70
938;Cornellà de Llobregat;8;Barcelona;668;Waiter Assistant;1;174;174;174
942;Esplugues de Llobregat;8;Barcelona;337;Purchasing Intern;1;1;1;1
942;Esplugues de Llobregat;8;Barcelona;533;Marketing Intern;1;18;18;18
920;Castelldefels;8;Barcelona;437;Groups & Events Manager;1;7;7;7
920;Castelldefels;8;Barcelona;564;Laundry Attendant;1;106;106;106
920;Castelldefels;8;Barcelona;591;Receptionist;1;60;60;60
882;Barcelona;8;Barcelona;762;Technologist brewing;1;18;18;18
882;Barcelona;8;Barcelona;773;Cabin Crew;1;0;0;0
882;Barcelona;8;Barcelona;719;Wellness Manager;1;118;118;118
882;Barcelona;8;Barcelona;732;Helpdesk Analyst;1;9;9;9
882;Barcelona;8;Barcelona;736;Chief Technology Officer (CTO);1;24;24;24
882;Barcelona;8;Barcelona;737;Chief Legal Officer (CLO);1;5;5;5
882;Barcelona;8;Barcelona;746;Web Developer;1;11;11;11
882;Barcelona;8;Barcelona;749;Digital Strategy Specialist;1;3;3;3
882;Barcelona;8;Barcelona;752;Digital Transformation Specialist;1;3;3;3
882;Barcelona;8;Barcelona;755;IT Manager;1;19;19;19
882;Barcelona;8;Barcelona;757;Information Technology Manager;1;16;16;16
882;Barcelona;8;Barcelona;759;Photographer;1;27;27;27
882;Barcelona;8;Barcelona;760;Product Development Manager;1;22;22;22
882;Barcelona;8;Barcelona;687;First aid attendant;1;10;10;10
882;Barcelona;8;Barcelona;688;Fitness Instructor;1;2;2;2
882;Barcelona;8;Barcelona;696;Massage Therapist;1;29;29;29
882;Barcelona;8;Barcelona;708;Sauna Technician;1;14;14;14
882;Barcelona;8;Barcelona;712;Spa Coordinator;1;16;16;16
882;Barcelona;8;Barcelona;678;Beautician;1;11;11;11
882;Barcelona;8;Barcelona;679;Beauty Consultant;1;0;0;0
882;Barcelona;8;Barcelona;664;Restaurant Section Head;1;4;4;4
882;Barcelona;8;Barcelona;654;Ice Cream Shop Attendant;1;16;16;16
882;Barcelona;8;Barcelona;605;Employee Relations Specialist;1;14;14;14
882;Barcelona;8;Barcelona;601;Senior Reservations Agent;1;37;37;37
882;Barcelona;8;Barcelona;609;Human Resources Business Partner;1;18;18;18
882;Barcelona;8;Barcelona;610;Human Resources Consultant;1;11;11;11
882;Barcelona;8;Barcelona;613;Human Resources Manager;1;29;29;29
882;Barcelona;8;Barcelona;614;Human Resources Specialist;1;10;10;10
882;Barcelona;8;Barcelona;623;Recruitment Specialist;1;22;22;22
882;Barcelona;8;Barcelona;618;Occupational Risk Prevention Technician;1;10;10;10
882;Barcelona;8;Barcelona;634;Bar Manager;1;29;29;29
882;Barcelona;8;Barcelona;640;Cashier;1;64;64;64
882;Barcelona;8;Barcelona;514;Copywriter;1;21;21;21
882;Barcelona;8;Barcelona;505;Car Washer;1;72;72;72
882;Barcelona;8;Barcelona;508;B2B Marketing Manager;1;7;7;7
882;Barcelona;8;Barcelona;509;B2B Marketing Specialist;1;16;16;16
882;Barcelona;8;Barcelona;523;eCommerce Specialist;1;32;32;32
882;Barcelona;8;Barcelona;534;Marketing Manager;1;28;28;28
882;Barcelona;8;Barcelona;538;Public Relations Assistant;1;0;0;0
882;Barcelona;8;Barcelona;541;Public Relations Specialist;1;4;4;4
882;Barcelona;8;Barcelona;543;SEO Specialist;1;14;14;14
882;Barcelona;8;Barcelona;565;Laundry Manager;1;28;28;28
882;Barcelona;8;Barcelona;266;Commercial and Marketing Manager;1;86;86;86
882;Barcelona;8;Barcelona;269;Food service salesperson;1;34;34;34
882;Barcelona;8;Barcelona;291;Sales & MICE Assistant;1;59;59;59
882;Barcelona;8;Barcelona;278;National Sales Executive;1;21;21;21
882;Barcelona;8;Barcelona;350;Chef Consultant;1;35;35;35
882;Barcelona;8;Barcelona;335;Purchasing Coordinator;1;31;31;31
882;Barcelona;8;Barcelona;338;Purchasing Manager;1;68;68;68
882;Barcelona;8;Barcelona;339;Purchasing Supervisor;1;45;45;45
882;Barcelona;8;Barcelona;300;Sales Host;1;65;65;65
882;Barcelona;8;Barcelona;324;Food Cost Analyst;1;16;16;16
882;Barcelona;8;Barcelona;328;Inventory and Stock Supervisor;1;66;66;66
882;Barcelona;8;Barcelona;332;Purchasing Agent;1;48;48;48
882;Barcelona;8;Barcelona;481;Electrical Maintenance Crew Chief;1;40;40;40
882;Barcelona;8;Barcelona;473;Tourism Agent;1;116;116;116
882;Barcelona;8;Barcelona;474;Tourist Information Guide;1;115;115;115
882;Barcelona;8;Barcelona;449;Project Manager for Events;1;18;18;18
882;Barcelona;8;Barcelona;467;Museum Guide;1;58;58;58
882;Barcelona;8;Barcelona;498;Swimming Pool Maintenance;1;17;17;17
882;Barcelona;8;Barcelona;412;Catering and Large Events Manager;1;34;34;34
882;Barcelona;8;Barcelona;376;Hospitality Consultant;1;3;3;3
882;Barcelona;8;Barcelona;390;Revenue Management Consultant;1;19;19;19
882;Barcelona;8;Barcelona;424;Event Planner;1;34;34;34
882;Barcelona;8;Barcelona;434;Events Staff;1;36;36;36
882;Barcelona;8;Barcelona;439;Groups and MICE Coordinator;1;3;3;3
882;Barcelona;8;Barcelona;441;Head Waiter for Catering & Events;1;27;27;27
882;Barcelona;8;Barcelona;443;Maitre in Charge of Room and Events;1;24;24;24
1127;Santa Susanna;8;Barcelona;254;Sous Chef;1;30;30;30
1127;Santa Susanna;8;Barcelona;257;Chef de Partie;1;27;27;27
1127;Santa Susanna;8;Barcelona;434;Events Staff;1;35;35;35
1127;Santa Susanna;8;Barcelona;119;Reservation Agent;1;51;51;51
1127;Santa Susanna;8;Barcelona;159;Tourist Animator;1;99;99;99
1127;Santa Susanna;8;Barcelona;192;Call Center Agent;1;25;25;25
1127;Santa Susanna;8;Barcelona;218;Chef;1;48;48;48
1127;Santa Susanna;8;Barcelona;23;Administrative;1;35;35;35
1069;Sant Cugat del Vallès;8;Barcelona;637;Barista;1;55;55;55
1074;Sant Feliu de Llobregat;8;Barcelona;221;Cook;1;64;64;64
1074;Sant Feliu de Llobregat;8;Barcelona;495;Mason;1;2;2;2
1074;Sant Feliu de Llobregat;8;Barcelona;591;Receptionist;1;43;43;43
1074;Sant Feliu de Llobregat;8;Barcelona;813;Van Driver;1;16;16;16
1082;Sant Joan Despí;8;Barcelona;218;Chef;1;63;63;63
1082;Sant Joan Despí;8;Barcelona;221;Cook;1;104;104;104
1085;Sant Just Desvern;8;Barcelona;226;Dishwasher;1;154;154;154
1085;Sant Just Desvern;8;Barcelona;420;Events and Banquets Director;1;38;38;38
1085;Sant Just Desvern;8;Barcelona;533;Marketing Intern;1;19;19;19
1085;Sant Just Desvern;8;Barcelona;552;Chambermaid;1;25;25;25
1085;Sant Just Desvern;8;Barcelona;584;Hotel Receptionist;1;42;42;42
1085;Sant Just Desvern;8;Barcelona;661;Restaurant Manager;1;16;16;16
1102;Sant Quirze del Vallès;8;Barcelona;248;Pastry Chef;1;29;29;29
1102;Sant Quirze del Vallès;8;Barcelona;669;Waiter;1;3;3;3
1124;Santa Maria de Palautordera;8;Barcelona;561;Housekeeping Staff;1;12;12;12
1126;Santa Perpètua de Mogoda;8;Barcelona;561;Housekeeping Staff;1;14;14;14
1054;Sabadell;8;Barcelona;505;Car Washer;1;13;13;13
1054;Sabadell;8;Barcelona;552;Chambermaid;1;87;87;87
1054;Sabadell;8;Barcelona;580;Front Office Manager;1;53;53;53
1054;Sabadell;8;Barcelona;584;Hotel Receptionist;1;25;25;25
1054;Sabadell;8;Barcelona;591;Receptionist;1;91;91;91
1054;Sabadell;8;Barcelona;608;Human Resources Assistant;1;18;18;18
1054;Sabadell;8;Barcelona;645;Coffee Shop Manager;1;55;55;55
1054;Sabadell;8;Barcelona;661;Restaurant Manager;1;33;33;33
1054;Sabadell;8;Barcelona;28;Administrative Intern;1;0;0;0
1054;Sabadell;8;Barcelona;29;Administrative Manager;1;0;0;0
1054;Sabadell;8;Barcelona;71;Franchise Manager;1;0;0;0
1054;Sabadell;8;Barcelona;79;Hotel Director;1;108;108;108
1054;Sabadell;8;Barcelona;221;Cook;1;63;63;63
1054;Sabadell;8;Barcelona;243;Kitchen Assistant;1;48;48;48
1034;Polinyà;8;Barcelona;594;Recruitment Director;1;4;4;4
1049;Roca del Vallès, La;8;Barcelona;221;Cook;1;10;10;10
1049;Roca del Vallès, La;8;Barcelona;243;Kitchen Assistant;1;0;0;0
1049;Roca del Vallès, La;8;Barcelona;668;Waiter Assistant;1;4;4;4
1049;Roca del Vallès, La;8;Barcelona;669;Waiter;1;52;52;52
1051;Rubí;8;Barcelona;503;Warehouse Stock Handler;1;39;39;39
1056;Saldes;8;Barcelona;591;Receptionist;1;49;49;49
1060;Sant Andreu de la Barca;8;Barcelona;23;Administrative;1;81;81;81
1060;Sant Andreu de la Barca;8;Barcelona;257;Chef de Partie;1;49;49;49
1051;Rubí;8;Barcelona;591;Receptionist;1;49;49;49
1054;Sabadell;8;Barcelona;7;Accounting Manager;1;0;0;0
1061;Sant Andreu de Llavaneres;8;Barcelona;243;Kitchen Assistant;1;67;67;67
1069;Sant Cugat del Vallès;8;Barcelona;142;Events Coordinator;1;42;42;42
1069;Sant Cugat del Vallès;8;Barcelona;587;Night Auditor;1;79;79;79
1069;Sant Cugat del Vallès;8;Barcelona;589;Night Receptionist;1;9;9;9
1069;Sant Cugat del Vallès;8;Barcelona;243;Kitchen Assistant;1;98;98;98
1069;Sant Cugat del Vallès;8;Barcelona;302;Sales Manager;1;20;20;20
1069;Sant Cugat del Vallès;8;Barcelona;345;Supply Department Assistant;1;31;31;31
1069;Sant Cugat del Vallès;8;Barcelona;552;Chambermaid;1;20;20;20
1069;Sant Cugat del Vallès;8;Barcelona;570;Assistant Head of Reception;1;21;21;21
1069;Sant Cugat del Vallès;8;Barcelona;580;Front Office Manager;1;27;27;27
1221;Burgos;9;Burgos;630;Assistant Head Waiter;1;7;7;7
1221;Burgos;9;Burgos;658;Oenologist;1;12;12;12
1170;Vilassar de Mar;8;Barcelona;584;Hotel Receptionist;1;53;53;53
1221;Burgos;9;Burgos;165;Customer Service Advisor;1;0;0;0
1221;Burgos;9;Burgos;166;Customer Service Agent;1;0;0;0
1221;Burgos;9;Burgos;173;Customer Support Coordinator;1;13;13;13
1221;Burgos;9;Burgos;218;Chef;1;22;22;22
1221;Burgos;9;Burgos;293;Sales Agent;1;1;1;1
1221;Burgos;9;Burgos;363;Food Safety Consultant;1;17;17;17
1343;Miranda de Ebro;9;Burgos;634;Bar Manager;1;1;1;1
1343;Miranda de Ebro;9;Burgos;316;Store Sales Assistant;1;18;18;18
1323;Lerma;9;Burgos;243;Kitchen Assistant;1;0;0;0
1323;Lerma;9;Burgos;669;Waiter;1;0;0;0
1335;Melgar de Fernamental;9;Burgos;243;Kitchen Assistant;1;8;8;8
1343;Miranda de Ebro;9;Burgos;79;Hotel Director;1;71;71;71
1395;Quintanapalla;9;Burgos;669;Waiter;1;0;0;0
1459;Tardajos;9;Burgos;243;Kitchen Assistant;1;10;10;10
1559;Aldeanueva del Camino;10;Cáceres;79;Hotel Director;1;141;141;141
1563;Almaraz;10;Cáceres;316;Store Sales Assistant;1;29;29;29
1572;Berrocalejo;10;Cáceres;489;Maintenance Manager;1;5;5;5
1572;Berrocalejo;10;Cáceres;494;Maintenance Technician;1;3;3;3
1572;Berrocalejo;10;Cáceres;502;Technical Services Specialist;1;2;2;2
1142;Terrassa;8;Barcelona;43;Casino Staff;1;18;18;18
1142;Terrassa;8;Barcelona;221;Cook;1;25;25;25
1142;Terrassa;8;Barcelona;243;Kitchen Assistant;1;46;46;46
1142;Terrassa;8;Barcelona;316;Store Sales Assistant;1;88;88;88
1168;Vilanova i la Geltrú;8;Barcelona;661;Restaurant Manager;1;30;30;30
1168;Vilanova i la Geltrú;8;Barcelona;669;Waiter;1;54;54;54
1168;Vilanova i la Geltrú;8;Barcelona;768;Airport ramp Attendant;1;1;1;1
1170;Vilassar de Mar;8;Barcelona;213;Event Chef;1;44;44;44
1163;Vilafranca del Penedès;8;Barcelona;243;Kitchen Assistant;1;58;58;58
1166;Vilanova del Camí;8;Barcelona;669;Waiter;1;28;28;28
1168;Vilanova i la Geltrú;8;Barcelona;166;Customer Service Agent;1;18;18;18
1168;Vilanova i la Geltrú;8;Barcelona;242;Sushiman;1;27;27;27
1168;Vilanova i la Geltrú;8;Barcelona;316;Store Sales Assistant;1;42;42;42
1131;Sitges;8;Barcelona;254;Sous Chef;1;28;28;28
1131;Sitges;8;Barcelona;301;Sales Intern;1;2;2;2
1131;Sitges;8;Barcelona;436;Groups & Events Coordinator;1;3;3;3
1131;Sitges;8;Barcelona;483;Electrician;1;17;17;17
1131;Sitges;8;Barcelona;489;Maintenance Manager;1;27;27;27
1127;Santa Susanna;8;Barcelona;745;Software Developer;1;11;11;11
1131;Sitges;8;Barcelona;177;GEX - Guest Experience Assistant;1;23;23;23
1131;Sitges;8;Barcelona;181;GEX - Guest Experience Coordinator;1;19;19;19
1131;Sitges;8;Barcelona;220;Commis Chef;1;38;38;38
1131;Sitges;8;Barcelona;594;Recruitment Director;1;12;12;12
1131;Sitges;8;Barcelona;661;Restaurant Manager;1;35;35;35
1127;Santa Susanna;8;Barcelona;650;Food and Beverage Manager;1;36;36;36
1127;Santa Susanna;8;Barcelona;652;Head Waiter;1;28;28;28
1131;Sitges;8;Barcelona;557;Executive Housekeeper;1;22;22;22
1131;Sitges;8;Barcelona;570;Assistant Head of Reception;1;64;64;64
1131;Sitges;8;Barcelona;580;Front Office Manager;1;41;41;41
1131;Sitges;8;Barcelona;589;Night Receptionist;1;75;75;75
1780;Chiclana de la Frontera;11;Cádiz;2;Accounting Assistant;1;5;5;5
1780;Chiclana de la Frontera;11;Cádiz;100;Warehouse Manager;1;13;13;13
1780;Chiclana de la Frontera;11;Cádiz;180;GEX - Guest Experience Manager;1;25;25;25
1780;Chiclana de la Frontera;11;Cádiz;201;Head of Quality;1;6;6;6
1778;Cádiz;11;Cádiz;711;Spa Assistant;1;7;7;7
1780;Chiclana de la Frontera;11;Cádiz;243;Kitchen Assistant;1;0;0;0
1778;Cádiz;11;Cádiz;631;Assistant Restaurant Manager;1;30;30;30
1778;Cádiz;11;Cádiz;634;Bar Manager;1;10;10;10
1778;Cádiz;11;Cádiz;661;Restaurant Manager;1;30;30;30
1778;Cádiz;11;Cádiz;396;Sommelier Consultant;1;6;6;6
1778;Cádiz;11;Cádiz;218;Chef;1;25;25;25
1778;Cádiz;11;Cádiz;166;Customer Service Agent;1;0;0;0
1778;Cádiz;11;Cádiz;170;Customer Service Manager;1;0;0;0
1778;Cádiz;11;Cádiz;502;Technical Services Specialist;1;26;26;26
1778;Cádiz;11;Cádiz;507;Advertising Manager;1;34;34;34
1778;Cádiz;11;Cádiz;550;Assistant Hotel Manager;1;190;190;190
1778;Cádiz;11;Cádiz;570;Assistant Head of Reception;1;61;61;61
1778;Cádiz;11;Cádiz;580;Front Office Manager;1;33;33;33
1778;Cádiz;11;Cádiz;584;Hotel Receptionist;1;137;137;137
1778;Cádiz;11;Cádiz;28;Administrative Intern;1;16;16;16
1778;Cádiz;11;Cádiz;30;Administrative Technician;1;8;8;8
1778;Cádiz;11;Cádiz;79;Hotel Director;1;123;123;123
1778;Cádiz;11;Cádiz;127;Animation Manager;1;25;25;25
1778;Cádiz;11;Cádiz;141;Entertainment Manager;1;49;49;49
1778;Cádiz;11;Cádiz;148;MiniClub Animator;1;78;78;78
1778;Cádiz;11;Cádiz;163;Fitness Animator;1;14;14;14
1581;Cáceres;10;Cáceres;712;Spa Coordinator;1;38;38;38
1581;Cáceres;10;Cáceres;715;Spa Therapist;1;11;11;11
1769;Algeciras;11;Cádiz;591;Receptionist;1;41;41;41
1774;Benalup-Casas Viejas;11;Cádiz;221;Cook;1;7;7;7
1778;Cádiz;11;Cádiz;1;Accountant;1;20;20;20
1778;Cádiz;11;Cádiz;6;Accounting Intern;1;0;0;0
1581;Cáceres;10;Cáceres;99;Theme Park Staff;1;13;13;13
1581;Cáceres;10;Cáceres;207;Quality Technician;1;21;21;21
1581;Cáceres;10;Cáceres;438;Groups & Events Sales Manager;1;0;0;0
1581;Cáceres;10;Cáceres;561;Housekeeping Staff;1;2;2;2
1581;Cáceres;10;Cáceres;572;Bellboy;1;39;39;39
1581;Cáceres;10;Cáceres;589;Night Receptionist;1;13;13;13
1780;Chiclana de la Frontera;11;Cádiz;286;Rental Sales Consultant;1;34;34;34
1780;Chiclana de la Frontera;11;Cádiz;345;Supply Department Assistant;1;0;0;0
1780;Chiclana de la Frontera;11;Cádiz;346;Supply Department Manager;1;15;15;15
1780;Chiclana de la Frontera;11;Cádiz;484;Facilities Manager;1;6;6;6
1780;Chiclana de la Frontera;11;Cádiz;544;Social Media Manager;1;26;26;26
1780;Chiclana de la Frontera;11;Cádiz;550;Assistant Hotel Manager;1;78;78;78
1780;Chiclana de la Frontera;11;Cádiz;551;Assistant Executive Housekeeper;1;21;21;21
1780;Chiclana de la Frontera;11;Cádiz;552;Chambermaid;1;0;0;0
1780;Chiclana de la Frontera;11;Cádiz;561;Housekeeping Staff;1;0;0;0
1780;Chiclana de la Frontera;11;Cádiz;606;Head of Human Resources;1;11;11;11
1780;Chiclana de la Frontera;11;Cádiz;615;Human Resources Technician;1;27;27;27
1780;Chiclana de la Frontera;11;Cádiz;492;Maintenance Assistant;1;8;8;8
1780;Chiclana de la Frontera;11;Cádiz;653;Host/Hostess;1;0;0;0
1782;Conil de la Frontera;11;Cádiz;122;Activities Assistant;1;18;18;18
1782;Conil de la Frontera;11;Cádiz;173;Customer Support Coordinator;1;40;40;40
1782;Conil de la Frontera;11;Cádiz;177;GEX - Guest Experience Assistant;1;30;30;30
1782;Conil de la Frontera;11;Cádiz;218;Chef;1;23;23;23
1780;Chiclana de la Frontera;11;Cádiz;753;Head of Technical Services;1;7;7;7
1781;Chipiona;11;Cádiz;119;Reservation Agent;1;111;111;111
1781;Chipiona;11;Cádiz;221;Cook;1;22;22;22
1781;Chipiona;11;Cádiz;254;Sous Chef;1;105;105;105
1781;Chipiona;11;Cádiz;580;Front Office Manager;1;98;98;98
1781;Chipiona;11;Cádiz;630;Assistant Head Waiter;1;98;98;98
1781;Chipiona;11;Cádiz;634;Bar Manager;1;100;100;100
1781;Chipiona;11;Cádiz;652;Head Waiter;1;102;102;102
1781;Chipiona;11;Cádiz;668;Waiter Assistant;1;37;37;37
1782;Conil de la Frontera;11;Cádiz;2;Accounting Assistant;1;12;12;12
1782;Conil de la Frontera;11;Cádiz;345;Supply Department Assistant;1;36;36;36
1782;Conil de la Frontera;11;Cádiz;247;Pastry Assistant;1;6;6;6
1782;Conil de la Frontera;11;Cádiz;631;Assistant Restaurant Manager;1;5;5;5
1782;Conil de la Frontera;11;Cádiz;564;Laundry Attendant;1;32;32;32
1782;Conil de la Frontera;11;Cádiz;570;Assistant Head of Reception;1;27;27;27
1782;Conil de la Frontera;11;Cádiz;501;Technical Services Officer;1;14;14;14
1785;Grazalema;11;Cádiz;254;Sous Chef;1;13;13;13
1785;Grazalema;11;Cádiz;257;Chef de Partie;1;12;12;12
1786;Jerez de la Frontera;11;Cádiz;218;Chef;1;28;28;28
1782;Conil de la Frontera;11;Cádiz;765;Airport Attendant;1;8;8;8
1782;Conil de la Frontera;11;Cádiz;673;Alternative Therapies Specialist;1;7;7;7
1786;Jerez de la Frontera;11;Cádiz;561;Housekeeping Staff;1;62;62;62
1786;Jerez de la Frontera;11;Cádiz;572;Bellboy;1;63;63;63
1786;Jerez de la Frontera;11;Cádiz;591;Receptionist;1;95;95;95
1786;Jerez de la Frontera;11;Cádiz;631;Assistant Restaurant Manager;1;0;0;0
1799;San Roque;11;Cádiz;89;Valet Parking;1;110;110;110
1799;San Roque;11;Cádiz;130;Children's Animator;1;105;105;105
1799;San Roque;11;Cádiz;218;Chef;1;55;55;55
3162;Donostia/San Sebastián;20;Guipúzcoa;226;Dishwasher;1;77;77;77
3162;Donostia/San Sebastián;20;Guipúzcoa;170;Customer Service Manager;1;0;0;0
3162;Donostia/San Sebastián;20;Guipúzcoa;177;GEX - Guest Experience Assistant;1;13;13;13
3162;Donostia/San Sebastián;20;Guipúzcoa;182;Service Manager;1;0;0;0
3162;Donostia/San Sebastián;20;Guipúzcoa;209;Baker Chef;1;3;3;3
3162;Donostia/San Sebastián;20;Guipúzcoa;254;Sous Chef;1;8;8;8
3162;Donostia/San Sebastián;20;Guipúzcoa;266;Commercial and Marketing Manager;1;5;5;5
3162;Donostia/San Sebastián;20;Guipúzcoa;492;Maintenance Assistant;1;30;30;30
3162;Donostia/San Sebastián;20;Guipúzcoa;493;Maintenance Officer;1;10;10;10
3162;Donostia/San Sebastián;20;Guipúzcoa;707;Sauna Assistant;1;11;11;11
3162;Donostia/San Sebastián;20;Guipúzcoa;714;Spa Receptionist;1;51;51;51
3162;Donostia/San Sebastián;20;Guipúzcoa;761;Technical Services Assistant;1;3;3;3
3166;Elgoibar;20;Guipúzcoa;657;Bartender;1;2;2;2
3167;Errenteria;20;Guipúzcoa;79;Hotel Director;1;97;97;97
3167;Errenteria;20;Guipúzcoa;286;Rental Sales Consultant;1;3;3;3
3167;Errenteria;20;Guipúzcoa;552;Chambermaid;1;38;38;38
3162;Donostia/San Sebastián;20;Guipúzcoa;637;Barista;1;77;77;77
3162;Donostia/San Sebastián;20;Guipúzcoa;593;Human Resources Intern;1;13;13;13
3162;Donostia/San Sebastián;20;Guipúzcoa;594;Recruitment Director;1;6;6;6
3162;Donostia/San Sebastián;20;Guipúzcoa;608;Human Resources Assistant;1;12;12;12
3177;Hondarribia;20;Guipúzcoa;668;Waiter Assistant;1;0;0;0
3181;Irun;20;Guipúzcoa;286;Rental Sales Consultant;1;1;1;1
3198;Oñati;20;Guipúzcoa;221;Cook;1;60;60;60
3198;Oñati;20;Guipúzcoa;652;Head Waiter;1;13;13;13
3224;Almonte;21;Huelva;218;Chef;1;69;69;69
3224;Almonte;21;Huelva;552;Chambermaid;1;54;54;54
3224;Almonte;21;Huelva;669;Waiter;1;29;29;29
3240;Cartaya;21;Huelva;27;Administrative Director;1;19;19;19
3240;Cartaya;21;Huelva;174;Customer Support Director;1;13;13;13
3162;Donostia/San Sebastián;20;Guipúzcoa;654;Ice Cream Shop Attendant;1;3;3;3
3162;Donostia/San Sebastián;20;Guipúzcoa;668;Waiter Assistant;1;9;9;9
3240;Cartaya;21;Huelva;564;Laundry Attendant;1;70;70;70
3240;Cartaya;21;Huelva;630;Assistant Head Waiter;1;44;44;44
3240;Cartaya;21;Huelva;690;Holistic Therapist;1;11;11;11
3245;Cortegana;21;Huelva;218;Chef;1;15;15;15
3250;Encinasola;21;Huelva;218;Chef;1;11;11;11
3260;Huelva;21;Huelva;7;Accounting Manager;1;0;0;0
3260;Huelva;21;Huelva;43;Casino Staff;1;10;10;10
3260;Huelva;21;Huelva;124;Actor;1;36;36;36
3260;Huelva;21;Huelva;130;Children's Animator;1;75;75;75
3260;Huelva;21;Huelva;167;Customer Service Assistant;1;29;29;29
3260;Huelva;21;Huelva;443;Maitre in Charge of Room and Events;1;5;5;5
3260;Huelva;21;Huelva;498;Swimming Pool Maintenance;1;37;37;37
3260;Huelva;21;Huelva;551;Assistant Executive Housekeeper;1;30;30;30
3260;Huelva;21;Huelva;224;Dietary Chef;1;35;35;35
2749;Granada;18;Granada;653;Host/Hostess;1;51;51;51
2751;Guadix;18;Granada;652;Head Waiter;1;23;23;23
2764;Iznalloz;18;Granada;668;Waiter Assistant;1;37;37;37
2749;Granada;18;Granada;584;Hotel Receptionist;1;224;224;224
2749;Granada;18;Granada;589;Night Receptionist;1;110;110;110
2749;Granada;18;Granada;593;Human Resources Intern;1;12;12;12
2749;Granada;18;Granada;596;Recruitment Technician;1;13;13;13
2749;Granada;18;Granada;630;Assistant Head Waiter;1;30;30;30
2749;Granada;18;Granada;631;Assistant Restaurant Manager;1;47;47;47
2749;Granada;18;Granada;530;Marketing Assistant;1;2;2;2
2749;Granada;18;Granada;497;Building Repairer;1;19;19;19
2749;Granada;18;Granada;557;Executive Housekeeper;1;61;61;61
2749;Granada;18;Granada;561;Housekeeping Staff;1;54;54;54
2749;Granada;18;Granada;182;Service Manager;1;0;0;0
2749;Granada;18;Granada;177;GEX - Guest Experience Assistant;1;50;50;50
2749;Granada;18;Granada;471;Tour Guide;1;39;39;39
3147;Arrasate/Mondragón;20;Guipúzcoa;572;Bellboy;1;7;7;7
3149;Astigarraga;20;Guipúzcoa;267;Commercial Manager;1;2;2;2
3154;Beasain;20;Guipúzcoa;471;Tour Guide;1;5;5;5
2784;Monachil;18;Granada;653;Host/Hostess;1;14;14;14
3162;Donostia/San Sebastián;20;Guipúzcoa;10;Accounts Manager;1;0;0;0
3162;Donostia/San Sebastián;20;Guipúzcoa;12;Accounts Payable Assistant;1;0;0;0
3162;Donostia/San Sebastián;20;Guipúzcoa;18;Accounts Receivable Executive;1;0;0;0
3162;Donostia/San Sebastián;20;Guipúzcoa;29;Administrative Manager;1;0;0;0
3162;Donostia/San Sebastián;20;Guipúzcoa;165;Customer Service Advisor;1;0;0;0
2776;Loja;18;Granada;590;Reception Assistant;1;81;81;81
2784;Monachil;18;Granada;587;Night Auditor;1;20;20;20
2784;Monachil;18;Granada;589;Night Receptionist;1;17;17;17
2784;Monachil;18;Granada;697;Masseur;1;7;7;7
2795;Ogíjares;18;Granada;591;Receptionist;1;42;42;42
2812;Pulianas;18;Granada;552;Chambermaid;1;117;117;117
2843;Zújar;18;Granada;221;Cook;1;8;8;8
2863;Almonacid de Zorita;19;Guadalajara;218;Chef;1;13;13;13
2950;Guadalajara;19;Guadalajara;113;Travel Agent;1;45;45;45
2950;Guadalajara;19;Guadalajara;165;Customer Service Advisor;1;0;0;0
2950;Guadalajara;19;Guadalajara;226;Dishwasher;1;24;24;24
2950;Guadalajara;19;Guadalajara;293;Sales Agent;1;26;26;26
2950;Guadalajara;19;Guadalajara;591;Receptionist;1;47;47;47
2950;Guadalajara;19;Guadalajara;630;Assistant Head Waiter;1;10;10;10
2950;Guadalajara;19;Guadalajara;661;Restaurant Manager;1;4;4;4
2688;Almuñécar;18;Granada;490;Air Conditioning Maintenance Technician;1;9;9;9
2688;Almuñécar;18;Granada;501;Technical Services Officer;1;0;0;0
2688;Almuñécar;18;Granada;502;Technical Services Specialist;1;4;4;4
2688;Almuñécar;18;Granada;551;Assistant Executive Housekeeper;1;35;35;35
2688;Almuñécar;18;Granada;557;Executive Housekeeper;1;11;11;11
2688;Almuñécar;18;Granada;561;Housekeeping Staff;1;174;174;174
2688;Almuñécar;18;Granada;726;Watchman;1;4;4;4
2749;Granada;18;Granada;5;Accounting Director;1;0;0;0
2749;Granada;18;Granada;10;Accounts Manager;1;13;13;13
2749;Granada;18;Granada;18;Accounts Receivable Executive;1;0;0;0
2749;Granada;18;Granada;48;Operations Manager;1;41;41;41
2643;Tossa de Mar;17;Girona;630;Assistant Head Waiter;1;11;11;11
2643;Tossa de Mar;17;Girona;634;Bar Manager;1;11;11;11
2749;Granada;18;Granada;80;Hotel Manager;1;108;108;108
2749;Granada;18;Granada;100;Warehouse Manager;1;20;20;20
2749;Granada;18;Granada;113;Travel Agent;1;78;78;78
2749;Granada;18;Granada;120;Reservations Manager;1;23;23;23
2749;Granada;18;Granada;141;Entertainment Manager;1;43;43;43
2749;Granada;18;Granada;159;Tourist Animator;1;0;0;0
2749;Granada;18;Granada;165;Customer Service Advisor;1;47;47;47
2749;Granada;18;Granada;259;Thai Food Cook;1;3;3;3
2749;Granada;18;Granada;271;Hotel Sales Manager;1;0;0;0
2749;Granada;18;Granada;286;Rental Sales Consultant;1;10;10;10
2749;Granada;18;Granada;293;Sales Agent;1;37;37;37
2749;Granada;18;Granada;348;Warehouse Supervisor;1;40;40;40
2643;Tossa de Mar;17;Girona;669;Waiter;1;38;38;38
2643;Tossa de Mar;17;Girona;697;Masseur;1;10;10;10
2652;Vall-llobrega;17;Girona;552;Chambermaid;1;47;47;47
2652;Vall-llobrega;17;Girona;591;Receptionist;1;28;28;28
2655;Vidrà;17;Girona;221;Cook;1;15;15;15
2655;Vidrà;17;Girona;577;Concierge;1;18;18;18
2655;Vidrà;17;Girona;669;Waiter;1;11;11;11
2672;Vilobí d'Onyar;17;Girona;257;Chef de Partie;1;27;27;27
2672;Vilobí d'Onyar;17;Girona;286;Rental Sales Consultant;1;15;15;15
2672;Vilobí d'Onyar;17;Girona;492;Maintenance Assistant;1;11;11;11
2672;Vilobí d'Onyar;17;Girona;634;Bar Manager;1;7;7;7
2672;Vilobí d'Onyar;17;Girona;637;Barista;1;6;6;6
2673;Vilopriu;17;Girona;221;Cook;1;19;19;19
2673;Vilopriu;17;Girona;561;Housekeeping Staff;1;11;11;11
2688;Almuñécar;18;Granada;74;Head of Accounting;1;0;0;0
2688;Almuñécar;18;Granada;213;Event Chef;1;63;63;63
2688;Almuñécar;18;Granada;248;Pastry Chef;1;27;27;27
2688;Almuñécar;18;Granada;257;Chef de Partie;1;29;29;29
2688;Almuñécar;18;Granada;325;Food Logistics Coordinator;1;9;9;9
2688;Almuñécar;18;Granada;484;Facilities Manager;1;6;6;6
2640;Torroella de Montgrí;17;Girona;243;Kitchen Assistant;1;117;117;117
2640;Torroella de Montgrí;17;Girona;376;Hospitality Consultant;1;11;11;11
2643;Tossa de Mar;17;Girona;181;GEX - Guest Experience Coordinator;1;3;3;3
2643;Tossa de Mar;17;Girona;228;Executive Chef;1;8;8;8
2643;Tossa de Mar;17;Girona;248;Pastry Chef;1;39;39;39
2643;Tossa de Mar;17;Girona;257;Chef de Partie;1;16;16;16
2643;Tossa de Mar;17;Girona;550;Assistant Hotel Manager;1;50;50;50
2643;Tossa de Mar;17;Girona;557;Executive Housekeeper;1;0;0;0
2643;Tossa de Mar;17;Girona;580;Front Office Manager;1;18;18;18
2643;Tossa de Mar;17;Girona;584;Hotel Receptionist;1;30;30;30
2543;Lloret de Mar;17;Girona;647;Food and Beverage Assistant;1;11;11;11
2543;Lloret de Mar;17;Girona;650;Food and Beverage Manager;1;31;31;31
2543;Lloret de Mar;17;Girona;678;Beautician;1;11;11;11
2543;Lloret de Mar;17;Girona;686;Esthetician;1;7;7;7
2543;Lloret de Mar;17;Girona;697;Masseur;1;38;38;38
2543;Lloret de Mar;17;Girona;713;Spa Manager;1;35;35;35
2543;Lloret de Mar;17;Girona;715;Spa Therapist;1;26;26;26
2545;Maçanet de Cabrenys;17;Girona;221;Cook;1;21;21;21
2588;Ribes de Freser;17;Girona;669;Waiter;1;14;14;14
2589;Riells i Viabrea;17;Girona;561;Housekeeping Staff;1;19;19;19
2593;Riudellots de la Selva;17;Girona;218;Chef;1;26;26;26
2563;Palamós;17;Girona;669;Waiter;1;15;15;15
2566;Palau-saverdera;17;Girona;561;Housekeeping Staff;1;0;0;0
2568;Pals;17;Girona;476;Wine Tourism Guide;1;16;16;16
2568;Pals;17;Girona;584;Hotel Receptionist;1;68;68;68
2583;Puigcerdà;17;Girona;242;Sushiman;1;15;15;15
2583;Puigcerdà;17;Girona;243;Kitchen Assistant;1;6;6;6
2595;Roses;17;Girona;254;Sous Chef;1;49;49;49
2595;Roses;17;Girona;489;Maintenance Manager;1;35;35;35
2595;Roses;17;Girona;652;Head Waiter;1;37;37;37
2593;Riudellots de la Selva;17;Girona;584;Hotel Receptionist;1;17;17;17
2593;Riudellots de la Selva;17;Girona;669;Waiter;1;12;12;12
2594;Riumors;17;Girona;502;Technical Services Specialist;1;11;11;11
2595;Roses;17;Girona;159;Tourist Animator;1;79;79;79
2603;Sant Feliu de Guíxols;17;Girona;438;Groups & Events Sales Manager;1;27;27;27
2603;Sant Feliu de Guíxols;17;Girona;489;Maintenance Manager;1;12;12;12
2559;Olot;17;Girona;171;Customer Service Specialist;1;19;19;19
2562;Palafrugell;17;Girona;591;Receptionist;1;34;34;34
2595;Roses;17;Girona;669;Waiter;1;18;18;18
2618;Sant Miquel de Campmajor;17;Girona;591;Receptionist;1;28;28;28
2622;Sant Pere Pescador;17;Girona;150;Multifunctional Animator;1;16;16;16
2603;Sant Feliu de Guíxols;17;Girona;589;Night Receptionist;1;5;5;5
2603;Sant Feliu de Guíxols;17;Girona;591;Receptionist;1;68;68;68
2603;Sant Feliu de Guíxols;17;Girona;634;Bar Manager;1;28;28;28
2603;Sant Feliu de Guíxols;17;Girona;657;Bartender;1;27;27;27
2603;Sant Feliu de Guíxols;17;Girona;668;Waiter Assistant;1;50;50;50
2603;Sant Feliu de Guíxols;17;Girona;218;Chef;1;38;38;38
2603;Sant Feliu de Guíxols;17;Girona;557;Executive Housekeeper;1;39;39;39
2603;Sant Feliu de Guíxols;17;Girona;560;Cleaning Manager;1;19;19;19
2603;Sant Feliu de Guíxols;17;Girona;577;Concierge;1;31;31;31
2603;Sant Feliu de Guíxols;17;Girona;580;Front Office Manager;1;23;23;23
2638;Torrent;17;Girona;254;Sous Chef;1;17;17;17
2638;Torrent;17;Girona;551;Assistant Executive Housekeeper;1;19;19;19
2638;Torrent;17;Girona;572;Bellboy;1;39;39;39
2638;Torrent;17;Girona;587;Night Auditor;1;25;25;25
2638;Torrent;17;Girona;652;Head Waiter;1;27;27;27
2638;Torrent;17;Girona;657;Bartender;1;20;20;20
2624;Santa Cristina d'Aro;17;Girona;668;Waiter Assistant;1;0;0;0
2640;Torroella de Montgrí;17;Girona;669;Waiter;1;107;107;107
2643;Tossa de Mar;17;Girona;7;Accounting Manager;1;7;7;7
2643;Tossa de Mar;17;Girona;80;Hotel Manager;1;31;31;31
2643;Tossa de Mar;17;Girona;130;Children's Animator;1;25;25;25
2643;Tossa de Mar;17;Girona;150;Multifunctional Animator;1;87;87;87
2638;Torrent;17;Girona;669;Waiter;1;37;37;37
2638;Torrent;46;Valencia;119;Reservation Agent;1;76;76;76
2638;Torrent;46;Valencia;221;Cook;1;17;17;17
2638;Torrent;46;Valencia;668;Waiter Assistant;1;14;14;14
2067;Córdoba;14;Córdoba;570;Assistant Head of Reception;1;50;50;50
2067;Córdoba;14;Córdoba;572;Bellboy;1;13;13;13
2067;Córdoba;14;Córdoba;580;Front Office Manager;1;136;136;136
2067;Córdoba;14;Córdoba;597;Intern in Reception;1;17;17;17
2067;Córdoba;14;Córdoba;640;Cashier;1;47;47;47
2067;Córdoba;14;Córdoba;650;Food and Beverage Manager;1;16;16;16
2067;Córdoba;14;Córdoba;652;Head Waiter;1;15;15;15
2140;Carballo;15;A Coruña;552;Chambermaid;1;25;25;25
2143;Carral;15;A Coruña;221;Cook;1;0;0;0
2067;Córdoba;14;Córdoba;122;Activities Assistant;1;59;59;59
2067;Córdoba;14;Córdoba;165;Customer Service Advisor;1;0;0;0
2067;Córdoba;14;Córdoba;255;Spanish Food Cook;1;19;19;19
2067;Córdoba;14;Córdoba;226;Dishwasher;1;0;0;0
2067;Córdoba;14;Córdoba;267;Commercial Manager;1;27;27;27
2067;Córdoba;14;Córdoba;277;MICE Sales Manager;1;37;37;37
2067;Córdoba;14;Córdoba;286;Rental Sales Consultant;1;24;24;24
2067;Córdoba;14;Córdoba;471;Tour Guide;1;9;9;9
2067;Córdoba;14;Córdoba;482;Electrical Maintenance Technician;1;22;22;22
2067;Córdoba;14;Córdoba;485;Facilities Assistant;1;60;60;60
2067;Córdoba;14;Córdoba;489;Maintenance Manager;1;12;12;12
2067;Córdoba;14;Córdoba;493;Maintenance Officer;1;3;3;3
1799;San Roque;11;Cádiz;591;Receptionist;1;200;200;200
1799;San Roque;11;Cádiz;652;Head Waiter;1;24;24;24
1799;San Roque;11;Cádiz;664;Restaurant Section Head;1;15;15;15
1799;San Roque;11;Cádiz;709;Seamstress;1;24;24;24
1835;Benicasim/Benicàssim;12;Castellón;589;Night Receptionist;1;47;47;47
1835;Benicasim/Benicàssim;12;Castellón;669;Waiter;1;0;0;0
1846;Castellón de la Plana;12;Castellón;26;Administrative Assistant;1;27;27;27
1799;San Roque;11;Cádiz;346;Supply Department Manager;1;21;21;21
1799;San Roque;11;Cádiz;494;Maintenance Technician;1;30;30;30
1786;Jerez de la Frontera;11;Cádiz;243;Kitchen Assistant;1;4;4;4
1799;San Roque;11;Cádiz;560;Cleaning Manager;1;119;119;119
1846;Castellón de la Plana;12;Castellón;243;Kitchen Assistant;1;95;95;95
1846;Castellón de la Plana;12;Castellón;267;Commercial Manager;1;21;21;21
1846;Castellón de la Plana;12;Castellón;493;Maintenance Officer;1;11;11;11
1846;Castellón de la Plana;12;Castellón;552;Chambermaid;1;125;125;125
1846;Castellón de la Plana;12;Castellón;616;Labor Administrative;1;39;39;39
1846;Castellón de la Plana;12;Castellón;653;Host/Hostess;1;27;27;27
1874;Lucena del Cid;12;Castellón;590;Reception Assistant;1;26;26;26
1889;Peníscola/Peñíscola;12;Castellón;119;Reservation Agent;1;45;45;45
1889;Peníscola/Peñíscola;12;Castellón;130;Children's Animator;1;123;123;123
1889;Peníscola/Peñíscola;12;Castellón;254;Sous Chef;1;23;23;23
1889;Peníscola/Peñíscola;12;Castellón;471;Tour Guide;1;15;15;15
1889;Peníscola/Peñíscola;12;Castellón;591;Receptionist;1;76;76;76
1889;Peníscola/Peñíscola;12;Castellón;731;Pool Attendant;1;58;58;58
1920;Torreblanca;12;Castellón;79;Hotel Director;1;117;117;117
1980;Ciudad Real;13;Ciudad Real;182;Service Manager;1;0;0;0
1980;Ciudad Real;13;Ciudad Real;494;Maintenance Technician;1;6;6;6
1980;Ciudad Real;13;Ciudad Real;561;Housekeeping Staff;1;24;24;24
1980;Ciudad Real;13;Ciudad Real;572;Bellboy;1;28;28;28
1980;Ciudad Real;13;Ciudad Real;584;Hotel Receptionist;1;14;14;14
1980;Ciudad Real;13;Ciudad Real;761;Technical Services Assistant;1;7;7;7
2002;Miguelturra;13;Ciudad Real;113;Travel Agent;1;13;13;13
2016;Puerto Lápice;13;Ciudad Real;668;Waiter Assistant;1;3;3;3
2067;Córdoba;14;Córdoba;43;Casino Staff;1;19;19;19
2151;A Coruña;15;A Coruña;206;Quality Specialist;1;27;27;27
2151;A Coruña;15;A Coruña;207;Quality Technician;1;17;17;17
2151;A Coruña;15;A Coruña;219;Chinese Food Cook;1;14;14;14
2151;A Coruña;15;A Coruña;105;Business Travel Agent;1;7;7;7
2151;A Coruña;15;A Coruña;106;Custom Travel Agent;1;3;3;3
2151;A Coruña;15;A Coruña;7;Accounting Manager;1;0;0;0
2151;A Coruña;15;A Coruña;18;Accounts Receivable Executive;1;73;73;73
2151;A Coruña;15;A Coruña;29;Administrative Manager;1;0;0;0
2151;A Coruña;15;A Coruña;31;Amusement Park Manager;1;15;15;15
2151;A Coruña;15;A Coruña;32;Amusement Park Staff;1;10;10;10
2151;A Coruña;15;A Coruña;42;Casino Manager;1;8;8;8
2151;A Coruña;15;A Coruña;43;Casino Staff;1;4;4;4
2151;A Coruña;15;A Coruña;53;Collector;1;5;5;5
2151;A Coruña;15;A Coruña;70;Franchise Director;1;15;15;15
2151;A Coruña;15;A Coruña;80;Hotel Manager;1;24;24;24
2151;A Coruña;15;A Coruña;513;Content Marketing Manager;1;13;13;13
2151;A Coruña;15;A Coruña;533;Marketing Intern;1;7;7;7
2151;A Coruña;15;A Coruña;557;Executive Housekeeper;1;60;60;60
2151;A Coruña;15;A Coruña;293;Sales Agent;1;15;15;15
2151;A Coruña;15;A Coruña;113;Travel Agent;1;9;9;9
2151;A Coruña;15;A Coruña;273;Key Account Manager;1;8;8;8
2199;Santiago de Compostela;15;A Coruña;7;Accounting Manager;1;0;0;0
2199;Santiago de Compostela;15;A Coruña;8;Accounting Technician;1;0;0;0
2151;A Coruña;15;A Coruña;668;Waiter Assistant;1;0;0;0
2151;A Coruña;15;A Coruña;745;Software Developer;1;2;2;2
2151;A Coruña;15;A Coruña;746;Web Developer;1;1;1;1
2151;A Coruña;15;A Coruña;761;Technical Services Assistant;1;7;7;7
2187;Pino, O;15;A Coruña;591;Receptionist;1;33;33;33
2199;Santiago de Compostela;15;A Coruña;255;Spanish Food Cook;1;31;31;31
2199;Santiago de Compostela;15;A Coruña;257;Chef de Partie;1;9;9;9
2199;Santiago de Compostela;15;A Coruña;12;Accounts Payable Assistant;1;0;0;0
2199;Santiago de Compostela;15;A Coruña;71;Franchise Manager;1;0;0;0
2199;Santiago de Compostela;15;A Coruña;132;Clown;1;1;1;1
2199;Santiago de Compostela;15;A Coruña;139;DJ;1;1;1;1
2473;Blanes;17;Girona;119;Reservation Agent;1;19;19;19
2473;Blanes;17;Girona;125;Animation Assistant;1;109;109;109
2473;Blanes;17;Girona;127;Animation Manager;1;66;66;66
2473;Blanes;17;Girona;159;Tourist Animator;1;75;75;75
2473;Blanes;17;Girona;221;Cook;1;13;13;13
2473;Blanes;17;Girona;314;Salesperson Call Center;1;21;21;21
2199;Santiago de Compostela;15;A Coruña;557;Executive Housekeeper;1;25;25;25
2199;Santiago de Compostela;15;A Coruña;561;Housekeeping Staff;1;35;35;35
2199;Santiago de Compostela;15;A Coruña;572;Bellboy;1;1;1;1
2199;Santiago de Compostela;15;A Coruña;584;Hotel Receptionist;1;54;54;54
2199;Santiago de Compostela;15;A Coruña;591;Receptionist;1;45;45;45
2199;Santiago de Compostela;15;A Coruña;637;Barista;1;30;30;30
2496;Castell-Platja d'Aro;17;Girona;557;Executive Housekeeper;1;21;21;21
2496;Castell-Platja d'Aro;17;Girona;584;Hotel Receptionist;1;35;35;35
2496;Castell-Platja d'Aro;17;Girona;591;Receptionist;1;22;22;22
2496;Castell-Platja d'Aro;17;Girona;650;Food and Beverage Manager;1;26;26;26
2495;Castelló d'Empúries;17;Girona;724;Nightwatchman;1;26;26;26
2495;Castelló d'Empúries;17;Girona;731;Pool Attendant;1;28;28;28
2496;Castell-Platja d'Aro;17;Girona;159;Tourist Animator;1;36;36;36
2496;Castell-Platja d'Aro;17;Girona;218;Chef;1;46;46;46
2496;Castell-Platja d'Aro;17;Girona;248;Pastry Chef;1;18;18;18
2514;Figueres;17;Girona;218;Chef;1;46;46;46
2514;Figueres;17;Girona;221;Cook;1;49;49;49
2514;Figueres;17;Girona;235;Grill Chef;1;34;34;34
2514;Figueres;17;Girona;589;Night Receptionist;1;10;10;10
2514;Figueres;17;Girona;590;Reception Assistant;1;11;11;11
2514;Figueres;17;Girona;257;Chef de Partie;1;44;44;44
2523;Garrigàs;17;Girona;316;Store Sales Assistant;1;5;5;5
2523;Garrigàs;17;Girona;628;Assistant Bar Manager;1;3;3;3
2521;Fornells de la Selva;17;Girona;23;Administrative;1;12;12;12
2523;Garrigàs;17;Girona;632;Bakery Attendant;1;2;2;2
2527;Girona;17;Girona;7;Accounting Manager;1;0;0;0
2527;Girona;17;Girona;10;Accounts Manager;1;0;0;0
2527;Girona;17;Girona;13;Accounts Payable Executive;1;0;0;0
2527;Girona;17;Girona;23;Administrative;1;16;16;16
2527;Girona;17;Girona;28;Administrative Intern;1;0;0;0
2527;Girona;17;Girona;41;Camping Manager;1;78;78;78
2527;Girona;17;Girona;79;Hotel Director;1;64;64;64
2484;Calonge;17;Girona;665;Sommelier;1;13;13;13
2495;Castelló d'Empúries;17;Girona;552;Chambermaid;1;30;30;30
2495;Castelló d'Empúries;17;Girona;496;Plumber;1;7;7;7
2473;Blanes;17;Girona;814;Delivery;1;12;12;12
2482;Cadaqués;17;Girona;494;Maintenance Technician;1;9;9;9
2482;Cadaqués;17;Girona;652;Head Waiter;1;45;45;45
2483;Caldes de Malavella;17;Girona;89;Valet Parking;1;18;18;18
2483;Caldes de Malavella;17;Girona;572;Bellboy;1;0;0;0
2483;Caldes de Malavella;17;Girona;591;Receptionist;1;35;35;35
2278;Castillejo de Iniesta;16;Cuenca;630;Assistant Head Waiter;1;1;1;1
2473;Blanes;17;Girona;591;Receptionist;1;37;37;37
2473;Blanes;17;Girona;593;Human Resources Intern;1;7;7;7
2473;Blanes;17;Girona;594;Recruitment Director;1;4;4;4
2473;Blanes;17;Girona;610;Human Resources Consultant;1;4;4;4
2466;Begur;17;Girona;226;Dishwasher;1;55;55;55
2466;Begur;17;Girona;254;Sous Chef;1;14;14;14
2466;Begur;17;Girona;494;Maintenance Technician;1;16;16;16
2466;Begur;17;Girona;552;Chambermaid;1;30;30;30
2466;Begur;17;Girona;561;Housekeeping Staff;1;46;46;46
2483;Caldes de Malavella;17;Girona;243;Kitchen Assistant;1;45;45;45
2483;Caldes de Malavella;17;Girona;488;Gardening Assistant;1;30;30;30
2483;Caldes de Malavella;17;Girona;489;Maintenance Manager;1;16;16;16
2483;Caldes de Malavella;17;Girona;494;Maintenance Technician;1;0;0;0
2483;Caldes de Malavella;17;Girona;505;Car Washer;1;7;7;7
2483;Caldes de Malavella;17;Girona;551;Assistant Executive Housekeeper;1;12;12;12
2483;Caldes de Malavella;17;Girona;552;Chambermaid;1;17;17;17
2543;Lloret de Mar;17;Girona;1;Accountant;1;5;5;5
2543;Lloret de Mar;17;Girona;26;Administrative Assistant;1;44;44;44
2543;Lloret de Mar;17;Girona;45;Chief Executive Officer (CEO);1;59;59;59
2543;Lloret de Mar;17;Girona;59;Business Development Director;1;23;23;23
2543;Lloret de Mar;17;Girona;80;Hotel Manager;1;22;22;22
2543;Lloret de Mar;17;Girona;119;Reservation Agent;1;30;30;30
2543;Lloret de Mar;17;Girona;125;Animation Assistant;1;58;58;58
2543;Lloret de Mar;17;Girona;127;Animation Manager;1;40;40;40
2543;Lloret de Mar;17;Girona;141;Entertainment Manager;1;23;23;23
2527;Girona;17;Girona;652;Head Waiter;1;0;0;0
2527;Girona;17;Girona;503;Warehouse Stock Handler;1;21;21;21
2527;Girona;17;Girona;510;Brand Manager;1;9;9;9
2527;Girona;17;Girona;630;Assistant Head Waiter;1;20;20;20
2527;Girona;17;Girona;647;Food and Beverage Assistant;1;4;4;4
2527;Girona;17;Girona;257;Chef de Partie;1;20;20;20
2527;Girona;17;Girona;267;Commercial Manager;1;10;10;10
2527;Girona;17;Girona;270;Group Sales Manager;1;9;9;9
2527;Girona;17;Girona;159;Tourist Animator;1;210;210;210
2527;Girona;17;Girona;218;Chef;1;26;26;26
2527;Girona;17;Girona;575;Camping Staff;1;20;20;20
2527;Girona;17;Girona;235;Grill Chef;1;17;17;17
2527;Girona;17;Girona;243;Kitchen Assistant;1;19;19;19
2527;Girona;17;Girona;425;Event Promoter;1;10;10;10
2527;Girona;17;Girona;484;Facilities Manager;1;14;14;14
2543;Lloret de Mar;17;Girona;503;Warehouse Stock Handler;1;33;33;33
2543;Lloret de Mar;17;Girona;551;Assistant Executive Housekeeper;1;23;23;23
2543;Lloret de Mar;17;Girona;570;Assistant Head of Reception;1;42;42;42
2543;Lloret de Mar;17;Girona;631;Assistant Restaurant Manager;1;31;31;31
2543;Lloret de Mar;17;Girona;605;Employee Relations Specialist;1;11;11;11
2543;Lloret de Mar;17;Girona;611;Human Resources Coordinator;1;15;15;15
2527;Girona;17;Girona;746;Web Developer;1;15;15;15
2529;Gualta;17;Girona;243;Kitchen Assistant;1;66;66;66
2539;Llanars;17;Girona;243;Kitchen Assistant;1;61;61;61
2543;Lloret de Mar;17;Girona;180;GEX - Guest Experience Manager;1;13;13;13
2543;Lloret de Mar;17;Girona;181;GEX - Guest Experience Coordinator;1;19;19;19
2543;Lloret de Mar;17;Girona;166;Customer Service Agent;1;81;81;81
2543;Lloret de Mar;17;Girona;446;MICE Manager;1;5;5;5
2543;Lloret de Mar;17;Girona;228;Executive Chef;1;42;42;42
31458;Vila Nova de Gaia;387;Serzedo;540;Public Relations Manager;1;14;14;14
31458;Vila Nova de Gaia;387;Serzedo;572;Bellboy;1;0;0;0
31458;Vila Nova de Gaia;387;Serzedo;587;Night Auditor;1;0;0;0
31458;Vila Nova de Gaia;387;Serzedo;637;Barista;1;0;0;0
31458;Vila Nova de Gaia;387;Serzedo;650;Food and Beverage Manager;1;0;0;0
31458;Vila Nova de Gaia;387;Serzedo;113;Travel Agent;1;15;15;15
31458;Vila Nova de Gaia;387;Serzedo;119;Reservation Agent;1;0;0;0
31192;Orpesa;12;Castellón;634;Bar Manager;1;5;5;5
31458;Vila Nova de Gaia;387;Serzedo;177;GEX - Guest Experience Assistant;1;0;0;0
31458;Vila Nova de Gaia;387;Serzedo;180;GEX - Guest Experience Manager;1;5;5;5
31458;Vila Nova de Gaia;387;Serzedo;271;Hotel Sales Manager;1;11;11;11
31458;Vila Nova de Gaia;387;Serzedo;487;Gardener;1;0;0;0
31458;Vila Nova de Gaia;387;Serzedo;489;Maintenance Manager;1;13;13;13
31458;Vila Nova de Gaia;387;Serzedo;503;Warehouse Stock Handler;1;0;0;0
31458;Vila Nova de Gaia;387;Serzedo;283;Regional Sales Executive;1;0;0;0
31458;Vila Nova de Gaia;387;Serzedo;401;Tourist Management Consultant;1;0;0;0
31458;Vila Nova de Gaia;387;Serzedo;438;Groups & Events Sales Manager;1;0;0;0
31458;Vila Nova de Gaia;387;Serzedo;474;Tourist Information Guide;1;36;36;36
31190;Arroios;146;Vila Real;159;Tourist Animator;1;15;15;15
30856;El Toro;7;Islas Baleares;715;Spa Therapist;1;7;7;7
30856;El Toro;7;Islas Baleares;809;Skipper;1;11;11;11
30869;La Ràpita;43;Tarragona;661;Restaurant Manager;1;37;37;37
30927;El Altet;3;Alicante;286;Rental Sales Consultant;1;49;49;49
30928;Montequinto;41;Sevilla;221;Cook;1;76;76;76
30935;Bendinat;7;Islas Baleares;75;Head of Administration;1;12;12;12
30935;Bendinat;7;Islas Baleares;498;Swimming Pool Maintenance;1;16;16;16
30941;Xilxes;12;Castellón;653;Host/Hostess;1;54;54;54
30952;Corró d'Avall;8;Barcelona;221;Cook;1;21;21;21
30957;El Rompido;21;Huelva;668;Waiter Assistant;1;52;52;52
30960;Vieira de Leiria;420;Santo António;552;Chambermaid;1;19;19;19
30970;Port d'Andratx;7;Islas Baleares;552;Chambermaid;1;76;76;76
30992;Ferrel;420;Santo António;243;Kitchen Assistant;1;48;48;48
31190;Arroios;146;Vila Real;67;Financial Assistant;1;34;34;34
31385;Sant Antoni de Calonge;17;Girona;221;Cook;1;17;17;17
31385;Sant Antoni de Calonge;17;Girona;243;Kitchen Assistant;1;44;44;44
31385;Sant Antoni de Calonge;17;Girona;591;Receptionist;1;32;32;32
31387;Paranhos;147;Porto;221;Cook;1;57;57;57
31387;Paranhos;147;Porto;669;Waiter;1;79;79;79
31401;Bellaterra;8;Barcelona;226;Dishwasher;1;32;32;32
31454;Cholula de Rivadavia;119;Puebla;111;Travel Agencies Account Manager;1;2;2;2
31458;Vila Nova de Gaia;387;Serzedo;8;Accounting Technician;1;0;0;0
31190;Arroios;146;Vila Real;661;Restaurant Manager;1;24;24;24
31190;Arroios;146;Vila Real;664;Restaurant Section Head;1;132;132;132
31190;Arroios;146;Vila Real;630;Assistant Head Waiter;1;17;17;17
31190;Arroios;146;Vila Real;634;Bar Manager;1;23;23;23
31190;Arroios;146;Vila Real;584;Hotel Receptionist;1;109;109;109
31190;Arroios;146;Vila Real;589;Night Receptionist;1;71;71;71
31633;Lluchmayor;7;Islas Baleares;665;Sommelier;1;16;16;16
31633;Lluchmayor;7;Islas Baleares;669;Waiter;1;131;131;131
31645;s'Argamassa;7;Islas Baleares;177;GEX - Guest Experience Assistant;1;24;24;24
31645;s'Argamassa;7;Islas Baleares;180;GEX - Guest Experience Manager;1;7;7;7
31645;s'Argamassa;7;Islas Baleares;243;Kitchen Assistant;1;40;40;40
31645;s'Argamassa;7;Islas Baleares;438;Groups & Events Sales Manager;1;23;23;23
31645;s'Argamassa;7;Islas Baleares;494;Maintenance Technician;1;27;27;27
31645;s'Argamassa;7;Islas Baleares;503;Warehouse Stock Handler;1;30;30;30
31645;s'Argamassa;7;Islas Baleares;551;Assistant Executive Housekeeper;1;27;27;27
31645;s'Argamassa;7;Islas Baleares;552;Chambermaid;1;46;46;46
31645;s'Argamassa;7;Islas Baleares;561;Housekeeping Staff;1;36;36;36
31645;s'Argamassa;7;Islas Baleares;564;Laundry Attendant;1;48;48;48
31645;s'Argamassa;7;Islas Baleares;572;Bellboy;1;66;66;66
31645;s'Argamassa;7;Islas Baleares;580;Front Office Manager;1;18;18;18
31645;s'Argamassa;7;Islas Baleares;593;Human Resources Intern;1;10;10;10
31645;s'Argamassa;7;Islas Baleares;595;Recruitment Manager;1;16;16;16
31645;s'Argamassa;7;Islas Baleares;647;Food and Beverage Assistant;1;36;36;36
31458;Vila Nova de Gaia;387;Serzedo;762;Technologist brewing;1;33;33;33
31487;La Cala del Moral;29;Málaga;669;Waiter;1;14;14;14
31504;Lisbon;475;Alvalade;49;Revenue Manager;1;18;18;18
31504;Lisbon;475;Alvalade;116;Traveler Attention Center Agent;1;51;51;51
31504;Lisbon;475;Alvalade;313;Sales Assistant;1;22;22;22
31504;Lisbon;475;Alvalade;437;Groups & Events Manager;1;37;37;37
31504;Lisbon;475;Alvalade;445;Meetings and Events Project Manager;1;28;28;28
31504;Lisbon;475;Alvalade;669;Waiter;1;88;88;88
31538;Faro;420;Santo António;26;Administrative Assistant;1;22;22;22
31538;Faro;420;Santo António;221;Cook;1;10;10;10
31548;Santarem;134;Santarém;209;Baker Chef;1;43;43;43
31590;Copenhague;1935;Copenhague;580;Front Office Manager;1;7;7;7
31590;Copenhague;1935;Copenhague;676;Baby sitter;1;4;4;4
31616;Rivabellosa;1;Álava;591;Receptionist;1;31;31;31
31458;Vila Nova de Gaia;387;Serzedo;661;Restaurant Manager;1;13;13;13
31458;Vila Nova de Gaia;387;Serzedo;686;Esthetician;1;0;0;0
31458;Vila Nova de Gaia;387;Serzedo;711;Spa Assistant;1;0;0;0
31617;Sotogrande;11;Cádiz;248;Pastry Chef;1;18;18;18
31617;Sotogrande;11;Cádiz;335;Purchasing Coordinator;1;54;54;54
31617;Sotogrande;11;Cádiz;493;Maintenance Officer;1;18;18;18
31617;Sotogrande;11;Cádiz;561;Housekeeping Staff;1;96;96;96
31617;Sotogrande;11;Cádiz;580;Front Office Manager;1;35;35;35
31617;Sotogrande;11;Cádiz;591;Receptionist;1;49;49;49
31617;Sotogrande;11;Cádiz;652;Head Waiter;1;15;15;15
31617;Sotogrande;11;Cádiz;664;Restaurant Section Head;1;15;15;15
31617;Sotogrande;11;Cádiz;669;Waiter;1;24;24;24
31620;Salema;420;Santo António;591;Receptionist;1;4;4;4
31633;Lluchmayor;7;Islas Baleares;209;Baker Chef;1;1;1;1
31705;União das freguesias de Massamá e Monte Abraão;341;Distrito de Lisboa;314;Salesperson Call Center;1;18;18;18
31801;Lisbon;458;Avenidas Novas;67;Financial Assistant;1;58;58;58
31801;Lisbon;458;Avenidas Novas;221;Cook;1;85;85;85
31801;Lisbon;458;Avenidas Novas;282;Partners Specialist;1;19;19;19
31801;Lisbon;458;Avenidas Novas;436;Groups & Events Coordinator;1;32;32;32
31801;Lisbon;458;Avenidas Novas;473;Tourism Agent;1;133;133;133
31633;Lluchmayor;7;Islas Baleares;486;Facilities Technician;1;27;27;27
31926;El Albir;3;Alicante;698;Nursing professionals;1;5;5;5
31926;El Albir;3;Alicante;716;Hair Stylist;1;6;6;6
31926;El Albir;3;Alicante;811;Taxi Driver;1;20;20;20
31931;Tafira Alta;35;Las Palmas;616;Labor Administrative;1;28;28;28
31982;Amarilla Golf;412;San Miguel de Abona;561;Housekeeping Staff;1;12;12;12
31982;Amarilla Golf;412;San Miguel de Abona;669;Waiter;1;16;16;16
32095;Foz do Arelho;420;Santo António;552;Chambermaid;1;20;20;20
32110;União de freguesias de São Miguel de Souto e Mosteirô;420;Santo António;177;GEX - Guest Experience Assistant;1;12;12;12
32110;União de freguesias de São Miguel de Souto e Mosteirô;420;Santo António;221;Cook;1;9;9;9
32110;União de freguesias de São Miguel de Souto e Mosteirô;420;Santo António;591;Receptionist;1;12;12;12
32131;El Golfo;35;Las Palmas;669;Waiter;1;16;16;16
32180;Sobrado;449;Sobrado;243;Kitchen Assistant;1;26;26;26
31926;El Albir;3;Alicante;495;Mason;1;2;2;2
31801;Lisbon;458;Avenidas Novas;657;Bartender;1;12;12;12
31801;Lisbon;458;Avenidas Novas;678;Beautician;1;15;15;15
31801;Lisbon;458;Avenidas Novas;760;Product Development Manager;1;25;25;25
31801;Lisbon;458;Avenidas Novas;762;Technologist brewing;1;24;24;24
31813;Pinoso;3;Alicante;561;Housekeeping Staff;1;40;40;40
30563;Santa Maria da Feira;420;Santo António;221;Cook;1;8;8;8
30584;Poblado de Sancti Petri;11;Cádiz;584;Hotel Receptionist;1;7;7;7
30442;Puerto Rico;35;Las Palmas;590;Reception Assistant;1;28;28;28
30442;Puerto Rico;35;Las Palmas;732;Helpdesk Analyst;1;3;3;3
30445;Canelas;326;Norte Portugal;778;Car Driver;1;0;0;0
30452;Golf del Sur;412;San Miguel de Abona;243;Kitchen Assistant;1;13;13;13
30452;Golf del Sur;412;San Miguel de Abona;489;Maintenance Manager;1;13;13;13
30452;Golf del Sur;412;San Miguel de Abona;551;Assistant Executive Housekeeper;1;15;15;15
30493;San Isidro;333;Islas Canarias;166;Customer Service Agent;1;16;16;16
30493;San Isidro;333;Islas Canarias;472;Tour Manager;1;15;15;15
30523;Torre del Mar;29;Málaga;221;Cook;1;49;49;49
30523;Torre del Mar;29;Málaga;243;Kitchen Assistant;1;51;51;51
30523;Torre del Mar;29;Málaga;668;Waiter Assistant;1;34;34;34
30523;Torre del Mar;29;Málaga;669;Waiter;1;35;35;35
30539;Sant Jordi;7;Islas Baleares;552;Chambermaid;1;10;10;10
30751;Talavera de la Reina;45;Toledo;165;Customer Service Advisor;1;0;0;0
30772;Salir do Porto;420;Santo António;561;Housekeeping Staff;1;34;34;34
30854;La Lajita;35;Las Palmas;355;Diving Instructor;1;6;6;6
30856;El Toro;7;Islas Baleares;180;GEX - Guest Experience Manager;1;17;17;17
30856;El Toro;7;Islas Baleares;501;Technical Services Officer;1;11;11;11
30856;El Toro;7;Islas Baleares;668;Waiter Assistant;1;6;6;6
30456;Cala Galdana;7;Islas Baleares;669;Waiter;1;79;79;79
30487;Casal de Cambra;132;Lisboa;211;Bakery Manager;1;15;15;15
30619;Cullera;46;Valencia;668;Waiter Assistant;1;0;0;0
30595;Valongo;326;Norte Portugal;113;Travel Agent;1;17;17;17
30606;Beato;132;Lisboa;221;Cook;1;122;122;122
30606;Beato;132;Lisboa;669;Waiter;1;171;171;171
30614;Amor;338;Santarém District;167;Customer Service Assistant;1;2;2;2
30614;Amor;338;Santarém District;254;Sous Chef;1;15;15;15
30615;Empuriabrava;17;Girona;243;Kitchen Assistant;1;72;72;72
30615;Empuriabrava;17;Girona;580;Front Office Manager;1;27;27;27
30615;Empuriabrava;17;Girona;590;Reception Assistant;1;111;111;111
30615;Empuriabrava;17;Girona;652;Head Waiter;1;18;18;18
30615;Empuriabrava;17;Girona;669;Waiter;1;15;15;15
30619;Cullera;46;Valencia;243;Kitchen Assistant;1;0;0;0
30619;Cullera;46;Valencia;494;Maintenance Technician;1;27;27;27
30454;Playa de San Agustin;35;Las Palmas;32;Amusement Park Staff;1;7;7;7
30454;Playa de San Agustin;35;Las Palmas;88;Office Manager;1;35;35;35
30454;Playa de San Agustin;35;Las Palmas;141;Entertainment Manager;1;59;59;59
30454;Playa de San Agustin;35;Las Palmas;218;Chef;1;15;15;15
30454;Playa de San Agustin;35;Las Palmas;254;Sous Chef;1;41;41;41
30454;Playa de San Agustin;35;Las Palmas;482;Electrical Maintenance Technician;1;25;25;25
30454;Playa de San Agustin;35;Las Palmas;550;Assistant Hotel Manager;1;35;35;35
30454;Playa de San Agustin;35;Las Palmas;653;Host/Hostess;1;13;13;13
30455;Los Llanos;333;Islas Canarias;221;Cook;1;0;0;0
30455;Los Llanos;333;Islas Canarias;668;Waiter Assistant;1;0;0;0
30456;Cala Galdana;7;Islas Baleares;141;Entertainment Manager;1;69;69;69
30456;Cala Galdana;7;Islas Baleares;243;Kitchen Assistant;1;3;3;3
30456;Cala Galdana;7;Islas Baleares;257;Chef de Partie;1;18;18;18
30456;Cala Galdana;7;Islas Baleares;485;Facilities Assistant;1;9;9;9
30456;Cala Galdana;7;Islas Baleares;501;Technical Services Officer;1;18;18;18
30456;Cala Galdana;7;Islas Baleares;551;Assistant Executive Housekeeper;1;16;16;16
30456;Cala Galdana;7;Islas Baleares;611;Human Resources Coordinator;1;16;16;16
30456;Cala Galdana;7;Islas Baleares;631;Assistant Restaurant Manager;1;11;11;11
30417;Son Bou;7;Islas Baleares;570;Assistant Head of Reception;1;6;6;6
30417;Son Bou;7;Islas Baleares;577;Concierge;1;23;23;23
30417;Son Bou;7;Islas Baleares;628;Assistant Bar Manager;1;6;6;6
30417;Son Bou;7;Islas Baleares;661;Restaurant Manager;1;15;15;15
30425;S.Teotónio;420;Santo António;591;Receptionist;1;15;15;15
30442;Puerto Rico;35;Las Palmas;221;Cook;1;16;16;16
30378;Los Realejos;333;Islas Canarias;552;Chambermaid;1;47;47;47
30378;Los Realejos;333;Islas Canarias;557;Executive Housekeeper;1;29;29;29
30374;Campanhã;147;Porto;313;Sales Assistant;1;28;28;28
30374;Campanhã;147;Porto;552;Chambermaid;1;112;112;112
30378;Los Realejos;333;Islas Canarias;650;Food and Beverage Manager;1;30;30;30
30378;Los Realejos;333;Islas Canarias;692;Lifesaver;1;40;40;40
30378;Los Realejos;333;Islas Canarias;714;Spa Receptionist;1;50;50;50
30378;Los Realejos;333;Islas Canarias;715;Spa Therapist;1;22;22;22
30381;Saifores;43;Tarragona;243;Kitchen Assistant;1;90;90;90
30417;Son Bou;7;Islas Baleares;124;Actor;1;29;29;29
30417;Son Bou;7;Islas Baleares;130;Children's Animator;1;73;73;73
30417;Son Bou;7;Islas Baleares;141;Entertainment Manager;1;40;40;40
30417;Son Bou;7;Islas Baleares;243;Kitchen Assistant;1;21;21;21
30417;Son Bou;7;Islas Baleares;254;Sous Chef;1;32;32;32
30417;Son Bou;7;Islas Baleares;257;Chef de Partie;1;14;14;14
30374;Campanhã;147;Porto;669;Waiter;1;70;70;70
30375;Arguineguín;35;Las Palmas;493;Maintenance Officer;1;30;30;30
30329;Llafranc;17;Girona;493;Maintenance Officer;1;9;9;9
30329;Llafranc;17;Girona;552;Chambermaid;1;17;17;17
30329;Llafranc;17;Girona;591;Receptionist;1;25;25;25
30330;Son Xoriguer;7;Islas Baleares;159;Tourist Animator;1;0;0;0
30330;Son Xoriguer;7;Islas Baleares;163;Fitness Animator;1;0;0;0
30345;Platja de Palma;7;Islas Baleares;493;Maintenance Officer;1;10;10;10
30351;La Pineda;43;Tarragona;221;Cook;1;76;76;76
30351;La Pineda;43;Tarragona;552;Chambermaid;1;195;195;195
30351;La Pineda;43;Tarragona;591;Receptionist;1;210;210;210
30351;La Pineda;43;Tarragona;712;Spa Coordinator;1;35;35;35
30353;Cala Bona;7;Islas Baleares;159;Tourist Animator;1;0;0;0
30353;Cala Bona;7;Islas Baleares;400;Swimming Instructor;1;0;0;0
30360;Calella de Palafrugell;17;Girona;218;Chef;1;43;43;43
30360;Calella de Palafrugell;17;Girona;492;Maintenance Assistant;1;52;52;52
30371;Santa Maria de Belém;132;Lisboa;181;GEX - Guest Experience Coordinator;1;13;13;13
30371;Santa Maria de Belém;132;Lisboa;657;Bartender;1;65;65;65
30330;Son Xoriguer;7;Islas Baleares;254;Sous Chef;1;39;39;39
30330;Son Xoriguer;7;Islas Baleares;551;Assistant Executive Housekeeper;1;46;46;46
30330;Son Xoriguer;7;Islas Baleares;552;Chambermaid;1;22;22;22
30330;Son Xoriguer;7;Islas Baleares;561;Housekeeping Staff;1;21;21;21
30330;Son Xoriguer;7;Islas Baleares;580;Front Office Manager;1;41;41;41
30330;Son Xoriguer;7;Islas Baleares;647;Food and Beverage Assistant;1;15;15;15
30342;Vilarinho dos Freires;529;Distrito da Guarda;476;Wine Tourism Guide;1;11;11;11
30308;Baqueira;25;Lleida;697;Masseur;1;48;48;48
30308;Baqueira;25;Lleida;561;Housekeeping Staff;1;110;110;110
30308;Baqueira;25;Lleida;591;Receptionist;1;118;118;118
30261;Playa de Fañabé;333;Islas Canarias;561;Housekeeping Staff;1;32;32;32
30261;Playa de Fañabé;333;Islas Canarias;580;Front Office Manager;1;20;20;20
30261;Playa de Fañabé;333;Islas Canarias;596;Recruitment Technician;1;9;9;9
30282;Sierra Nevada;18;Granada;570;Assistant Head of Reception;1;63;63;63
30282;Sierra Nevada;18;Granada;591;Receptionist;1;166;166;166
30282;Sierra Nevada;18;Granada;696;Massage Therapist;1;17;17;17
30289;Font de Sa Cala;7;Islas Baleares;257;Chef de Partie;1;28;28;28
30289;Font de Sa Cala;7;Islas Baleares;668;Waiter Assistant;1;11;11;11
30293;Roldán;30;Murcia;634;Bar Manager;1;10;10;10
30293;Roldán;30;Murcia;669;Waiter;1;39;39;39
30301;Puebla de Farnals;46;Valencia;221;Cook;1;56;56;56
30301;Puebla de Farnals;46;Valencia;669;Waiter;1;49;49;49
30308;Baqueira;25;Lleida;88;Office Manager;1;10;10;10
30308;Baqueira;25;Lleida;221;Cook;1;65;65;65
30308;Baqueira;25;Lleida;232;Garde Manger Chef;1;56;56;56
30308;Baqueira;25;Lleida;493;Maintenance Officer;1;35;35;35
30308;Baqueira;25;Lleida;494;Maintenance Technician;1;38;38;38
30265;Castillo de Aro;17;Girona;647;Food and Beverage Assistant;1;0;0;0
30266;Cieza;30;Murcia;503;Warehouse Stock Handler;1;11;11;11
30278;La Herradura;18;Granada;218;Chef;1;36;36;36
30278;La Herradura;18;Granada;552;Chambermaid;1;68;68;68
30278;La Herradura;18;Granada;584;Hotel Receptionist;1;92;92;92
30278;La Herradura;18;Granada;661;Restaurant Manager;1;12;12;12
30278;La Herradura;18;Granada;669;Waiter;1;43;43;43
30280;Torrenova;7;Islas Baleares;221;Cook;1;18;18;18
30280;Torrenova;7;Islas Baleares;669;Waiter;1;28;28;28
30282;Sierra Nevada;18;Granada;23;Administrative;1;36;36;36
30282;Sierra Nevada;18;Granada;177;GEX - Guest Experience Assistant;1;23;23;23
30282;Sierra Nevada;18;Granada;181;GEX - Guest Experience Coordinator;1;53;53;53
30282;Sierra Nevada;18;Granada;221;Cook;1;88;88;88
30282;Sierra Nevada;18;Granada;489;Maintenance Manager;1;28;28;28
30282;Sierra Nevada;18;Granada;494;Maintenance Technician;1;22;22;22
32443;Valencia;46;Valencia;584;Hotel Receptionist;1;160;160;160
32448;La Marina Alta;3;Alicante;332;Purchasing Agent;1;48;48;48
32454;Almancil;420;Santo António;323;Buyer;1;7;7;7
32454;Almancil;420;Santo António;561;Housekeeping Staff;1;15;15;15
32454;Almancil;420;Santo António;572;Bellboy;1;13;13;13
32454;Almancil;420;Santo António;591;Receptionist;1;19;19;19
32565;Dehesa de Campoamor;3;Alicante;221;Cook;1;22;22;22
32434;Portopetro;7;Islas Baleares;243;Kitchen Assistant;1;24;24;24
32434;Portopetro;7;Islas Baleares;552;Chambermaid;1;222;222;222
32426;Estrela;132;Lisboa;630;Assistant Head Waiter;1;38;38;38
32426;Estrela;132;Lisboa;637;Barista;1;18;18;18
32426;Estrela;132;Lisboa;650;Food and Beverage Manager;1;36;36;36
32426;Estrela;132;Lisboa;657;Bartender;1;157;157;157
31926;El Albir;3;Alicante;560;Cleaning Manager;1;26;26;26
32422;Ribamar;341;Distrito de Lisboa;221;Cook;1;4;4;4
32425;Cascais;417;Cascais;114;Travel Coordinator;1;39;39;39
32425;Cascais;417;Cascais;218;Chef;1;5;5;5
32425;Cascais;417;Cascais;489;Maintenance Manager;1;17;17;17
32425;Cascais;417;Cascais;570;Assistant Head of Reception;1;44;44;44
32425;Cascais;417;Cascais;584;Hotel Receptionist;1;37;37;37
32425;Cascais;417;Cascais;647;Food and Beverage Assistant;1;9;9;9
32425;Cascais;417;Cascais;657;Bartender;1;31;31;31
32426;Estrela;132;Lisboa;79;Hotel Director;1;92;92;92
32426;Estrela;132;Lisboa;221;Cook;1;53;53;53
32426;Estrela;132;Lisboa;572;Bellboy;1;19;19;19
32201;San Julián de Loria;1207;San Julián de Loria;79;Hotel Director;1;39;39;39
32263;Sigüeiro;15;A Coruña;221;Cook;1;6;6;6
32413;Platges de Fornells;7;Islas Baleares;79;Hotel Director;1;72;72;72
32413;Platges de Fornells;7;Islas Baleares;235;Grill Chef;1;100;100;100
32413;Platges de Fornells;7;Islas Baleares;653;Host/Hostess;1;348;348;348
31926;El Albir;3;Alicante;652;Head Waiter;1;16;16;16
31926;El Albir;3;Alicante;653;Host/Hostess;1;31;31;31
31926;El Albir;3;Alicante;657;Bartender;1;70;70;70
32641;Oporto;147;Porto;55;Controller;1;5;5;5
32641;Oporto;147;Porto;62;Finance Specialist;1;16;16;16
32641;Oporto;147;Porto;75;Head of Administration;1;38;38;38
32641;Oporto;147;Porto;94;Regional Manager;1;94;94;94
32641;Oporto;147;Porto;12;Accounts Payable Assistant;1;21;21;21
32641;Oporto;147;Porto;112;Travel Agency Manager;1;21;21;21
32641;Oporto;147;Porto;98;Theme Park Manager;1;10;10;10
32641;Oporto;147;Porto;120;Reservations Manager;1;50;50;50
32641;Oporto;147;Porto;122;Activities Assistant;1;14;14;14
32641;Oporto;147;Porto;136;Dance Instructor;1;1;1;1
32641;Oporto;147;Porto;142;Events Coordinator;1;4;4;4
32641;Oporto;147;Porto;165;Customer Service Advisor;1;14;14;14
32603;El Arenal;7;Islas Baleares;590;Reception Assistant;1;75;75;75
32603;El Arenal;7;Islas Baleares;652;Head Waiter;1;30;30;30
32603;El Arenal;7;Islas Baleares;669;Waiter;1;41;41;41
32574;Campo de Gibraltar;11;Cádiz;577;Concierge;1;67;67;67
32603;El Arenal;7;Islas Baleares;221;Cook;1;20;20;20
32603;El Arenal;7;Islas Baleares;315;Store Manager;1;10;10;10
32603;El Arenal;7;Islas Baleares;316;Store Sales Assistant;1;14;14;14
32603;El Arenal;7;Islas Baleares;501;Technical Services Officer;1;21;21;21
32641;Oporto;147;Porto;2;Accounting Assistant;1;18;18;18
32641;Oporto;147;Porto;4;Personal Assistant;1;22;22;22
32641;Oporto;147;Porto;42;Casino Manager;1;9;9;9
32641;Oporto;147;Porto;45;Chief Executive Officer (CEO);1;34;34;34
32641;Oporto;147;Porto;590;Reception Assistant;1;102;102;102
32641;Oporto;147;Porto;577;Concierge;1;12;12;12
32641;Oporto;147;Porto;565;Laundry Manager;1;8;8;8
32641;Oporto;147;Porto;600;Revenue Agent;1;39;39;39
32641;Oporto;147;Porto;608;Human Resources Assistant;1;18;18;18
32641;Oporto;147;Porto;560;Cleaning Manager;1;16;16;16
32641;Oporto;147;Porto;497;Building Repairer;1;14;14;14
32641;Oporto;147;Porto;503;Warehouse Stock Handler;1;7;7;7
32641;Oporto;147;Porto;516;Digital Marketing Manager;1;25;25;25
32641;Oporto;147;Porto;534;Marketing Manager;1;59;59;59
32641;Oporto;147;Porto;550;Assistant Hotel Manager;1;16;16;16
32641;Oporto;147;Porto;493;Maintenance Officer;1;10;10;10
32641;Oporto;147;Porto;474;Tourist Information Guide;1;10;10;10
32641;Oporto;147;Porto;482;Electrical Maintenance Technician;1;12;12;12
32641;Oporto;147;Porto;461;City Tour Guide;1;22;22;22
32641;Oporto;147;Porto;467;Museum Guide;1;27;27;27
32641;Oporto;147;Porto;275;Marketing and Sales Manager;1;50;50;50
32641;Oporto;147;Porto;291;Sales & MICE Assistant;1;93;93;93
32641;Oporto;147;Porto;271;Hotel Sales Manager;1;32;32;32
32641;Oporto;147;Porto;266;Commercial and Marketing Manager;1;15;15;15
32641;Oporto;147;Porto;228;Executive Chef;1;24;24;24
32641;Oporto;147;Porto;242;Sushiman;1;82;82;82
32641;Oporto;147;Porto;323;Buyer;1;13;13;13
32641;Oporto;147;Porto;327;Inventory Analyst;1;42;42;42
32641;Oporto;147;Porto;343;Supply and Logistics Manager;1;8;8;8
32641;Oporto;147;Porto;378;Hotel Management Consultant;1;0;0;0
32641;Oporto;147;Porto;401;Tourist Management Consultant;1;9;9;9
32641;Oporto;147;Porto;438;Groups & Events Sales Manager;1;27;27;27
32641;Oporto;147;Porto;439;Groups and MICE Coordinator;1;0;0;0
32641;Oporto;147;Porto;199;Customer Service Technician;1;112;112;112
32641;Oporto;147;Porto;204;Quality Director;1;25;25;25
32641;Oporto;147;Porto;180;GEX - Guest Experience Manager;1;11;11;11
32641;Oporto;147;Porto;181;GEX - Guest Experience Coordinator;1;96;96;96
32641;Oporto;147;Porto;117;Travel guide;1;86;86;86
32641;Oporto;147;Porto;167;Customer Service Assistant;1;45;45;45
32641;Oporto;147;Porto;172;Customer Support Assistant;1;65;65;65
32641;Oporto;147;Porto;253;Sommelier Chef;1;9;9;9
32641;Oporto;147;Porto;224;Dietary Chef;1;77;77;77
33596;Tróia Peninsula;446;Carvalhal;119;Reservation Agent;1;26;26;26
33596;Tróia Peninsula;446;Carvalhal;221;Cook;1;23;23;23
33596;Tróia Peninsula;446;Carvalhal;561;Housekeeping Staff;1;106;106;106
33596;Tróia Peninsula;446;Carvalhal;591;Receptionist;1;27;27;27
33596;Tróia Peninsula;446;Carvalhal;669;Waiter;1;28;28;28
33599;San Nicolás de los Garza;117;Nuevo León;113;Travel Agent;1;3;3;3
33640;Son Castelló;7;Islas Baleares;23;Administrative;1;14;14;14
33640;Son Castelló;7;Islas Baleares;257;Chef de Partie;1;47;47;47
33685;Valle de Lago;33;Asturias;561;Housekeeping Staff;1;53;53;53
33730;Carvoeiro;420;Santo António;88;Office Manager;1;16;16;16
33730;Carvoeiro;420;Santo António;159;Tourist Animator;1;11;11;11
33730;Carvoeiro;420;Santo António;251;Pizzaiolo;1;13;13;13
33730;Carvoeiro;420;Santo António;487;Gardener;1;4;4;4
33399;Santa Susana;17;Girona;591;Receptionist;1;111;111;111
33399;Santa Susana;17;Girona;652;Head Waiter;1;22;22;22
33399;Santa Susana;17;Girona;257;Chef de Partie;1;33;33;33
33429;Randa;7;Islas Baleares;257;Chef de Partie;1;38;38;38
33436;Vallès Oriental;8;Barcelona;699;Nutritionist;1;9;9;9
33463;El Alquián;18;Granada;286;Rental Sales Consultant;1;3;3;3
33485;Gafanha da Boa Hora;420;Santo António;591;Receptionist;1;35;35;35
33485;Gafanha da Boa Hora;420;Santo António;724;Nightwatchman;1;20;20;20
33513;Playa de Gandía;46;Valencia;79;Hotel Director;1;96;96;96
34209;Marinhas;420;Santo António;561;Housekeeping Staff;1;17;17;17
34254;Santa Ana Tlapaltitlán;113;Estado de México;113;Travel Agent;1;14;14;14
34304;Faial;182;Madeira;293;Sales Agent;1;2;2;2
34316;Porto;447;Santa Marinha;413;Catering Manager;1;10;10;10
34316;Porto;447;Santa Marinha;580;Front Office Manager;1;4;4;4
34316;Porto;447;Santa Marinha;587;Night Auditor;1;10;10;10
34316;Porto;447;Santa Marinha;657;Bartender;1;15;15;15
34316;Porto;447;Santa Marinha;669;Waiter;1;10;10;10
34367;San Miguel;150;Açores;396;Sommelier Consultant;1;24;24;24
34396;Platja de Son Xoriguer;7;Islas Baleares;254;Sous Chef;1;14;14;14
34398;Las Bayas;3;Alicante;198;Call Center Technician;1;7;7;7
34398;Las Bayas;3;Alicante;267;Commercial Manager;1;8;8;8
34398;Las Bayas;3;Alicante;600;Revenue Agent;1;2;2;2
34398;Las Bayas;3;Alicante;661;Restaurant Manager;1;11;11;11
34413;Cóbreces;39;Cantabria;669;Waiter;1;6;6;6
34503;Playa de Migjorn;7;Islas Baleares;32;Amusement Park Staff;1;27;27;27
33218;La Duquesa;11;Cádiz;661;Restaurant Manager;1;19;19;19
33242;São Vicente;456;Santa Maria Maior;221;Cook;1;61;61;61
33248;El Palmar;30;Murcia;669;Waiter;1;20;20;20
33251;Carrús;3;Alicante;591;Receptionist;1;97;97;97
33259;Reguengos de Monsaraz;420;Santo António;142;Events Coordinator;1;18;18;18
33259;Reguengos de Monsaraz;420;Santo António;243;Kitchen Assistant;1;14;14;14
33259;Reguengos de Monsaraz;420;Santo António;247;Pastry Assistant;1;9;9;9
33259;Reguengos de Monsaraz;420;Santo António;501;Technical Services Officer;1;12;12;12
33259;Reguengos de Monsaraz;420;Santo António;715;Spa Therapist;1;17;17;17
33263;Vallès Occidental;8;Barcelona;631;Assistant Restaurant Manager;1;30;30;30
33282;Foz do Douro;147;Porto;228;Executive Chef;1;32;32;32
33282;Foz do Douro;147;Porto;243;Kitchen Assistant;1;72;72;72
32902;Sant Tomàs;7;Islas Baleares;119;Reservation Agent;1;65;65;65
32902;Sant Tomàs;7;Islas Baleares;130;Children's Animator;1;45;45;45
32902;Sant Tomàs;7;Islas Baleares;159;Tourist Animator;1;0;0;0
32902;Sant Tomàs;7;Islas Baleares;168;Customer Service Coordinator;1;9;9;9
32902;Sant Tomàs;7;Islas Baleares;181;GEX - Guest Experience Coordinator;1;15;15;15
32902;Sant Tomàs;7;Islas Baleares;664;Restaurant Section Head;1;33;33;33
32687;Barranco de Vinamar;35;Las Palmas;487;Gardener;1;60;60;60
33399;Santa Susana;17;Girona;49;Revenue Manager;1;21;21;21
33392;Sagres;420;Santo António;634;Bar Manager;1;4;4;4
33307;Sesimbra (Castelo);420;Santo António;630;Assistant Head Waiter;1;4;4;4
33322;Cantabria;39;Cantabria;552;Chambermaid;1;16;16;16
33392;Sagres;420;Santo António;221;Cook;1;15;15;15
33392;Sagres;420;Santo António;245;Mediterranean Food Cook;1;11;11;11
33392;Sagres;420;Santo António;254;Sous Chef;1;14;14;14
32916;Cala Murada;7;Islas Baleares;652;Head Waiter;1;29;29;29
32916;Cala Murada;7;Islas Baleares;220;Commis Chef;1;37;37;37
32916;Cala Murada;7;Islas Baleares;243;Kitchen Assistant;1;44;44;44
32916;Cala Murada;7;Islas Baleares;591;Receptionist;1;106;106;106
32641;Oporto;147;Porto;762;Technologist brewing;1;11;11;11
32641;Oporto;147;Porto;763;Business Intelligence Analyst;1;10;10;10
32641;Oporto;147;Porto;767;Airport Operations Manager;1;3;3;3
32641;Oporto;147;Porto;768;Airport ramp Attendant;1;3;3;3
32641;Oporto;147;Porto;770;Aviation Pilot;1;2;2;2
32641;Oporto;147;Porto;733;IT Helpdesk Analyst;1;58;58;58
32641;Oporto;147;Porto;742;Data Scientist;1;1;1;1
32641;Oporto;147;Porto;746;Web Developer;1;8;8;8
32641;Oporto;147;Porto;751;Digital Transformation Manager;1;11;11;11
32641;Oporto;147;Porto;752;Digital Transformation Specialist;1;11;11;11
32721;Barri de Porta;46;Valencia;221;Cook;1;16;16;16
32721;Barri de Porta;46;Valencia;300;Sales Host;1;25;25;25
32721;Barri de Porta;46;Valencia;452;Sport Center Manager;1;0;0;0
32721;Barri de Porta;46;Valencia;453;Sporting Activities Manager;1;3;3;3
32641;Oporto;147;Porto;778;Car Driver;1;23;23;23
32641;Oporto;147;Porto;806;Ship Steward;1;19;19;19
32641;Oporto;147;Porto;642;Cocktail Bar Manager;1;10;10;10
32641;Oporto;147;Porto;647;Food and Beverage Assistant;1;0;0;0
32641;Oporto;147;Porto;668;Waiter Assistant;1;18;18;18
32641;Oporto;147;Porto;692;Lifesaver;1;18;18;18
32641;Oporto;147;Porto;699;Nutritionist;1;0;0;0
32902;Sant Tomàs;7;Islas Baleares;257;Chef de Partie;1;30;30;30
32902;Sant Tomàs;7;Islas Baleares;484;Facilities Manager;1;13;13;13
32902;Sant Tomàs;7;Islas Baleares;501;Technical Services Officer;1;8;8;8
32902;Sant Tomàs;7;Islas Baleares;550;Assistant Hotel Manager;1;29;29;29
32902;Sant Tomàs;7;Islas Baleares;561;Housekeeping Staff;1;32;32;32
32902;Sant Tomàs;7;Islas Baleares;587;Night Auditor;1;44;44;44
32902;Sant Tomàs;7;Islas Baleares;628;Assistant Bar Manager;1;15;15;15
32902;Sant Tomàs;7;Islas Baleares;631;Assistant Restaurant Manager;1;42;42;42
32767;Son Vida;419;Mallorca;652;Head Waiter;1;33;33;33
32767;Son Vida;419;Mallorca;669;Waiter;1;191;191;191
32774;São Cosme;474;Porto District;113;Travel Agent;1;29;29;29
32825;Gradil;341;Distrito de Lisboa;476;Wine Tourism Guide;1;19;19;19
32830;Taliarte;35;Las Palmas;669;Waiter;1;1;1;1
32858;El Cotillo;35;Las Palmas;591;Receptionist;1;56;56;56
32721;Barri de Porta;46;Valencia;661;Restaurant Manager;1;7;7;7
32721;Barri de Porta;46;Valencia;669;Waiter;1;27;27;27
32767;Son Vida;419;Mallorca;57;Controller Assistant;1;16;16;16
32767;Son Vida;419;Mallorca;293;Sales Agent;1;39;39;39
32767;Son Vida;419;Mallorca;591;Receptionist;1;101;101;101
32927;Aneto;25;Lleida;669;Waiter;1;14;14;14
32957;Silveira;341;Distrito de Lisboa;80;Hotel Manager;1;34;34;34
32969;Isla Canela;21;Huelva;669;Waiter;1;14;14;14
32977;Playa de la Calera;333;Islas Canarias;218;Chef;1;30;30;30
33007;Olival;420;Santo António;8;Accounting Technician;1;10;10;10
33034;Moraira;3;Alicante;210;Assistant Baker;1;12;12;12
33058;Arriondas, Parres;33;Asturias;257;Chef de Partie;1;32;32;32
33083;Maia;498;Moreira;221;Cook;1;2;2;2
33087;Playa Barca;35;Las Palmas;128;Animation Supervisor;1;60;60;60
33087;Playa Barca;35;Las Palmas;141;Entertainment Manager;1;49;49;49
33087;Playa Barca;35;Las Palmas;180;GEX - Guest Experience Manager;1;27;27;27
33087;Playa Barca;35;Las Palmas;254;Sous Chef;1;30;30;30
33087;Playa Barca;35;Las Palmas;436;Groups & Events Coordinator;1;30;30;30
33087;Playa Barca;35;Las Palmas;550;Assistant Hotel Manager;1;46;46;46
33087;Playa Barca;35;Las Palmas;580;Front Office Manager;1;40;40;40
33087;Playa Barca;35;Las Palmas;611;Human Resources Coordinator;1;19;19;19
33087;Playa Barca;35;Las Palmas;613;Human Resources Manager;1;33;33;33
33106;Azueira;341;Distrito de Lisboa;209;Baker Chef;1;3;3;3
33124;La Palma;30;Murcia;127;Animation Manager;1;37;37;37
33131;Buenavista;333;Islas Canarias;494;Maintenance Technician;1;15;15;15
33131;Buenavista;333;Islas Canarias;550;Assistant Hotel Manager;1;10;10;10
33206;Marrachí;7;Islas Baleares;293;Sales Agent;1;28;28;28
38651;Santa Eulalia del Río;7;Islas Baleares;653;Host/Hostess;1;76;76;76
38962;Guimaraes;474;Porto District;669;Waiter;1;30;30;30
38965;Valência;46;Valencia;584;Hotel Receptionist;1;194;194;194
39030;Platja de Daimús;46;Valencia;45;Chief Executive Officer (CEO);1;53;53;53
38651;Santa Eulalia del Río;7;Islas Baleares;275;Marketing and Sales Manager;1;23;23;23
38412;Sierra de la Estrella;529;Distrito da Guarda;221;Cook;1;32;32;32
38412;Sierra de la Estrella;529;Distrito da Guarda;552;Chambermaid;1;29;29;29
38483;Majorca;7;Islas Baleares;26;Administrative Assistant;1;76;76;76
38483;Majorca;7;Islas Baleares;28;Administrative Intern;1;19;19;19
38483;Majorca;7;Islas Baleares;79;Hotel Director;1;97;97;97
38483;Majorca;7;Islas Baleares;221;Cook;1;149;149;149
38483;Majorca;7;Islas Baleares;293;Sales Agent;1;13;13;13
38533;Romeral;3;Alicante;117;Travel guide;1;14;14;14
38602;Toledo;5;Ávila;650;Food and Beverage Manager;1;18;18;18
38602;Toledo;5;Ávila;669;Waiter;1;21;21;21
38651;Santa Eulalia del Río;7;Islas Baleares;221;Cook;1;92;92;92
38046;Beret;25;Lleida;552;Chambermaid;1;35;35;35
35444;Distrito de Coimbra;420;Santo António;561;Housekeeping Staff;1;27;27;27
37280;Municipio de Manresa;17;Girona;221;Cook;1;37;37;37
37285;San Martín Azcatepec;113;Estado de México;113;Travel Agent;1;6;6;6
37478;Castillo de Bendinat;7;Islas Baleares;74;Head of Accounting;1;36;36;36
37478;Castillo de Bendinat;7;Islas Baleares;130;Children's Animator;1;26;26;26
37801;Avellá;43;Tarragona;669;Waiter;1;54;54;54
37808;Playa de las Américas;333;Islas Canarias;130;Children's Animator;1;0;0;0
36470;Bizkaia;48;Vizcaya;257;Chef de Partie;1;38;38;38
36470;Bizkaia;48;Vizcaya;665;Sommelier;1;16;16;16
36470;Bizkaia;48;Vizcaya;669;Waiter;1;54;54;54
36479;Lodares;42;Soria;664;Restaurant Section Head;1;4;4;4
36506;El Portús;30;Murcia;494;Maintenance Technician;1;21;21;21
36521;Melgaço;420;Santo António;580;Front Office Manager;1;30;30;30
36525;Praia de Mira;420;Santo António;561;Housekeeping Staff;1;31;31;31
36599;Doña Maria;18;Granada;577;Concierge;1;58;58;58
36614;Rio Douro;420;Santo António;471;Tour Guide;1;20;20;20
36621;Playa de Esquinzo;35;Las Palmas;221;Cook;1;68;68;68
36621;Playa de Esquinzo;35;Las Palmas;494;Maintenance Technician;1;25;25;25
36621;Playa de Esquinzo;35;Las Palmas;552;Chambermaid;1;34;34;34
36621;Playa de Esquinzo;35;Las Palmas;669;Waiter;1;34;34;34
36645;Tocha;420;Santo António;669;Waiter;1;17;17;17
36744;Troncones;110;Guerrero;218;Chef;1;8;8;8
36820;Ferreiros de Tendais;474;Porto District;561;Housekeeping Staff;1;13;13;13
37031;Albaredo;27;Lugo;228;Executive Chef;1;52;52;52
37192;Metepec;113;Estado de México;113;Travel Agent;1;1;1;1
37239;Altea Hills;3;Alicante;498;Swimming Pool Maintenance;1;10;10;10
37239;Altea Hills;3;Alicante;589;Night Receptionist;1;29;29;29
37239;Altea Hills;3;Alicante;669;Waiter;1;36;36;36
37239;Altea Hills;3;Alicante;698;Nursing professionals;1;3;3;3
37280;Municipio de Manresa;17;Girona;6;Accounting Intern;1;0;0;0
36058;Torrent;17;Girona;724;Nightwatchman;1;17;17;17
36121;Escaladei;43;Tarragona;669;Waiter;1;101;101;101
36126;São Teotónio;420;Santo António;669;Waiter;1;15;15;15
36128;Guecho;48;Vizcaya;221;Cook;1;0;0;0
36178;Itziar;20;Guipúzcoa;561;Housekeeping Staff;1;0;0;0
36252;Sa Riera;17;Girona;226;Dishwasher;1;69;69;69
36252;Sa Riera;17;Girona;345;Supply Department Assistant;1;15;15;15
36252;Sa Riera;17;Girona;657;Bartender;1;15;15;15
36252;Sa Riera;17;Girona;669;Waiter;1;41;41;41
36270;Cales Piques;7;Islas Baleares;218;Chef;1;28;28;28
36270;Cales Piques;7;Islas Baleares;254;Sous Chef;1;19;19;19
36270;Cales Piques;7;Islas Baleares;257;Chef de Partie;1;11;11;11
36270;Cales Piques;7;Islas Baleares;591;Receptionist;1;26;26;26
36313;Montnegre;17;Girona;552;Chambermaid;1;64;64;64
36470;Bizkaia;48;Vizcaya;180;GEX - Guest Experience Manager;1;12;12;12
35919;Orbaneja del Castillo;39;Cantabria;221;Cook;1;14;14;14
35933;Las Arenas;39;Cantabria;462;Cultural Tour Guide;1;32;32;32
35990;Elvas;420;Santo António;494;Maintenance Technician;1;11;11;11
35991;Bajouca;420;Santo António;561;Housekeeping Staff;1;18;18;18
36042;Ancede;474;Porto District;669;Waiter;1;28;28;28
36058;Torrent;17;Girona;221;Cook;1;62;62;62
36058;Torrent;17;Girona;247;Pastry Assistant;1;25;25;25
36058;Torrent;17;Girona;489;Maintenance Manager;1;36;36;36
36058;Torrent;17;Girona;494;Maintenance Technician;1;10;10;10
36058;Torrent;17;Girona;551;Assistant Executive Housekeeper;1;13;13;13
36058;Torrent;17;Girona;561;Housekeeping Staff;1;31;31;31
35462;Azóia;341;Distrito de Lisboa;591;Receptionist;1;12;12;12
35468;Touguinhó;474;Porto District;483;Electrician;1;0;0;0
35519;Santa María;15;A Coruña;221;Cook;1;0;0;0
35613;Serantes;27;Lugo;668;Waiter Assistant;1;12;12;12
35686;Quintanal;33;Asturias;580;Front Office Manager;1;1;1;1
35720;Rodellar;22;Huesca;221;Cook;1;19;19;19
35726;Torreauzo;20;Guipúzcoa;221;Cook;1;48;48;48
35726;Torreauzo;20;Guipúzcoa;669;Waiter;1;6;6;6
35805;Urbanización Ría del Pas;39;Cantabria;552;Chambermaid;1;13;13;13
35827;Boavista dos Pinheiros;420;Santo António;483;Electrician;1;19;19;19
35834;Caín de Valdeón;33;Asturias;669;Waiter;1;15;15;15
35902;Tecámac de Felipe Villanueva;113;Estado de México;113;Travel Agent;1;40;40;40
35902;Tecámac de Felipe Villanueva;113;Estado de México;293;Sales Agent;1;4;4;4
34130;Arenal d'en Castell;7;Islas Baleares;503;Warehouse Stock Handler;1;18;18;18
34130;Arenal d'en Castell;7;Islas Baleares;552;Chambermaid;1;13;13;13
35291;Lisbon;427;Arroios;650;Food and Beverage Manager;1;83;83;83
35291;Lisbon;427;Arroios;652;Head Waiter;1;39;39;39
35291;Lisbon;427;Arroios;657;Bartender;1;41;41;41
35291;Lisbon;427;Arroios;669;Waiter;1;1;1;1
35308;Cabeça Boa;529;Distrito da Guarda;80;Hotel Manager;1;20;20;20
35052;Penha Garcia;420;Santo António;218;Chef;1;9;9;9
35154;Playa de Almadraba;18;Granada;150;Multifunctional Animator;1;265;265;265
35258;La Savina;7;Islas Baleares;494;Maintenance Technician;1;22;22;22
35258;La Savina;7;Islas Baleares;591;Receptionist;1;88;88;88
35291;Lisbon;427;Arroios;221;Cook;1;93;93;93
35291;Lisbon;427;Arroios;293;Sales Agent;1;1;1;1
35291;Lisbon;427;Arroios;411;Assistant Events Coordinator;1;21;21;21
35291;Lisbon;427;Arroios;474;Tourist Information Guide;1;28;28;28
35291;Lisbon;427;Arroios;577;Concierge;1;33;33;33
34503;Playa de Migjorn;7;Islas Baleares;561;Housekeeping Staff;1;36;36;36
34503;Playa de Migjorn;7;Islas Baleares;564;Laundry Attendant;1;6;6;6
34503;Playa de Migjorn;7;Islas Baleares;590;Reception Assistant;1;40;40;40
34503;Playa de Migjorn;7;Islas Baleares;628;Assistant Bar Manager;1;13;13;13
34503;Playa de Migjorn;7;Islas Baleares;630;Assistant Head Waiter;1;27;27;27
34503;Playa de Migjorn;7;Islas Baleares;636;Barback;1;95;95;95
34503;Playa de Migjorn;7;Islas Baleares;664;Restaurant Section Head;1;21;21;21
34503;Playa de Migjorn;7;Islas Baleares;668;Waiter Assistant;1;126;126;126
34503;Playa de Migjorn;7;Islas Baleares;669;Waiter;1;15;15;15
34513;La Alcaidesa;11;Cádiz;55;Controller;1;8;8;8
34513;La Alcaidesa;11;Cádiz;74;Head of Accounting;1;11;11;11
34513;La Alcaidesa;11;Cádiz;221;Cook;1;16;16;16
34513;La Alcaidesa;11;Cádiz;254;Sous Chef;1;14;14;14
34513;La Alcaidesa;11;Cádiz;661;Restaurant Manager;1;23;23;23
34513;La Alcaidesa;11;Cádiz;669;Waiter;1;42;42;42
34581;Alvados;338;Santarém District;221;Cook;1;6;6;6
34602;Ramalde;147;Porto;113;Travel Agent;1;67;67;67
34602;Ramalde;147;Porto;293;Sales Agent;1;11;11;11
34602;Ramalde;147;Porto;401;Tourist Management Consultant;1;27;27;27
34602;Ramalde;147;Porto;669;Waiter;1;15;15;15
34642;San José del Cabo;102;Baja California Sur;316;Store Sales Assistant;1;1;1;1
34658;Can Serra;8;Barcelona;669;Waiter;1;23;23;23
34752;Playa de Mogan;35;Las Palmas;552;Chambermaid;1;39;39;39
34755;Fenais da Luz;150;Açores;471;Tour Guide;1;15;15;15
34822;Estela;474;Porto District;228;Executive Chef;1;18;18;18
34900;Valdosende;420;Santo António;561;Housekeeping Staff;1;28;28;28
34970;Cala Domingos;7;Islas Baleares;501;Technical Services Officer;1;13;13;13
35001;Gerês;420;Santo António;669;Waiter;1;12;12;12
33818;La Lanzada;36;Pontevedra;551;Assistant Executive Housekeeper;1;9;9;9
33818;La Lanzada;36;Pontevedra;552;Chambermaid;1;25;25;25
33839;Roda de Bará;43;Tarragona;669;Waiter;1;61;61;61
34031;La Santa;35;Las Palmas;221;Cook;1;12;12;12
34128;Castro de Ribeiras de Lea;27;Lugo;146;Magician;1;1;1;1
34130;Arenal d'en Castell;7;Islas Baleares;23;Administrative;1;22;22;22
34130;Arenal d'en Castell;7;Islas Baleares;221;Cook;1;13;13;13
34503;Playa de Migjorn;7;Islas Baleares;243;Kitchen Assistant;1;193;193;193
34503;Playa de Migjorn;7;Islas Baleares;254;Sous Chef;1;38;38;38
34503;Playa de Migjorn;7;Islas Baleares;494;Maintenance Technician;1;15;15;15
34503;Playa de Migjorn;7;Islas Baleares;550;Assistant Hotel Manager;1;30;30;30
34503;Playa de Migjorn;7;Islas Baleares;551;Assistant Executive Housekeeper;1;30;30;30
34130;Arenal d'en Castell;7;Islas Baleares;563;Ironing Staff;1;15;15;15
34130;Arenal d'en Castell;7;Islas Baleares;580;Front Office Manager;1;30;30;30
34130;Arenal d'en Castell;7;Islas Baleares;584;Hotel Receptionist;1;114;114;114
34130;Arenal d'en Castell;7;Islas Baleares;628;Assistant Bar Manager;1;2;2;2
29690;Costa Adeje;38;Santa Cruz de Tenerife;550;Assistant Hotel Manager;1;20;20;20
29690;Costa Adeje;38;Santa Cruz de Tenerife;557;Executive Housekeeper;1;40;40;40
29690;Costa Adeje;38;Santa Cruz de Tenerife;572;Bellboy;1;22;22;22
29690;Costa Adeje;38;Santa Cruz de Tenerife;596;Recruitment Technician;1;3;3;3
29690;Costa Adeje;38;Santa Cruz de Tenerife;600;Revenue Agent;1;13;13;13
29690;Costa Adeje;38;Santa Cruz de Tenerife;615;Human Resources Technician;1;18;18;18
29690;Costa Adeje;38;Santa Cruz de Tenerife;396;Sommelier Consultant;1;9;9;9
29690;Costa Adeje;38;Santa Cruz de Tenerife;487;Gardener;1;6;6;6
29690;Costa Adeje;38;Santa Cruz de Tenerife;489;Maintenance Manager;1;34;34;34
29690;Costa Adeje;38;Santa Cruz de Tenerife;492;Maintenance Assistant;1;34;34;34
29690;Costa Adeje;38;Santa Cruz de Tenerife;498;Swimming Pool Maintenance;1;10;10;10
29690;Costa Adeje;38;Santa Cruz de Tenerife;528;Graphic Designer;1;30;30;30
29690;Costa Adeje;38;Santa Cruz de Tenerife;181;GEX - Guest Experience Coordinator;1;19;19;19
29690;Costa Adeje;38;Santa Cruz de Tenerife;315;Store Manager;1;1;1;1
29690;Costa Adeje;38;Santa Cruz de Tenerife;247;Pastry Assistant;1;22;22;22
29690;Costa Adeje;38;Santa Cruz de Tenerife;248;Pastry Chef;1;25;25;25
29690;Costa Adeje;38;Santa Cruz de Tenerife;130;Children's Animator;1;25;25;25
29690;Costa Adeje;38;Santa Cruz de Tenerife;135;Dance Animator;1;3;3;3
29690;Costa Adeje;38;Santa Cruz de Tenerife;150;Multifunctional Animator;1;58;58;58
29688;Morro Jable;35;Las Palmas;668;Waiter Assistant;1;0;0;0
29690;Costa Adeje;38;Santa Cruz de Tenerife;23;Administrative;1;44;44;44
29690;Costa Adeje;38;Santa Cruz de Tenerife;32;Amusement Park Staff;1;6;6;6
29690;Costa Adeje;38;Santa Cruz de Tenerife;45;Chief Executive Officer (CEO);1;61;61;61
29690;Costa Adeje;38;Santa Cruz de Tenerife;99;Theme Park Staff;1;8;8;8
29687;Cala d'Or;7;Islas Baleares;243;Kitchen Assistant;1;23;23;23
29687;Cala d'Or;7;Islas Baleares;584;Hotel Receptionist;1;67;67;67
29687;Cala d'Or;7;Islas Baleares;266;Commercial and Marketing Manager;1;59;59;59
29687;Cala d'Or;7;Islas Baleares;345;Supply Department Assistant;1;19;19;19
29687;Cala d'Or;7;Islas Baleares;544;Social Media Manager;1;34;34;34
29687;Cala d'Or;7;Islas Baleares;2;Accounting Assistant;1;3;3;3
29687;Cala d'Or;7;Islas Baleares;4;Personal Assistant;1;37;37;37
29687;Cala d'Or;7;Islas Baleares;30;Administrative Technician;1;17;17;17
29687;Cala d'Or;7;Islas Baleares;80;Hotel Manager;1;30;30;30
29687;Cala d'Or;7;Islas Baleares;165;Customer Service Advisor;1;0;0;0
29687;Cala d'Or;7;Islas Baleares;228;Executive Chef;1;29;29;29
29687;Cala d'Or;7;Islas Baleares;653;Host/Hostess;1;20;20;20
29687;Cala d'Or;7;Islas Baleares;628;Assistant Bar Manager;1;14;14;14
29688;Morro Jable;35;Las Palmas;26;Administrative Assistant;1;35;35;35
29687;Cala d'Or;7;Islas Baleares;668;Waiter Assistant;1;93;93;93
29688;Morro Jable;35;Las Palmas;257;Chef de Partie;1;32;32;32
29688;Morro Jable;35;Las Palmas;316;Store Sales Assistant;1;12;12;12
29688;Morro Jable;35;Las Palmas;494;Maintenance Technician;1;21;21;21
29688;Morro Jable;35;Las Palmas;561;Housekeeping Staff;1;0;0;0
11835;Ponta Delgada;150;Açores;114;Travel Coordinator;1;17;17;17
11835;Ponta Delgada;150;Açores;199;Customer Service Technician;1;18;18;18
11835;Ponta Delgada;150;Açores;591;Receptionist;1;12;12;12
11838;Ribeira Grande;150;Açores;580;Front Office Manager;1;21;21;21
11841;Santo Antão (Calheta);150;Açores;251;Pizzaiolo;1;14;14;14
11841;Santo Antão (Calheta);150;Açores;669;Waiter;1;15;15;15
11854;Funchal;182;Madeira;109;Travel Project Manager;1;32;32;32
11854;Funchal;182;Madeira;112;Travel Agency Manager;1;34;34;34
11854;Funchal;182;Madeira;113;Travel Agent;1;72;72;72
11854;Funchal;182;Madeira;165;Customer Service Advisor;1;0;0;0
11854;Funchal;182;Madeira;396;Sommelier Consultant;1;2;2;2
11854;Funchal;182;Madeira;473;Tourism Agent;1;15;15;15
11854;Funchal;182;Madeira;23;Administrative;1;0;0;0
11854;Funchal;182;Madeira;26;Administrative Assistant;1;16;16;16
11854;Funchal;182;Madeira;31;Amusement Park Manager;1;10;10;10
11854;Funchal;182;Madeira;76;Head of Finance;1;4;4;4
29677;Portals Nous;7;Islas Baleares;561;Housekeeping Staff;1;40;40;40
11854;Funchal;182;Madeira;615;Human Resources Technician;1;21;21;21
11854;Funchal;182;Madeira;636;Barback;1;23;23;23
11854;Funchal;182;Madeira;653;Host/Hostess;1;33;33;33
11884;Trofa;147;Porto;661;Restaurant Manager;1;3;3;3
29677;Portals Nous;7;Islas Baleares;89;Valet Parking;1;46;46;46
29677;Portals Nous;7;Islas Baleares;577;Concierge;1;63;63;63
29677;Portals Nous;7;Islas Baleares;652;Head Waiter;1;12;12;12
29677;Portals Nous;7;Islas Baleares;657;Bartender;1;105;105;105
29677;Portals Nous;7;Islas Baleares;664;Restaurant Section Head;1;20;20;20
29681;Canillo;322;Canillo;251;Pizzaiolo;1;34;34;34
29681;Canillo;322;Canillo;497;Building Repairer;1;10;10;10
29681;Canillo;322;Canillo;218;Chef;1;31;31;31
29681;Canillo;322;Canillo;130;Children's Animator;1;36;36;36
29681;Canillo;322;Canillo;23;Administrative;1;41;41;41
29681;Canillo;322;Canillo;589;Night Receptionist;1;66;66;66
29681;Canillo;322;Canillo;557;Executive Housekeeper;1;25;25;25
29681;Canillo;322;Canillo;570;Assistant Head of Reception;1;38;38;38
29681;Canillo;322;Canillo;532;Marketing Director;1;37;37;37
29681;Canillo;322;Canillo;654;Ice Cream Shop Attendant;1;35;35;35
29681;Canillo;322;Canillo;657;Bartender;1;35;35;35
29681;Canillo;322;Canillo;650;Food and Beverage Manager;1;19;19;19
29681;Canillo;322;Canillo;628;Assistant Bar Manager;1;22;22;22
29681;Canillo;322;Canillo;632;Bakery Attendant;1;19;19;19
29701;Puerto del Carmen;35;Las Palmas;254;Sous Chef;1;28;28;28
29701;Puerto del Carmen;35;Las Palmas;413;Catering Manager;1;37;37;37
29701;Puerto del Carmen;35;Las Palmas;489;Maintenance Manager;1;19;19;19
29700;El Maresme;317;Cataluña;669;Waiter;1;31;31;31
29701;Puerto del Carmen;35;Las Palmas;23;Administrative;1;27;27;27
29701;Puerto del Carmen;35;Las Palmas;26;Administrative Assistant;1;53;53;53
29701;Puerto del Carmen;35;Las Palmas;75;Head of Administration;1;18;18;18
29701;Puerto del Carmen;35;Las Palmas;181;GEX - Guest Experience Coordinator;1;24;24;24
29700;El Maresme;317;Cataluña;293;Sales Agent;1;38;38;38
29701;Puerto del Carmen;35;Las Palmas;580;Front Office Manager;1;29;29;29
29701;Puerto del Carmen;35;Las Palmas;590;Reception Assistant;1;62;62;62
29701;Puerto del Carmen;35;Las Palmas;498;Swimming Pool Maintenance;1;28;28;28
29701;Puerto del Carmen;35;Las Palmas;550;Assistant Hotel Manager;1;45;45;45
29701;Puerto del Carmen;35;Las Palmas;551;Assistant Executive Housekeeper;1;18;18;18
29698;Can Pastilla;7;Islas Baleares;489;Maintenance Manager;1;24;24;24
29698;Can Pastilla;7;Islas Baleares;257;Chef de Partie;1;17;17;17
29698;Can Pastilla;7;Islas Baleares;590;Reception Assistant;1;82;82;82
29698;Can Pastilla;7;Islas Baleares;557;Executive Housekeeper;1;24;24;24
29698;Can Pastilla;7;Islas Baleares;572;Bellboy;1;90;90;90
29698;Can Pastilla;7;Islas Baleares;630;Assistant Head Waiter;1;33;33;33
29698;Can Pastilla;7;Islas Baleares;636;Barback;1;121;121;121
29698;Can Pastilla;7;Islas Baleares;692;Lifesaver;1;18;18;18
29698;Can Pastilla;7;Islas Baleares;753;Head of Technical Services;1;16;16;16
29700;El Maresme;317;Cataluña;218;Chef;1;18;18;18
29695;Cancún;121;Quintana Roo;503;Warehouse Stock Handler;1;3;3;3
29695;Cancún;121;Quintana Roo;522;eCommerce Manager;1;2;2;2
29695;Cancún;121;Quintana Roo;544;Social Media Manager;1;9;9;9
29695;Cancún;121;Quintana Roo;550;Assistant Hotel Manager;1;4;4;4
29695;Cancún;121;Quintana Roo;551;Assistant Executive Housekeeper;1;7;7;7
29695;Cancún;121;Quintana Roo;580;Front Office Manager;1;1;1;1
29695;Cancún;121;Quintana Roo;609;Human Resources Business Partner;1;4;4;4
29694;Islas Baleares;7;Islas Baleares;715;Spa Therapist;1;48;48;48
29694;Islas Baleares;7;Islas Baleares;733;IT Helpdesk Analyst;1;13;13;13
29694;Islas Baleares;7;Islas Baleares;745;Software Developer;1;1;1;1
29694;Islas Baleares;7;Islas Baleares;753;Head of Technical Services;1;0;0;0
29694;Islas Baleares;7;Islas Baleares;757;Information Technology Manager;1;12;12;12
29695;Cancún;121;Quintana Roo;1;Accountant;1;8;8;8
29695;Cancún;121;Quintana Roo;2;Accounting Assistant;1;3;3;3
29695;Cancún;121;Quintana Roo;12;Accounts Payable Assistant;1;5;5;5
29695;Cancún;121;Quintana Roo;50;Operations Specialist;1;0;0;0
29695;Cancún;121;Quintana Roo;612;Human Resources Director;1;2;2;2
29695;Cancún;121;Quintana Roo;613;Human Resources Manager;1;6;6;6
29695;Cancún;121;Quintana Roo;617;Learning and Talent Development Specialist;1;5;5;5
29695;Cancún;121;Quintana Roo;631;Assistant Restaurant Manager;1;12;12;12
29695;Cancún;121;Quintana Roo;661;Restaurant Manager;1;7;7;7
29695;Cancún;121;Quintana Roo;713;Spa Manager;1;3;3;3
29698;Can Pastilla;7;Islas Baleares;119;Reservation Agent;1;65;65;65
29698;Can Pastilla;7;Islas Baleares;243;Kitchen Assistant;1;43;43;43
29695;Cancún;121;Quintana Roo;80;Hotel Manager;1;4;4;4
29695;Cancún;121;Quintana Roo;127;Animation Manager;1;10;10;10
29695;Cancún;121;Quintana Roo;242;Sushiman;1;2;2;2
29695;Cancún;121;Quintana Roo;254;Sous Chef;1;5;5;5
29694;Islas Baleares;7;Islas Baleares;275;Marketing and Sales Manager;1;14;14;14
29694;Islas Baleares;7;Islas Baleares;286;Rental Sales Consultant;1;1;1;1
29694;Islas Baleares;7;Islas Baleares;302;Sales Manager;1;17;17;17
29694;Islas Baleares;7;Islas Baleares;226;Dishwasher;1;92;92;92
29694;Islas Baleares;7;Islas Baleares;228;Executive Chef;1;62;62;62
29694;Islas Baleares;7;Islas Baleares;242;Sushiman;1;17;17;17
29690;Costa Adeje;38;Santa Cruz de Tenerife;589;Night Receptionist;1;46;46;46
29690;Costa Adeje;38;Santa Cruz de Tenerife;634;Bar Manager;1;19;19;19
29690;Costa Adeje;38;Santa Cruz de Tenerife;652;Head Waiter;1;29;29;29
29690;Costa Adeje;38;Santa Cruz de Tenerife;653;Host/Hostess;1;36;36;36
29690;Costa Adeje;38;Santa Cruz de Tenerife;657;Bartender;1;28;28;28
29690;Costa Adeje;38;Santa Cruz de Tenerife;664;Restaurant Section Head;1;9;9;9
29690;Costa Adeje;38;Santa Cruz de Tenerife;697;Masseur;1;22;22;22
29690;Costa Adeje;38;Santa Cruz de Tenerife;732;Helpdesk Analyst;1;4;4;4
29690;Costa Adeje;38;Santa Cruz de Tenerife;753;Head of Technical Services;1;23;23;23
29694;Islas Baleares;7;Islas Baleares;8;Accounting Technician;1;19;19;19
29694;Islas Baleares;7;Islas Baleares;31;Amusement Park Manager;1;0;0;0
29694;Islas Baleares;7;Islas Baleares;45;Chief Executive Officer (CEO);1;18;18;18
29694;Islas Baleares;7;Islas Baleares;65;Financial Analyst;1;7;7;7
29694;Islas Baleares;7;Islas Baleares;74;Head of Accounting;1;0;0;0
29694;Islas Baleares;7;Islas Baleares;79;Hotel Director;1;79;79;79
29694;Islas Baleares;7;Islas Baleares;93;Regional Director;1;13;13;13
29694;Islas Baleares;7;Islas Baleares;104;Data Analytics Specialist;1;10;10;10
29694;Islas Baleares;7;Islas Baleares;122;Activities Assistant;1;0;0;0
29694;Islas Baleares;7;Islas Baleares;150;Multifunctional Animator;1;2;2;2
29694;Islas Baleares;7;Islas Baleares;166;Customer Service Agent;1;11;11;11
29694;Islas Baleares;7;Islas Baleares;181;GEX - Guest Experience Coordinator;1;117;117;117
29694;Islas Baleares;7;Islas Baleares;203;Quality Department Internship;1;0;0;0
29694;Islas Baleares;7;Islas Baleares;207;Quality Technician;1;0;0;0
29694;Islas Baleares;7;Islas Baleares;213;Event Chef;1;0;0;0
29694;Islas Baleares;7;Islas Baleares;590;Reception Assistant;1;0;0;0
29694;Islas Baleares;7;Islas Baleares;596;Recruitment Technician;1;14;14;14
29694;Islas Baleares;7;Islas Baleares;611;Human Resources Coordinator;1;17;17;17
29694;Islas Baleares;7;Islas Baleares;634;Bar Manager;1;36;36;36
29694;Islas Baleares;7;Islas Baleares;647;Food and Beverage Assistant;1;3;3;3
29694;Islas Baleares;7;Islas Baleares;652;Head Waiter;1;24;24;24
29694;Islas Baleares;7;Islas Baleares;653;Host/Hostess;1;203;203;203
29694;Islas Baleares;7;Islas Baleares;657;Bartender;1;35;35;35
29694;Islas Baleares;7;Islas Baleares;436;Groups & Events Coordinator;1;15;15;15
29694;Islas Baleares;7;Islas Baleares;439;Groups and MICE Coordinator;1;35;35;35
29694;Islas Baleares;7;Islas Baleares;460;Airport Guide;1;0;0;0
29694;Islas Baleares;7;Islas Baleares;467;Museum Guide;1;14;14;14
29694;Islas Baleares;7;Islas Baleares;482;Electrical Maintenance Technician;1;30;30;30
29694;Islas Baleares;7;Islas Baleares;489;Maintenance Manager;1;49;49;49
29694;Islas Baleares;7;Islas Baleares;492;Maintenance Assistant;1;11;11;11
29694;Islas Baleares;7;Islas Baleares;493;Maintenance Officer;1;8;8;8
29694;Islas Baleares;7;Islas Baleares;523;eCommerce Specialist;1;7;7;7
29694;Islas Baleares;7;Islas Baleares;545;Social Media Specialist;1;1;1;1
29694;Islas Baleares;7;Islas Baleares;503;Warehouse Stock Handler;1;6;6;6
29694;Islas Baleares;7;Islas Baleares;564;Laundry Attendant;1;0;0;0
29694;Islas Baleares;7;Islas Baleares;570;Assistant Head of Reception;1;126;126;126
29810;Ciudad de México;131;Ciudad de México;653;Host/Hostess;1;7;7;7
29810;Ciudad de México;131;Ciudad de México;661;Restaurant Manager;1;4;4;4
29810;Ciudad de México;131;Ciudad de México;669;Waiter;1;3;3;3
29810;Ciudad de México;131;Ciudad de México;432;Events Sales Executive;1;13;13;13
29810;Ciudad de México;131;Ciudad de México;313;Sales Assistant;1;21;21;21
29810;Ciudad de México;131;Ciudad de México;342;Supplier Management Specialist;1;11;11;11
29810;Ciudad de México;131;Ciudad de México;473;Tourism Agent;1;6;6;6
29810;Ciudad de México;131;Ciudad de México;493;Maintenance Officer;1;3;3;3
29810;Ciudad de México;131;Ciudad de México;494;Maintenance Technician;1;7;7;7
29810;Ciudad de México;131;Ciudad de México;504;Painter;1;1;1;1
29810;Ciudad de México;131;Ciudad de México;529;Graphic Designer Intern;1;14;14;14
29810;Ciudad de México;131;Ciudad de México;530;Marketing Assistant;1;4;4;4
29810;Ciudad de México;131;Ciudad de México;557;Executive Housekeeper;1;22;22;22
29810;Ciudad de México;131;Ciudad de México;560;Cleaning Manager;1;8;8;8
29810;Ciudad de México;131;Ciudad de México;561;Housekeeping Staff;1;46;46;46
29810;Ciudad de México;131;Ciudad de México;584;Hotel Receptionist;1;21;21;21
29810;Ciudad de México;131;Ciudad de México;437;Groups & Events Manager;1;24;24;24
29810;Ciudad de México;131;Ciudad de México;439;Groups and MICE Coordinator;1;7;7;7
29810;Ciudad de México;131;Ciudad de México;786;Flight Operations Clerk;1;17;17;17
29810;Ciudad de México;131;Ciudad de México;792;Itinerary Planning Manager;1;10;10;10
29812;València;46;Valencia;2;Accounting Assistant;1;19;19;19
29812;València;46;Valencia;7;Accounting Manager;1;8;8;8
29812;València;46;Valencia;72;Franchise Supervisor;1;0;0;0
29812;València;46;Valencia;29;Administrative Manager;1;0;0;0
29812;València;46;Valencia;80;Hotel Manager;1;22;22;22
29812;València;46;Valencia;83;Industrial Relations Manager;1;2;2;2
29812;València;46;Valencia;88;Office Manager;1;0;0;0
29807;Castelo Melhor;408;Castelo Melhor;177;GEX - Guest Experience Assistant;1;8;8;8
29807;Castelo Melhor;408;Castelo Melhor;591;Receptionist;1;16;16;16
29809;Andalucía;4;Almería;79;Hotel Director;1;133;133;133
29809;Andalucía;4;Almería;293;Sales Agent;1;17;17;17
29809;Andalucía;4;Almería;471;Tour Guide;1;32;32;32
29809;Andalucía;4;Almería;591;Receptionist;1;0;0;0
29809;Andalucía;4;Almería;661;Restaurant Manager;1;50;50;50
29809;Andalucía;4;Almería;665;Sommelier;1;64;64;64
29810;Ciudad de México;131;Ciudad de México;1;Accountant;1;11;11;11
29810;Ciudad de México;131;Ciudad de México;2;Accounting Assistant;1;4;4;4
29810;Ciudad de México;131;Ciudad de México;8;Accounting Technician;1;24;24;24
29810;Ciudad de México;131;Ciudad de México;12;Accounts Payable Assistant;1;28;28;28
29810;Ciudad de México;131;Ciudad de México;23;Administrative;1;57;57;57
29805;Soldeu;322;Canillo;713;Spa Manager;1;22;22;22
29810;Ciudad de México;131;Ciudad de México;221;Cook;1;6;6;6
29810;Ciudad de México;131;Ciudad de México;243;Kitchen Assistant;1;7;7;7
29810;Ciudad de México;131;Ciudad de México;273;Key Account Manager;1;13;13;13
29810;Ciudad de México;131;Ciudad de México;120;Reservations Manager;1;20;20;20
29810;Ciudad de México;131;Ciudad de México;171;Customer Service Specialist;1;19;19;19
29810;Ciudad de México;131;Ciudad de México;114;Travel Coordinator;1;26;26;26
29810;Ciudad de México;131;Ciudad de México;28;Administrative Intern;1;0;0;0
29810;Ciudad de México;131;Ciudad de México;30;Administrative Technician;1;20;20;20
29810;Ciudad de México;131;Ciudad de México;47;Chief Operations Officer (COO);1;11;11;11
29810;Ciudad de México;131;Ciudad de México;48;Operations Manager;1;18;18;18
29810;Ciudad de México;131;Ciudad de México;50;Operations Specialist;1;29;29;29
29810;Ciudad de México;131;Ciudad de México;111;Travel Agencies Account Manager;1;18;18;18
29805;Soldeu;322;Canillo;715;Spa Therapist;1;25;25;25
29805;Soldeu;322;Canillo;771;Bus Driver;1;72;72;72
29749;Puerto de Pollensa;7;Islas Baleares;251;Pizzaiolo;1;18;18;18
29749;Puerto de Pollensa;7;Islas Baleares;257;Chef de Partie;1;18;18;18
29749;Puerto de Pollensa;7;Islas Baleares;316;Store Sales Assistant;1;17;17;17
29749;Puerto de Pollensa;7;Islas Baleares;493;Maintenance Officer;1;21;21;21
29749;Puerto de Pollensa;7;Islas Baleares;668;Waiter Assistant;1;26;26;26
29749;Puerto de Pollensa;7;Islas Baleares;669;Waiter;1;0;0;0
29784;Comporta;390;Comporta;257;Chef de Partie;1;9;9;9
29784;Comporta;390;Comporta;489;Maintenance Manager;1;15;15;15
29784;Comporta;390;Comporta;494;Maintenance Technician;1;2;2;2
29784;Comporta;390;Comporta;557;Executive Housekeeper;1;13;13;13
29782;Andorra la Vella;388;Andorra la Vieja;79;Hotel Director;1;96;96;96
29782;Andorra la Vella;388;Andorra la Vieja;80;Hotel Manager;1;84;84;84
29782;Andorra la Vella;388;Andorra la Vieja;580;Front Office Manager;1;13;13;13
29782;Andorra la Vella;388;Andorra la Vieja;589;Night Receptionist;1;72;72;72
29782;Andorra la Vella;388;Andorra la Vieja;647;Food and Beverage Assistant;1;46;46;46
29784;Comporta;390;Comporta;23;Administrative;1;17;17;17
29784;Comporta;390;Comporta;130;Children's Animator;1;4;4;4
29743;Cales de Mallorca;7;Islas Baleares;628;Assistant Bar Manager;1;11;11;11
29743;Cales de Mallorca;7;Islas Baleares;652;Head Waiter;1;22;22;22
29743;Cales de Mallorca;7;Islas Baleares;669;Waiter;1;10;10;10
29743;Cales de Mallorca;7;Islas Baleares;753;Head of Technical Services;1;18;18;18
29744;Urbanización Novo Santi Petri;4;Almería;141;Entertainment Manager;1;79;79;79
29744;Urbanización Novo Santi Petri;4;Almería;550;Assistant Hotel Manager;1;39;39;39
29747;Islantilla;4;Almería;552;Chambermaid;1;39;39;39
29747;Islantilla;4;Almería;557;Executive Housekeeper;1;10;10;10
29784;Comporta;390;Comporta;645;Coffee Shop Manager;1;4;4;4
29784;Comporta;390;Comporta;661;Restaurant Manager;1;18;18;18
29784;Comporta;390;Comporta;676;Baby sitter;1;5;5;5
29784;Comporta;390;Comporta;680;Body Treatment Specialist;1;7;7;7
29805;Soldeu;322;Canillo;119;Reservation Agent;1;65;65;65
29805;Soldeu;322;Canillo;218;Chef;1;30;30;30
29805;Soldeu;322;Canillo;226;Dishwasher;1;154;154;154
29805;Soldeu;322;Canillo;243;Kitchen Assistant;1;123;123;123
29805;Soldeu;322;Canillo;637;Barista;1;68;68;68
29805;Soldeu;322;Canillo;557;Executive Housekeeper;1;16;16;16
29717;Las Palmas de Gran Canaria;35;Las Palmas;501;Technical Services Officer;1;32;32;32
29717;Las Palmas de Gran Canaria;35;Las Palmas;518;Public Relations Director;1;28;28;28
29717;Las Palmas de Gran Canaria;35;Las Palmas;493;Maintenance Officer;1;27;27;27
29717;Las Palmas de Gran Canaria;35;Las Palmas;560;Cleaning Manager;1;46;46;46
29717;Las Palmas de Gran Canaria;35;Las Palmas;248;Pastry Chef;1;17;17;17
29717;Las Palmas de Gran Canaria;35;Las Palmas;486;Facilities Technician;1;43;43;43
29717;Las Palmas de Gran Canaria;35;Las Palmas;489;Maintenance Manager;1;44;44;44
29717;Las Palmas de Gran Canaria;35;Las Palmas;291;Sales & MICE Assistant;1;2;2;2
29717;Las Palmas de Gran Canaria;35;Las Palmas;631;Assistant Restaurant Manager;1;18;18;18
29717;Las Palmas de Gran Canaria;35;Las Palmas;637;Barista;1;66;66;66
29717;Las Palmas de Gran Canaria;35;Las Palmas;652;Head Waiter;1;19;19;19
29717;Las Palmas de Gran Canaria;35;Las Palmas;653;Host/Hostess;1;99;99;99
29717;Las Palmas de Gran Canaria;35;Las Palmas;572;Bellboy;1;60;60;60
29717;Las Palmas de Gran Canaria;35;Las Palmas;580;Front Office Manager;1;30;30;30
29717;Las Palmas de Gran Canaria;35;Las Palmas;590;Reception Assistant;1;243;243;243
29717;Las Palmas de Gran Canaria;35;Las Palmas;611;Human Resources Coordinator;1;14;14;14
29717;Las Palmas de Gran Canaria;35;Las Palmas;166;Customer Service Agent;1;60;60;60
29717;Las Palmas de Gran Canaria;35;Las Palmas;167;Customer Service Assistant;1;67;67;67
29717;Las Palmas de Gran Canaria;35;Las Palmas;118;Cruise Sales Agent;1;25;25;25
29717;Las Palmas de Gran Canaria;35;Las Palmas;124;Actor;1;33;33;33
29717;Las Palmas de Gran Canaria;35;Las Palmas;125;Animation Assistant;1;75;75;75
29717;Las Palmas de Gran Canaria;35;Las Palmas;126;Animation Coordinator;1;110;110;110
29717;Las Palmas de Gran Canaria;35;Las Palmas;80;Hotel Manager;1;0;0;0
29717;Las Palmas de Gran Canaria;35;Las Palmas;92;Recreation Manager;1;30;30;30
29717;Las Palmas de Gran Canaria;35;Las Palmas;8;Accounting Technician;1;13;13;13
29717;Las Palmas de Gran Canaria;35;Las Palmas;23;Administrative;1;25;25;25
29717;Las Palmas de Gran Canaria;35;Las Palmas;31;Amusement Park Manager;1;6;6;6
29717;Las Palmas de Gran Canaria;35;Las Palmas;302;Sales Manager;1;14;14;14
29717;Las Palmas de Gran Canaria;35;Las Palmas;336;Purchasing Director;1;14;14;14
29717;Las Palmas de Gran Canaria;35;Las Palmas;396;Sommelier Consultant;1;66;66;66
29717;Las Palmas de Gran Canaria;35;Las Palmas;439;Groups and MICE Coordinator;1;18;18;18
29717;Las Palmas de Gran Canaria;35;Las Palmas;460;Airport Guide;1;0;0;0
29717;Las Palmas de Gran Canaria;35;Las Palmas;471;Tour Guide;1;11;11;11
29717;Las Palmas de Gran Canaria;35;Las Palmas;472;Tour Manager;1;33;33;33
29717;Las Palmas de Gran Canaria;35;Las Palmas;201;Head of Quality;1;52;52;52
29717;Las Palmas de Gran Canaria;35;Las Palmas;219;Chinese Food Cook;1;21;21;21
29717;Las Palmas de Gran Canaria;35;Las Palmas;220;Commis Chef;1;17;17;17
29717;Las Palmas de Gran Canaria;35;Las Palmas;228;Executive Chef;1;53;53;53
29743;Cales de Mallorca;7;Islas Baleares;577;Concierge;1;45;45;45
29743;Cales de Mallorca;7;Islas Baleares;584;Hotel Receptionist;1;139;139;139
29743;Cales de Mallorca;7;Islas Baleares;590;Reception Assistant;1;91;91;91
29743;Cales de Mallorca;7;Islas Baleares;561;Housekeeping Staff;1;24;24;24
29738;Escaldes-Engordany;353;Escaldes-Engordany;221;Cook;1;57;57;57
29738;Escaldes-Engordany;353;Escaldes-Engordany;570;Assistant Head of Reception;1;18;18;18
29743;Cales de Mallorca;7;Islas Baleares;345;Supply Department Assistant;1;18;18;18
29743;Cales de Mallorca;7;Islas Baleares;346;Supply Department Manager;1;12;12;12
29743;Cales de Mallorca;7;Islas Baleares;482;Electrical Maintenance Technician;1;14;14;14
29743;Cales de Mallorca;7;Islas Baleares;489;Maintenance Manager;1;11;11;11
29743;Cales de Mallorca;7;Islas Baleares;494;Maintenance Technician;1;14;14;14
29743;Cales de Mallorca;7;Islas Baleares;504;Painter;1;37;37;37
29734;Carvalhal;135;Setúbal;451;Sound and Lighting Technician;1;11;11;11
29734;Carvalhal;135;Setúbal;494;Maintenance Technician;1;9;9;9
29734;Carvalhal;135;Setúbal;572;Bellboy;1;18;18;18
29730;Puerto de Mazarrón;30;Murcia;580;Front Office Manager;1;32;32;32
29730;Puerto de Mazarrón;30;Murcia;634;Bar Manager;1;48;48;48
29730;Puerto de Mazarrón;30;Murcia;657;Bartender;1;5;5;5
29730;Puerto de Mazarrón;30;Murcia;668;Waiter Assistant;1;33;33;33
29730;Puerto de Mazarrón;30;Murcia;687;First aid attendant;1;35;35;35
29738;Escaldes-Engordany;353;Escaldes-Engordany;669;Waiter;1;113;113;113
29738;Escaldes-Engordany;353;Escaldes-Engordany;697;Masseur;1;39;39;39
29742;Bajo Llobregat;317;Cataluña;584;Hotel Receptionist;1;14;14;14
29734;Carvalhal;135;Setúbal;591;Receptionist;1;29;29;29
29734;Carvalhal;135;Setúbal;630;Assistant Head Waiter;1;11;11;11
29734;Carvalhal;135;Setúbal;652;Head Waiter;1;10;10;10
29734;Carvalhal;135;Setúbal;669;Waiter;1;30;30;30
29718;Puerto de Alcudia;7;Islas Baleares;492;Maintenance Assistant;1;29;29;29
29717;Las Palmas de Gran Canaria;35;Las Palmas;760;Product Development Manager;1;15;15;15
29718;Puerto de Alcudia;7;Islas Baleares;79;Hotel Director;1;83;83;83
29718;Puerto de Alcudia;7;Islas Baleares;89;Valet Parking;1;21;21;21
29718;Puerto de Alcudia;7;Islas Baleares;692;Lifesaver;1;36;36;36
29718;Puerto de Alcudia;7;Islas Baleares;753;Head of Technical Services;1;23;23;23
29724;El Puerto de Santa María;4;Almería;243;Kitchen Assistant;1;69;69;69
29724;El Puerto de Santa María;4;Almería;668;Waiter Assistant;1;110;110;110
29718;Puerto de Alcudia;7;Islas Baleares;564;Laundry Attendant;1;17;17;17
29718;Puerto de Alcudia;7;Islas Baleares;572;Bellboy;1;2;2;2
29718;Puerto de Alcudia;7;Islas Baleares;577;Concierge;1;48;48;48
29718;Puerto de Alcudia;7;Islas Baleares;580;Front Office Manager;1;24;24;24
29718;Puerto de Alcudia;7;Islas Baleares;630;Assistant Head Waiter;1;25;25;25
29724;El Puerto de Santa María;11;Cádiz;443;Maitre in Charge of Room and Events;1;18;18;18
29724;El Puerto de Santa María;11;Cádiz;552;Chambermaid;1;125;125;125
29724;El Puerto de Santa María;11;Cádiz;572;Bellboy;1;61;61;61
29724;El Puerto de Santa María;11;Cádiz;587;Night Auditor;1;33;33;33
29730;Puerto de Mazarrón;30;Murcia;127;Animation Manager;1;9;9;9
29730;Puerto de Mazarrón;30;Murcia;130;Children's Animator;1;70;70;70
29730;Puerto de Mazarrón;30;Murcia;257;Chef de Partie;1;16;16;16
29730;Puerto de Mazarrón;30;Murcia;291;Sales & MICE Assistant;1;27;27;27
29730;Puerto de Mazarrón;30;Murcia;492;Maintenance Assistant;1;42;42;42
29730;Puerto de Mazarrón;30;Murcia;494;Maintenance Technician;1;15;15;15
11822;Viana do Castelo;149;Viana do Castelo;226;Dishwasher;1;21;21;21
11822;Viana do Castelo;149;Viana do Castelo;243;Kitchen Assistant;1;16;16;16
11822;Viana do Castelo;149;Viana do Castelo;316;Store Sales Assistant;1;17;17;17
11822;Viana do Castelo;149;Viana do Castelo;494;Maintenance Technician;1;15;15;15
11822;Viana do Castelo;149;Viana do Castelo;552;Chambermaid;1;13;13;13
11822;Viana do Castelo;149;Viana do Castelo;591;Receptionist;1;19;19;19
11822;Viana do Castelo;149;Viana do Castelo;715;Spa Therapist;1;15;15;15
11831;Lagoa;150;Açores;93;Regional Director;1;14;14;14
11831;Lagoa;150;Açores;166;Customer Service Agent;1;12;12;12
11831;Lagoa;150;Açores;226;Dishwasher;1;16;16;16
11815;Vila Verde;148;Braga;572;Bellboy;1;26;26;26
11816;Arcos de Valdevez;149;Viana do Castelo;561;Housekeeping Staff;1;32;32;32
11820;Ponte de Lima;149;Viana do Castelo;221;Cook;1;21;21;21
11820;Ponte de Lima;149;Viana do Castelo;552;Chambermaid;1;30;30;30
11820;Ponte de Lima;149;Viana do Castelo;669;Waiter;1;25;25;25
11831;Lagoa;150;Açores;248;Pastry Chef;1;10;10;10
11831;Lagoa;150;Açores;492;Maintenance Assistant;1;10;10;10
11831;Lagoa;150;Açores;551;Assistant Executive Housekeeper;1;18;18;18
11831;Lagoa;150;Açores;564;Laundry Attendant;1;24;24;24
11831;Lagoa;150;Açores;580;Front Office Manager;1;27;27;27
11831;Lagoa;150;Açores;591;Receptionist;1;14;14;14
11831;Lagoa;150;Açores;631;Assistant Restaurant Manager;1;10;10;10
11831;Lagoa;150;Açores;636;Barback;1;11;11;11
11831;Lagoa;150;Açores;653;Host/Hostess;1;12;12;12
11831;Lagoa;150;Açores;665;Sommelier;1;6;6;6
11831;Lagoa;150;Açores;726;Watchman;1;18;18;18
11831;Lagoa;150;Açores;714;Spa Receptionist;1;8;8;8
11784;Porto;147;Porto;778;Car Driver;1;10;10;10
11786;Póvoa de Varzim;147;Porto;79;Hotel Director;1;33;33;33
11786;Póvoa de Varzim;147;Porto;80;Hotel Manager;1;32;32;32
11786;Póvoa de Varzim;147;Porto;218;Chef;1;35;35;35
11784;Porto;147;Porto;631;Assistant Restaurant Manager;1;12;12;12
11784;Porto;147;Porto;699;Nutritionist;1;8;8;8
11786;Póvoa de Varzim;147;Porto;557;Executive Housekeeper;1;4;4;4
11786;Póvoa de Varzim;147;Porto;561;Housekeeping Staff;1;31;31;31
11786;Póvoa de Varzim;147;Porto;254;Sous Chef;1;7;7;7
11786;Póvoa de Varzim;147;Porto;630;Assistant Head Waiter;1;11;11;11
11786;Póvoa de Varzim;147;Porto;714;Spa Receptionist;1;30;30;30
11793;Marco de Canaveses;147;Porto;657;Bartender;1;2;2;2
11804;Braga;148;Braga;628;Assistant Bar Manager;1;14;14;14
11804;Braga;148;Braga;632;Bakery Attendant;1;11;11;11
11809;Guimarães;148;Braga;218;Chef;1;13;13;13
11809;Guimarães;148;Braga;552;Chambermaid;1;28;28;28
11809;Guimarães;148;Braga;591;Receptionist;1;17;17;17
11809;Guimarães;148;Braga;632;Bakery Attendant;1;43;43;43
11809;Guimarães;148;Braga;652;Head Waiter;1;15;15;15
11809;Guimarães;148;Braga;669;Waiter;1;15;15;15
11804;Braga;148;Braga;248;Pastry Chef;1;28;28;28
11804;Braga;148;Braga;313;Sales Assistant;1;27;27;27
11804;Braga;148;Braga;471;Tour Guide;1;22;22;22
11795;São Mamede de Infesta;147;Porto;669;Waiter;1;46;46;46
11801;Vila do Conde;147;Porto;561;Housekeeping Staff;1;16;16;16
11804;Braga;148;Braga;114;Travel Coordinator;1;18;18;18
11804;Braga;148;Braga;211;Bakery Manager;1;1;1;1
11769;Vila Real;146;Vila Real;79;Hotel Director;1;37;37;37
11769;Vila Real;146;Vila Real;117;Travel guide;1;0;0;0
11719;Lamego;144;Viseu;580;Front Office Manager;1;32;32;32
11719;Lamego;144;Viseu;669;Waiter;1;31;31;31
11708;Ovar;143;Aveiro;669;Waiter;1;47;47;47
11707;Oliveira do Bairro;143;Aveiro;445;Meetings and Events Project Manager;1;16;16;16
11769;Vila Real;146;Vila Real;642;Cocktail Bar Manager;1;0;0;0
11769;Vila Real;146;Vila Real;313;Sales Assistant;1;8;8;8
11769;Vila Real;146;Vila Real;476;Wine Tourism Guide;1;0;0;0
11769;Vila Real;146;Vila Real;552;Chambermaid;1;18;18;18
11769;Vila Real;146;Vila Real;631;Assistant Restaurant Manager;1;0;0;0
11779;Lavra;147;Porto;254;Sous Chef;1;19;19;19
11779;Lavra;147;Porto;561;Housekeeping Staff;1;30;30;30
11779;Lavra;147;Porto;654;Ice Cream Shop Attendant;1;15;15;15
11779;Lavra;147;Porto;669;Waiter;1;13;13;13
11780;Matosinhos;147;Porto;23;Administrative;1;83;83;83
11780;Matosinhos;147;Porto;113;Travel Agent;1;90;90;90
11773;Vila Nova de Gaia;147;Porto;250;Pastry Shop Manager;1;16;16;16
11773;Vila Nova de Gaia;147;Porto;254;Sous Chef;1;36;36;36
11773;Vila Nova de Gaia;147;Porto;293;Sales Agent;1;2;2;2
11773;Vila Nova de Gaia;147;Porto;476;Wine Tourism Guide;1;4;4;4
11773;Vila Nova de Gaia;147;Porto;545;Social Media Specialist;1;46;46;46
11770;Amarante;147;Porto;221;Cook;1;13;13;13
11780;Matosinhos;147;Porto;243;Kitchen Assistant;1;14;14;14
11780;Matosinhos;147;Porto;293;Sales Agent;1;28;28;28
11780;Matosinhos;147;Porto;306;Sales Operations Analyst;1;1;1;1
11780;Matosinhos;147;Porto;313;Sales Assistant;1;6;6;6
11780;Matosinhos;147;Porto;552;Chambermaid;1;75;75;75
11780;Matosinhos;147;Porto;584;Hotel Receptionist;1;50;50;50
11780;Matosinhos;147;Porto;661;Restaurant Manager;1;13;13;13
11780;Matosinhos;147;Porto;665;Sommelier;1;10;10;10
11780;Matosinhos;147;Porto;669;Waiter;1;29;29;29
11784;Porto;147;Porto;8;Accounting Technician;1;19;19;19
11784;Porto;147;Porto;23;Administrative;1;91;91;91
11784;Porto;147;Porto;48;Operations Manager;1;29;29;29
11784;Porto;147;Porto;166;Customer Service Agent;1;32;32;32
11784;Porto;147;Porto;198;Call Center Technician;1;3;3;3
11775;Ermesinde;147;Porto;113;Travel Agent;1;47;47;47
11784;Porto;147;Porto;221;Cook;1;18;18;18
11784;Porto;147;Porto;483;Electrician;1;3;3;3
11784;Porto;147;Porto;254;Sous Chef;1;20;20;20
11784;Porto;147;Porto;313;Sales Assistant;1;45;45;45
11784;Porto;147;Porto;661;Restaurant Manager;1;35;35;35
11784;Porto;147;Porto;551;Assistant Executive Housekeeper;1;25;25;25
11784;Porto;147;Porto;552;Chambermaid;1;20;20;20
11784;Porto;147;Porto;557;Executive Housekeeper;1;29;29;29
11784;Porto;147;Porto;580;Front Office Manager;1;19;19;19
11784;Porto;147;Porto;584;Hotel Receptionist;1;145;145;145
11784;Porto;147;Porto;587;Night Auditor;1;66;66;66
11784;Porto;147;Porto;590;Reception Assistant;1;88;88;88
11598;Lagoa (Algarve);137;Faro;550;Assistant Hotel Manager;1;20;20;20
11598;Lagoa (Algarve);137;Faro;628;Assistant Bar Manager;1;2;2;2
11599;Lagos;137;Faro;302;Sales Manager;1;4;4;4
11599;Lagos;137;Faro;315;Store Manager;1;10;10;10
11597;Faro;137;Faro;653;Host/Hostess;1;19;19;19
11597;Faro;137;Faro;657;Bartender;1;25;25;25
11597;Faro;137;Faro;669;Waiter;1;44;44;44
11597;Faro;137;Faro;701;Personal Trainer;1;4;4;4
11597;Faro;137;Faro;778;Car Driver;1;109;109;109
11599;Lagos;137;Faro;669;Waiter;1;22;22;22
11602;Olhão;137;Faro;218;Chef;1;28;28;28
11602;Olhão;137;Faro;597;Intern in Reception;1;32;32;32
11603;Portimão;137;Faro;8;Accounting Technician;1;17;17;17
11603;Portimão;137;Faro;119;Reservation Agent;1;65;65;65
11599;Lagos;137;Faro;570;Assistant Head of Reception;1;5;5;5
11599;Lagos;137;Faro;584;Hotel Receptionist;1;0;0;0
11603;Portimão;137;Faro;243;Kitchen Assistant;1;21;21;21
11597;Faro;137;Faro;45;Chief Executive Officer (CEO);1;65;65;65
11597;Faro;137;Faro;113;Travel Agent;1;88;88;88
11597;Faro;137;Faro;114;Travel Coordinator;1;69;69;69
11597;Faro;137;Faro;148;MiniClub Animator;1;26;26;26
11597;Faro;137;Faro;159;Tourist Animator;1;18;18;18
11597;Faro;137;Faro;221;Cook;1;79;79;79
11597;Faro;137;Faro;434;Events Staff;1;20;20;20
11597;Faro;137;Faro;473;Tourism Agent;1;28;28;28
11597;Faro;137;Faro;486;Facilities Technician;1;20;20;20
11597;Faro;137;Faro;503;Warehouse Stock Handler;1;34;34;34
11597;Faro;137;Faro;613;Human Resources Manager;1;20;20;20
11597;Faro;137;Faro;631;Assistant Restaurant Manager;1;14;14;14
11604;Quarteira;137;Faro;119;Reservation Agent;1;25;25;25
11604;Quarteira;137;Faro;166;Customer Service Agent;1;10;10;10
11603;Portimão;137;Faro;715;Spa Therapist;1;20;20;20
11604;Quarteira;137;Faro;23;Administrative;1;13;13;13
11604;Quarteira;137;Faro;26;Administrative Assistant;1;20;20;20
11603;Portimão;137;Faro;631;Assistant Restaurant Manager;1;13;13;13
11603;Portimão;137;Faro;652;Head Waiter;1;24;24;24
11603;Portimão;137;Faro;345;Supply Department Assistant;1;16;16;16
11603;Portimão;137;Faro;489;Maintenance Manager;1;10;10;10
11603;Portimão;137;Faro;493;Maintenance Officer;1;11;11;11
11604;Quarteira;137;Faro;518;Public Relations Director;1;25;25;25
11604;Quarteira;137;Faro;533;Marketing Intern;1;20;20;20
11604;Quarteira;137;Faro;243;Kitchen Assistant;1;24;24;24
11604;Quarteira;137;Faro;267;Commercial Manager;1;28;28;28
11604;Quarteira;137;Faro;370;Health and Wellness Consultant;1;12;12;12
11604;Quarteira;137;Faro;587;Night Auditor;1;22;22;22
11604;Quarteira;137;Faro;580;Front Office Manager;1;20;20;20
11604;Quarteira;137;Faro;551;Assistant Executive Housekeeper;1;23;23;23
11604;Quarteira;137;Faro;552;Chambermaid;1;9;9;9
11604;Quarteira;137;Faro;557;Executive Housekeeper;1;14;14;14
11604;Quarteira;137;Faro;563;Ironing Staff;1;8;8;8
11604;Quarteira;137;Faro;572;Bellboy;1;14;14;14
11741;Alfândega da Fé;145;Bragança;218;Chef;1;18;18;18
11741;Alfândega da Fé;145;Bragança;591;Receptionist;1;11;11;11
11754;Alijó;146;Vila Real;669;Waiter;1;17;17;17
11757;Chaves;146;Vila Real;584;Hotel Receptionist;1;22;22;22
11761;Mondim de Basto;146;Vila Real;221;Cook;1;22;22;22
11761;Mondim de Basto;146;Vila Real;669;Waiter;1;20;20;20
11763;Peso da Régua;146;Vila Real;218;Chef;1;3;3;3
11763;Peso da Régua;146;Vila Real;243;Kitchen Assistant;1;29;29;29
11763;Peso da Régua;146;Vila Real;552;Chambermaid;1;23;23;23
11763;Peso da Régua;146;Vila Real;652;Head Waiter;1;13;13;13
11701;Espinho;143;Aveiro;221;Cook;1;19;19;19
11695;Aveiro;143;Aveiro;557;Executive Housekeeper;1;47;47;47
11701;Espinho;143;Aveiro;630;Assistant Head Waiter;1;16;16;16
11701;Espinho;143;Aveiro;661;Restaurant Manager;1;9;9;9
11636;Montargil;139;Portalegre;591;Receptionist;1;25;25;25
11645;Fundão;140;Castelo Branco;561;Housekeeping Staff;1;11;11;11
11664;Manteigas;141;Guarda;634;Bar Manager;1;32;32;32
11664;Manteigas;141;Guarda;653;Host/Hostess;1;26;26;26
11664;Manteigas;141;Guarda;669;Waiter;1;41;41;41
11664;Manteigas;141;Guarda;680;Body Treatment Specialist;1;16;16;16
11674;Coimbra;142;Coimbra;221;Cook;1;13;13;13
11674;Coimbra;142;Coimbra;251;Pizzaiolo;1;36;36;36
11674;Coimbra;142;Coimbra;473;Tourism Agent;1;16;16;16
11674;Coimbra;142;Coimbra;634;Bar Manager;1;3;3;3
11674;Coimbra;142;Coimbra;653;Host/Hostess;1;78;78;78
11609;Tavira;137;Faro;712;Spa Coordinator;1;11;11;11
11609;Tavira;137;Faro;713;Spa Manager;1;33;33;33
11610;Vila Real de Santo António;137;Faro;221;Cook;1;21;21;21
11610;Vila Real de Santo António;137;Faro;494;Maintenance Technician;1;18;18;18
11615;Évora;138;Évora;85;Logistics Director;1;3;3;3
11695;Aveiro;143;Aveiro;176;Customer Support Specialist;1;10;10;10
11609;Tavira;137;Faro;650;Food and Beverage Manager;1;26;26;26
11615;Évora;138;Évora;248;Pastry Chef;1;8;8;8
11615;Évora;138;Évora;552;Chambermaid;1;24;24;24
11615;Évora;138;Évora;557;Executive Housekeeper;1;20;20;20
11615;Évora;138;Évora;572;Bellboy;1;23;23;23
11615;Évora;138;Évora;591;Receptionist;1;24;24;24
11615;Évora;138;Évora;653;Host/Hostess;1;22;22;22
11615;Évora;138;Évora;669;Waiter;1;23;23;23
11617;Mora;138;Évora;669;Waiter;1;17;17;17
11625;Vila Viçosa;138;Évora;254;Sous Chef;1;12;12;12
11625;Vila Viçosa;138;Évora;642;Cocktail Bar Manager;1;11;11;11
11625;Vila Viçosa;138;Évora;669;Waiter;1;19;19;19
11636;Montargil;139;Portalegre;79;Hotel Director;1;0;0;0
11609;Tavira;137;Faro;572;Bellboy;1;23;23;23
11609;Tavira;137;Faro;587;Night Auditor;1;15;15;15
11609;Tavira;137;Faro;551;Assistant Executive Housekeeper;1;17;17;17
11609;Tavira;137;Faro;257;Chef de Partie;1;29;29;29
11609;Tavira;137;Faro;432;Events Sales Executive;1;28;28;28
11609;Tavira;137;Faro;489;Maintenance Manager;1;11;11;11
11604;Quarteira;137;Faro;637;Barista;1;3;3;3
11604;Quarteira;137;Faro;640;Cashier;1;21;21;21
11604;Quarteira;137;Faro;647;Food and Beverage Assistant;1;18;18;18
11609;Tavira;137;Faro;226;Dishwasher;1;29;29;29
11604;Quarteira;137;Faro;697;Masseur;1;9;9;9
11605;Sagres (Vila do Bispo);137;Faro;630;Assistant Head Waiter;1;18;18;18
11605;Sagres (Vila do Bispo);137;Faro;657;Bartender;1;28;28;28
11605;Sagres (Vila do Bispo);137;Faro;669;Waiter;1;30;30;30
11605;Sagres (Vila do Bispo);137;Faro;680;Body Treatment Specialist;1;21;21;21
11608;Silves;137;Faro;119;Reservation Agent;1;67;67;67
11609;Tavira;137;Faro;23;Administrative;1;234;234;234
11609;Tavira;137;Faro;26;Administrative Assistant;1;101;101;101
11609;Tavira;137;Faro;113;Travel Agent;1;16;16;16
11609;Tavira;137;Faro;211;Bakery Manager;1;16;16;16
11569;Sesimbra;135;Setúbal;632;Bakery Attendant;1;184;184;184
11569;Sesimbra;135;Setúbal;669;Waiter;1;21;21;21
11569;Sesimbra;135;Setúbal;778;Car Driver;1;27;27;27
11569;Sesimbra;135;Setúbal;809;Skipper;1;9;9;9
11570;Setúbal;135;Setúbal;226;Dishwasher;1;25;25;25
11570;Setúbal;135;Setúbal;243;Kitchen Assistant;1;1;1;1
11570;Setúbal;135;Setúbal;254;Sous Chef;1;18;18;18
11570;Setúbal;135;Setúbal;494;Maintenance Technician;1;12;12;12
11570;Setúbal;135;Setúbal;552;Chambermaid;1;110;110;110
11570;Setúbal;135;Setúbal;591;Receptionist;1;181;181;181
11570;Setúbal;135;Setúbal;613;Human Resources Manager;1;29;29;29
11570;Setúbal;135;Setúbal;669;Waiter;1;43;43;43
11571;Sines;135;Setúbal;30;Administrative Technician;1;0;0;0
11571;Sines;135;Setúbal;346;Supply Department Manager;1;0;0;0
11571;Sines;135;Setúbal;580;Front Office Manager;1;19;19;19
11571;Sines;135;Setúbal;631;Assistant Restaurant Manager;1;0;0;0
11579;Beja;136;Beja;80;Hotel Manager;1;4;4;4
11580;Castro Verde;136;Beja;80;Hotel Manager;1;12;12;12
11581;Cuba;136;Beja;476;Wine Tourism Guide;1;8;8;8
11591;Albufeira;137;Faro;23;Administrative;1;14;14;14
11591;Albufeira;137;Faro;45;Chief Executive Officer (CEO);1;0;0;0
11591;Albufeira;137;Faro;48;Operations Manager;1;26;26;26
11591;Albufeira;137;Faro;61;Finance Manager;1;15;15;15
11591;Albufeira;137;Faro;79;Hotel Director;1;20;20;20
11591;Albufeira;137;Faro;96;Supply Chain Manager;1;2;2;2
11551;Almada;135;Setúbal;432;Events Sales Executive;1;27;27;27
11554;Barreiro;135;Setúbal;221;Cook;1;21;21;21
11557;Costa de Caparica;135;Setúbal;313;Sales Assistant;1;7;7;7
11559;Grândola;135;Setúbal;23;Administrative;1;47;47;47
11559;Grândola;135;Setúbal;181;GEX - Guest Experience Coordinator;1;11;11;11
11559;Grândola;135;Setúbal;221;Cook;1;11;11;11
11559;Grândola;135;Setúbal;463;Driver Tour Guide;1;23;23;23
11559;Grândola;135;Setúbal;494;Maintenance Technician;1;3;3;3
11559;Grândola;135;Setúbal;587;Night Auditor;1;11;11;11
11559;Grândola;135;Setúbal;631;Assistant Restaurant Manager;1;11;11;11
11559;Grândola;135;Setúbal;652;Head Waiter;1;6;6;6
11559;Grândola;135;Setúbal;813;Van Driver;1;9;9;9
11562;Palmela;135;Setúbal;503;Warehouse Stock Handler;1;9;9;9
11564;Porto Covo;135;Setúbal;630;Assistant Head Waiter;1;13;13;13
11569;Sesimbra;135;Setúbal;552;Chambermaid;1;45;45;45
11569;Sesimbra;135;Setúbal;557;Executive Housekeeper;1;29;29;29
11569;Sesimbra;135;Setúbal;572;Bellboy;1;22;22;22
11565;Quinta do Anjo;135;Setúbal;254;Sous Chef;1;9;9;9
11559;Grândola;135;Setúbal;665;Sommelier;1;10;10;10
11591;Albufeira;137;Faro;248;Pastry Chef;1;17;17;17
11591;Albufeira;137;Faro;302;Sales Manager;1;0;0;0
11591;Albufeira;137;Faro;316;Store Sales Assistant;1;14;14;14
11591;Albufeira;137;Faro;424;Event Planner;1;14;14;14
11591;Albufeira;137;Faro;471;Tour Guide;1;17;17;17
11591;Albufeira;137;Faro;486;Facilities Technician;1;0;0;0
11591;Albufeira;137;Faro;218;Chef;1;14;14;14
11591;Albufeira;137;Faro;552;Chambermaid;1;36;36;36
11591;Albufeira;137;Faro;572;Bellboy;1;13;13;13
11591;Albufeira;137;Faro;580;Front Office Manager;1;22;22;22
11591;Albufeira;137;Faro;584;Hotel Receptionist;1;34;34;34
11591;Albufeira;137;Faro;797;Onboard Activity Coordinator;1;18;18;18
11595;Altura (Castro Marim);137;Faro;653;Host/Hostess;1;12;12;12
11595;Altura (Castro Marim);137;Faro;669;Waiter;1;13;13;13
11591;Albufeira;137;Faro;630;Assistant Head Waiter;1;10;10;10
11591;Albufeira;137;Faro;634;Bar Manager;1;12;12;12
11591;Albufeira;137;Faro;637;Barista;1;0;0;0
11591;Albufeira;137;Faro;647;Food and Beverage Assistant;1;144;144;144
11523;Almeirim;134;Santarém;106;Custom Travel Agent;1;31;31;31
11544;Tomar;134;Santarém;221;Cook;1;21;21;21
11544;Tomar;134;Santarém;243;Kitchen Assistant;1;23;23;23
11544;Tomar;134;Santarém;552;Chambermaid;1;26;26;26
11470;Lisboa;132;Lisboa;751;Digital Transformation Manager;1;25;25;25
11547;Alcácer do Sal;135;Setúbal;669;Waiter;1;8;8;8
11548;Alcochete;135;Setúbal;652;Head Waiter;1;14;14;14
11548;Alcochete;135;Setúbal;561;Housekeeping Staff;1;21;21;21
11548;Alcochete;135;Setúbal;221;Cook;1;31;31;31
11548;Alcochete;135;Setúbal;348;Warehouse Supervisor;1;65;65;65
11508;Leiria;133;Leiria;293;Sales Agent;1;1;1;1
11508;Leiria;133;Leiria;584;Hotel Receptionist;1;96;96;96
11508;Leiria;133;Leiria;591;Receptionist;1;107;107;107
11511;Marinha Grande;133;Leiria;221;Cook;1;14;14;14
11511;Marinha Grande;133;Leiria;552;Chambermaid;1;13;13;13
11511;Marinha Grande;133;Leiria;668;Waiter Assistant;1;13;13;13
11493;Torres Vedras;132;Lisboa;487;Gardener;1;10;10;10
11500;Batalha;133;Leiria;221;Cook;1;17;17;17
11502;Bombarral;133;Leiria;218;Chef;1;7;7;7
11503;Caldas da Rainha;133;Leiria;561;Housekeeping Staff;1;30;30;30
11503;Caldas da Rainha;133;Leiria;654;Ice Cream Shop Attendant;1;17;17;17
11514;Óbidos;133;Leiria;78;Hotel Development Director;1;12;12;12
11514;Óbidos;133;Leiria;221;Cook;1;14;14;14
11514;Óbidos;133;Leiria;591;Receptionist;1;24;24;24
11513;Nazaré;133;Leiria;221;Cook;1;14;14;14
11513;Nazaré;133;Leiria;254;Sous Chef;1;59;59;59
11513;Nazaré;133;Leiria;494;Maintenance Technician;1;26;26;26
11475;Odivelas;132;Lisboa;267;Commercial Manager;1;13;13;13
11475;Odivelas;132;Lisboa;637;Barista;1;41;41;41
11475;Odivelas;132;Lisboa;652;Head Waiter;1;27;27;27
11475;Odivelas;132;Lisboa;654;Ice Cream Shop Attendant;1;57;57;57
11475;Odivelas;132;Lisboa;661;Restaurant Manager;1;19;19;19
11475;Odivelas;132;Lisboa;762;Technologist brewing;1;41;41;41
11481;Póvoa de Santa Iria;132;Lisboa;315;Store Manager;1;14;14;14
11485;Sacavém;132;Lisboa;113;Travel Agent;1;34;34;34
11490;Sintra;132;Lisboa;177;GEX - Guest Experience Assistant;1;31;31;31
11490;Sintra;132;Lisboa;401;Tourist Management Consultant;1;23;23;23
11490;Sintra;132;Lisboa;552;Chambermaid;1;151;151;151
11490;Sintra;132;Lisboa;561;Housekeeping Staff;1;62;62;62
11490;Sintra;132;Lisboa;580;Front Office Manager;1;29;29;29
11490;Sintra;132;Lisboa;632;Bakery Attendant;1;16;16;16
11490;Sintra;132;Lisboa;669;Waiter;1;57;57;57
11470;Lisboa;132;Lisboa;765;Airport Attendant;1;6;6;6
11470;Lisboa;132;Lisboa;771;Bus Driver;1;10;10;10
11470;Lisboa;132;Lisboa;782;Cruise Staff;1;57;57;57
11471;Loures;132;Lisboa;591;Receptionist;1;28;28;28
11470;Lisboa;132;Lisboa;733;IT Helpdesk Analyst;1;43;43;43
11470;Lisboa;132;Lisboa;711;Spa Assistant;1;36;36;36
11470;Lisboa;132;Lisboa;712;Spa Coordinator;1;7;7;7
11470;Lisboa;132;Lisboa;713;Spa Manager;1;0;0;0
11470;Lisboa;132;Lisboa;93;Regional Director;1;1;1;1
11470;Lisboa;132;Lisboa;94;Regional Manager;1;39;39;39
11470;Lisboa;132;Lisboa;76;Head of Finance;1;41;41;41
11470;Lisboa;132;Lisboa;78;Hotel Development Director;1;19;19;19
11468;Estoril;132;Lisboa;632;Bakery Attendant;1;27;27;27
11470;Lisboa;132;Lisboa;54;Collector Specialist;1;16;16;16
11470;Lisboa;132;Lisboa;65;Financial Analyst;1;27;27;27
11470;Lisboa;132;Lisboa;67;Financial Assistant;1;16;16;16
11470;Lisboa;132;Lisboa;74;Head of Accounting;1;11;11;11
11470;Lisboa;132;Lisboa;169;Customer Service Director;1;32;32;32
11470;Lisboa;132;Lisboa;171;Customer Service Specialist;1;99;99;99
11470;Lisboa;132;Lisboa;179;GEX - Guest Experience Director;1;26;26;26
11470;Lisboa;132;Lisboa;180;GEX - Guest Experience Manager;1;10;10;10
11470;Lisboa;132;Lisboa;181;GEX - Guest Experience Coordinator;1;19;19;19
11470;Lisboa;132;Lisboa;182;Service Manager;1;24;24;24
11470;Lisboa;132;Lisboa;188;Customer Success Assistant;1;18;18;18
11470;Lisboa;132;Lisboa;142;Events Coordinator;1;29;29;29
11470;Lisboa;132;Lisboa;107;Luxury Travel Advisor;1;66;66;66
11470;Lisboa;132;Lisboa;332;Purchasing Agent;1;24;24;24
11470;Lisboa;132;Lisboa;334;Purchasing Assistant;1;0;0;0
11470;Lisboa;132;Lisboa;335;Purchasing Coordinator;1;18;18;18
11470;Lisboa;132;Lisboa;337;Purchasing Intern;1;12;12;12
11470;Lisboa;132;Lisboa;339;Purchasing Supervisor;1;0;0;0
11470;Lisboa;132;Lisboa;341;Stock Control Technician;1;34;34;34
11470;Lisboa;132;Lisboa;262;Area Sales Manager;1;23;23;23
11470;Lisboa;132;Lisboa;266;Commercial and Marketing Manager;1;23;23;23
11470;Lisboa;132;Lisboa;275;Marketing and Sales Manager;1;87;87;87
11470;Lisboa;132;Lisboa;270;Group Sales Manager;1;34;34;34
11470;Lisboa;132;Lisboa;199;Customer Service Technician;1;113;113;113
11470;Lisboa;132;Lisboa;176;Customer Support Specialist;1;21;21;21
11470;Lisboa;132;Lisboa;213;Event Chef;1;11;11;11
11470;Lisboa;132;Lisboa;204;Quality Director;1;35;35;35
11470;Lisboa;132;Lisboa;206;Quality Specialist;1;24;24;24
11470;Lisboa;132;Lisboa;438;Groups & Events Sales Manager;1;16;16;16
11470;Lisboa;132;Lisboa;447;MICE Project Manager;1;32;32;32
11470;Lisboa;132;Lisboa;453;Sporting Activities Manager;1;9;9;9
11470;Lisboa;132;Lisboa;461;City Tour Guide;1;26;26;26
11470;Lisboa;132;Lisboa;377;Hospitality Trainer;1;2;2;2
11470;Lisboa;132;Lisboa;386;Portuguese Teacher;1;25;25;25
11470;Lisboa;132;Lisboa;434;Events Staff;1;13;13;13
11470;Lisboa;132;Lisboa;346;Supply Department Manager;1;19;19;19
11470;Lisboa;132;Lisboa;348;Warehouse Supervisor;1;16;16;16
11470;Lisboa;132;Lisboa;354;Culinary Arts Instructor;1;16;16;16
11470;Lisboa;132;Lisboa;358;Food and Beverage Consultant;1;17;17;17
11470;Lisboa;132;Lisboa;306;Sales Operations Analyst;1;28;28;28
11470;Lisboa;132;Lisboa;481;Electrical Maintenance Crew Chief;1;13;13;13
11470;Lisboa;132;Lisboa;470;Segway or Bicycle Tour Guide;1;19;19;19
11470;Lisboa;132;Lisboa;315;Store Manager;1;204;204;204
11470;Lisboa;132;Lisboa;492;Maintenance Assistant;1;28;28;28
11470;Lisboa;132;Lisboa;508;B2B Marketing Manager;1;146;146;146
11470;Lisboa;132;Lisboa;516;Digital Marketing Manager;1;135;135;135
11470;Lisboa;132;Lisboa;519;Public Relations and Communication Director;1;64;64;64
11470;Lisboa;132;Lisboa;523;eCommerce Specialist;1;18;18;18
11470;Lisboa;132;Lisboa;560;Cleaning Manager;1;68;68;68
11470;Lisboa;132;Lisboa;535;Marketing Specialist;1;31;31;31
11470;Lisboa;132;Lisboa;531;Marketing Consultant;1;35;35;35
11470;Lisboa;132;Lisboa;540;Public Relations Manager;1;35;35;35
11470;Lisboa;132;Lisboa;642;Cocktail Bar Manager;1;36;36;36
11470;Lisboa;132;Lisboa;645;Coffee Shop Manager;1;46;46;46
11470;Lisboa;132;Lisboa;617;Learning and Talent Development Specialist;1;12;12;12
11470;Lisboa;132;Lisboa;626;Talent Acquisition Manager;1;14;14;14
11470;Lisboa;132;Lisboa;597;Intern in Reception;1;16;16;16
11470;Lisboa;132;Lisboa;603;HR and Talent Director;1;0;0;0
11470;Lisboa;132;Lisboa;608;Human Resources Assistant;1;42;42;42
11470;Lisboa;132;Lisboa;613;Human Resources Manager;1;22;22;22
11470;Lisboa;132;Lisboa;614;Human Resources Specialist;1;0;0;0
30261;Playa de Fañabé;333;Islas Canarias;243;Kitchen Assistant;1;24;24;24
30258;Alcalá;333;Islas Canarias;551;Assistant Executive Housekeeper;1;34;34;34
30258;Alcalá;333;Islas Canarias;587;Night Auditor;1;43;43;43
30258;Alcalá;333;Islas Canarias;590;Reception Assistant;1;11;11;11
30258;Alcalá;333;Islas Canarias;611;Human Resources Coordinator;1;21;21;21
30260;Gipuzkoa;20;Guipúzcoa;761;Technical Services Assistant;1;2;2;2
30258;Alcalá;333;Islas Canarias;436;Groups & Events Coordinator;1;14;14;14
30258;Alcalá;333;Islas Canarias;300;Sales Host;1;19;19;19
30258;Alcalá;333;Islas Canarias;301;Sales Intern;1;9;9;9
30258;Alcalá;333;Islas Canarias;282;Partners Specialist;1;3;3;3
30258;Alcalá;333;Islas Canarias;291;Sales & MICE Assistant;1;4;4;4
30258;Alcalá;333;Islas Canarias;266;Commercial and Marketing Manager;1;34;34;34
30246;Es Canar;7;Islas Baleares;221;Cook;1;18;18;18
30246;Es Canar;7;Islas Baleares;346;Supply Department Manager;1;14;14;14
30246;Es Canar;7;Islas Baleares;591;Receptionist;1;64;64;64
30250;Cala Pi;7;Islas Baleares;551;Assistant Executive Housekeeper;1;21;21;21
30250;Cala Pi;7;Islas Baleares;552;Chambermaid;1;81;81;81
30250;Cala Pi;7;Islas Baleares;557;Executive Housekeeper;1;28;28;28
30258;Alcalá;333;Islas Canarias;2;Accounting Assistant;1;16;16;16
30258;Alcalá;333;Islas Canarias;12;Accounts Payable Assistant;1;9;9;9
30258;Alcalá;333;Islas Canarias;23;Administrative;1;4;4;4
30258;Alcalá;333;Islas Canarias;124;Actor;1;56;56;56
30258;Alcalá;333;Islas Canarias;177;GEX - Guest Experience Assistant;1;8;8;8
30258;Alcalá;333;Islas Canarias;180;GEX - Guest Experience Manager;1;3;3;3
30258;Alcalá;333;Islas Canarias;181;GEX - Guest Experience Coordinator;1;13;13;13
30258;Alcalá;333;Islas Canarias;226;Dishwasher;1;6;6;6
30258;Alcalá;333;Islas Canarias;254;Sous Chef;1;10;10;10
30205;Castell-llebre;25;Lleida;668;Waiter Assistant;1;5;5;5
30207;Lomo Quiebre;35;Las Palmas;221;Cook;1;20;20;20
30210;Playas de Vera;4;Almería;492;Maintenance Assistant;1;39;39;39
30210;Playas de Vera;4;Almería;493;Maintenance Officer;1;15;15;15
30210;Playas de Vera;4;Almería;591;Receptionist;1;104;104;104
30196;Los Cristianos;333;Islas Canarias;117;Travel guide;1;16;16;16
30204;Comarruga;43;Tarragona;552;Chambermaid;1;21;21;21
30204;Comarruga;43;Tarragona;584;Hotel Receptionist;1;46;46;46
30204;Comarruga;43;Tarragona;669;Waiter;1;30;30;30
30205;Castell-llebre;25;Lleida;254;Sous Chef;1;11;11;11
30205;Castell-llebre;25;Lleida;590;Reception Assistant;1;14;14;14
30218;Puerto de Santiago;333;Islas Canarias;761;Technical Services Assistant;1;9;9;9
30220;Lajares;35;Las Palmas;127;Animation Manager;1;93;93;93
30220;Lajares;35;Las Palmas;669;Waiter;1;75;75;75
30222;Bonmont Terres Noves;43;Tarragona;163;Fitness Animator;1;42;42;42
30222;Bonmont Terres Noves;43;Tarragona;221;Cook;1;77;77;77
30222;Bonmont Terres Noves;43;Tarragona;589;Night Receptionist;1;78;78;78
30224;Somosaguas;28;Madrid;218;Chef;1;101;101;101
30245;Esquinzo;35;Las Palmas;551;Assistant Executive Housekeeper;1;15;15;15
30243;L'Escala;17;Girona;221;Cook;1;0;0;0
30243;L'Escala;17;Girona;313;Sales Assistant;1;1;1;1
30243;L'Escala;17;Girona;552;Chambermaid;1;14;14;14
30243;L'Escala;17;Girona;557;Executive Housekeeper;1;6;6;6
30224;Somosaguas;28;Madrid;257;Chef de Partie;1;137;137;137
30218;Puerto de Santiago;333;Islas Canarias;494;Maintenance Technician;1;19;19;19
30228;Cancelada;29;Málaga;504;Painter;1;26;26;26
30228;Cancelada;29;Málaga;668;Waiter Assistant;1;39;39;39
30231;Cala de Sant Vicent;7;Islas Baleares;218;Chef;1;80;80;80
30175;Fuerteventura;35;Las Palmas;657;Bartender;1;93;93;93
30175;Fuerteventura;35;Las Palmas;650;Food and Beverage Manager;1;16;16;16
30175;Fuerteventura;35;Las Palmas;602;Compensation and Benefits Specialist;1;15;15;15
30175;Fuerteventura;35;Las Palmas;608;Human Resources Assistant;1;3;3;3
30175;Fuerteventura;35;Las Palmas;551;Assistant Executive Housekeeper;1;5;5;5
30175;Fuerteventura;35;Las Palmas;561;Housekeeping Staff;1;38;38;38
30175;Fuerteventura;35;Las Palmas;570;Assistant Head of Reception;1;25;25;25
30175;Fuerteventura;35;Las Palmas;166;Customer Service Agent;1;6;6;6
30175;Fuerteventura;35;Las Palmas;130;Children's Animator;1;9;9;9
30175;Fuerteventura;35;Las Palmas;26;Administrative Assistant;1;64;64;64
30175;Fuerteventura;35;Las Palmas;75;Head of Administration;1;25;25;25
30175;Fuerteventura;35;Las Palmas;254;Sous Chef;1;10;10;10
30175;Fuerteventura;35;Las Palmas;300;Sales Host;1;11;11;11
30175;Fuerteventura;35;Las Palmas;361;Food Production Consultant;1;10;10;10
30175;Fuerteventura;35;Las Palmas;471;Tour Guide;1;16;16;16
30175;Fuerteventura;35;Las Palmas;479;Window Cleaner;1;20;20;20
30175;Fuerteventura;35;Las Palmas;483;Electrician;1;16;16;16
30189;Port de Sóller;7;Islas Baleares;1;Accountant;1;22;22;22
30189;Port de Sóller;7;Islas Baleares;46;Chief Financial Officer (CFO);1;21;21;21
30189;Port de Sóller;7;Islas Baleares;119;Reservation Agent;1;13;13;13
30189;Port de Sóller;7;Islas Baleares;177;GEX - Guest Experience Assistant;1;23;23;23
30189;Port de Sóller;7;Islas Baleares;221;Cook;1;43;43;43
30189;Port de Sóller;7;Islas Baleares;243;Kitchen Assistant;1;5;5;5
30189;Port de Sóller;7;Islas Baleares;489;Maintenance Manager;1;36;36;36
30187;La Garriga;8;Barcelona;5;Accounting Director;1;14;14;14
30185;Portinatx;7;Islas Baleares;580;Front Office Manager;1;29;29;29
30175;Fuerteventura;35;Las Palmas;753;Head of Technical Services;1;35;35;35
30175;Fuerteventura;35;Las Palmas;761;Technical Services Assistant;1;4;4;4
30182;Binibeca;7;Islas Baleares;557;Executive Housekeeper;1;8;8;8
30183;Acapulco de Juárez;110;Guerrero;113;Travel Agent;1;7;7;7
30194;Coímbra;142;Coimbra;45;Chief Executive Officer (CEO);1;40;40;40
30194;Coímbra;142;Coimbra;114;Travel Coordinator;1;19;19;19
30194;Coímbra;142;Coimbra;630;Assistant Head Waiter;1;0;0;0
30194;Coímbra;142;Coimbra;243;Kitchen Assistant;1;48;48;48
30194;Coímbra;142;Coimbra;262;Area Sales Manager;1;4;4;4
30190;Cala Millor;7;Islas Baleares;55;Controller;1;28;28;28
30190;Cala Millor;7;Islas Baleares;148;MiniClub Animator;1;16;16;16
30189;Port de Sóller;7;Islas Baleares;591;Receptionist;1;74;74;74
30190;Cala Millor;7;Islas Baleares;226;Dishwasher;1;5;5;5
30190;Cala Millor;7;Islas Baleares;501;Technical Services Officer;1;27;27;27
30190;Cala Millor;7;Islas Baleares;552;Chambermaid;1;27;27;27
30153;San Jorge de ses Salines;7;Islas Baleares;482;Electrical Maintenance Technician;1;3;3;3
30153;San Jorge de ses Salines;7;Islas Baleares;489;Maintenance Manager;1;11;11;11
30153;San Jorge de ses Salines;7;Islas Baleares;125;Animation Assistant;1;84;84;84
30153;San Jorge de ses Salines;7;Islas Baleares;141;Entertainment Manager;1;18;18;18
30153;San Jorge de ses Salines;7;Islas Baleares;219;Chinese Food Cook;1;3;3;3
30153;San Jorge de ses Salines;7;Islas Baleares;248;Pastry Chef;1;19;19;19
30153;San Jorge de ses Salines;7;Islas Baleares;530;Marketing Assistant;1;17;17;17
30153;San Jorge de ses Salines;7;Islas Baleares;531;Marketing Consultant;1;17;17;17
30153;San Jorge de ses Salines;7;Islas Baleares;565;Laundry Manager;1;12;12;12
30153;San Jorge de ses Salines;7;Islas Baleares;551;Assistant Executive Housekeeper;1;28;28;28
30153;San Jorge de ses Salines;7;Islas Baleares;652;Head Waiter;1;2;2;2
30153;San Jorge de ses Salines;7;Islas Baleares;634;Bar Manager;1;19;19;19
30153;San Jorge de ses Salines;7;Islas Baleares;593;Human Resources Intern;1;14;14;14
30168;Jandia;35;Las Palmas;715;Spa Therapist;1;26;26;26
30168;Jandia;35;Las Palmas;591;Receptionist;1;49;49;49
30168;Jandia;35;Las Palmas;668;Waiter Assistant;1;27;27;27
30175;Fuerteventura;35;Las Palmas;89;Valet Parking;1;5;5;5
30175;Fuerteventura;35;Las Palmas;117;Travel guide;1;20;20;20
30175;Fuerteventura;35;Las Palmas;123;Activities Supervisor;1;19;19;19
30175;Fuerteventura;35;Las Palmas;124;Actor;1;34;34;34
30168;Jandia;35;Las Palmas;226;Dishwasher;1;25;25;25
30168;Jandia;35;Las Palmas;487;Gardener;1;22;22;22
30168;Jandia;35;Las Palmas;488;Gardening Assistant;1;31;31;31
30168;Jandia;35;Las Palmas;494;Maintenance Technician;1;20;20;20
30168;Jandia;35;Las Palmas;501;Technical Services Officer;1;24;24;24
30166;Pinhão;420;Santo António;243;Kitchen Assistant;1;0;0;0
30153;San Jorge de ses Salines;7;Islas Baleares;712;Spa Coordinator;1;0;0;0
30168;Jandia;35;Las Palmas;2;Accounting Assistant;1;30;30;30
30168;Jandia;35;Las Palmas;74;Head of Accounting;1;14;14;14
30156;Salnés;36;Pontevedra;580;Front Office Manager;1;41;41;41
30157;Formigal;22;Huesca;552;Chambermaid;1;0;0;0
30157;Formigal;22;Huesca;652;Head Waiter;1;25;25;25
30153;San Jorge de ses Salines;7;Islas Baleares;657;Bartender;1;23;23;23
30086;Gran Canaria;35;Las Palmas;291;Sales & MICE Assistant;1;15;15;15
30086;Gran Canaria;35;Las Palmas;293;Sales Agent;1;11;11;11
30086;Gran Canaria;35;Las Palmas;552;Chambermaid;1;69;69;69
30086;Gran Canaria;35;Las Palmas;570;Assistant Head of Reception;1;16;16;16
30086;Gran Canaria;35;Las Palmas;590;Reception Assistant;1;199;199;199
30086;Gran Canaria;35;Las Palmas;600;Revenue Agent;1;16;16;16
30096;La Massana;556;La Massana;686;Esthetician;1;22;22;22
30100;L'Ampolla;43;Tarragona;218;Chef;1;45;45;45
30044;Artá;7;Islas Baleares;652;Head Waiter;1;34;34;34
30100;L'Ampolla;43;Tarragona;590;Reception Assistant;1;37;37;37
30100;L'Ampolla;43;Tarragona;591;Receptionist;1;45;45;45
30101;Cala Sant Vicenç;7;Islas Baleares;492;Maintenance Assistant;1;30;30;30
30101;Cala Sant Vicenç;7;Islas Baleares;494;Maintenance Technician;1;31;31;31
30101;Cala Sant Vicenç;7;Islas Baleares;552;Chambermaid;1;114;114;114
30101;Cala Sant Vicenç;7;Islas Baleares;577;Concierge;1;46;46;46
30101;Cala Sant Vicenç;7;Islas Baleares;584;Hotel Receptionist;1;69;69;69
30101;Cala Sant Vicenç;7;Islas Baleares;591;Receptionist;1;86;86;86
30060;Illes Balears;419;Mallorca;580;Front Office Manager;1;69;69;69
30060;Illes Balears;419;Mallorca;593;Human Resources Intern;1;2;2;2
30060;Illes Balears;419;Mallorca;653;Host/Hostess;1;28;28;28
30060;Illes Balears;419;Mallorca;668;Waiter Assistant;1;25;25;25
30026;Palmanova;7;Islas Baleares;584;Hotel Receptionist;1;79;79;79
30026;Palmanova;7;Islas Baleares;587;Night Auditor;1;32;32;32
30026;Palmanova;7;Islas Baleares;634;Bar Manager;1;7;7;7
30026;Palmanova;7;Islas Baleares;657;Bartender;1;41;41;41
30060;Illes Balears;419;Mallorca;680;Body Treatment Specialist;1;50;50;50
30064;Rotes Velles;7;Islas Baleares;494;Maintenance Technician;1;31;31;31
30064;Rotes Velles;7;Islas Baleares;669;Waiter;1;145;145;145
30065;Costa de la Calma;7;Islas Baleares;243;Kitchen Assistant;1;139;139;139
30065;Costa de la Calma;7;Islas Baleares;494;Maintenance Technician;1;19;19;19
30065;Costa de la Calma;7;Islas Baleares;591;Receptionist;1;161;161;161
30070;Albernoa;420;Santo António;126;Animation Coordinator;1;3;3;3
30070;Albernoa;420;Santo António;221;Cook;1;12;12;12
30070;Albernoa;420;Santo António;250;Pastry Shop Manager;1;1;1;1
30070;Albernoa;420;Santo António;302;Sales Manager;1;5;5;5
30070;Albernoa;420;Santo António;584;Hotel Receptionist;1;3;3;3
30086;Gran Canaria;35;Las Palmas;79;Hotel Director;1;54;54;54
30102;Atalaya Isdabe;29;Málaga;243;Kitchen Assistant;1;143;143;143
30102;Atalaya Isdabe;29;Málaga;761;Technical Services Assistant;1;15;15;15
30103;Playa Puerto Banús;29;Málaga;675;Make-up Artist;1;5;5;5
30108;Castellón;12;Castellón;44;Casino Host;1;17;17;17
30108;Castellón;12;Castellón;243;Kitchen Assistant;1;26;26;26
30111;Montaña Roja;35;Las Palmas;125;Animation Assistant;1;69;69;69
30111;Montaña Roja;35;Las Palmas;221;Cook;1;17;17;17
30114;Pla de l'Ermita;25;Lleida;221;Cook;1;18;18;18
30114;Pla de l'Ermita;25;Lleida;243;Kitchen Assistant;1;86;86;86
30114;Pla de l'Ermita;25;Lleida;550;Assistant Hotel Manager;1;21;21;21
30111;Montaña Roja;35;Las Palmas;584;Hotel Receptionist;1;55;55;55
30101;Cala Sant Vicenç;7;Islas Baleares;243;Kitchen Assistant;1;113;113;113
30131;Maia;147;Porto;623;Recruitment Specialist;1;57;57;57
30131;Maia;147;Porto;634;Bar Manager;1;204;204;204
30138;San Miguel de Balansat;7;Islas Baleares;652;Head Waiter;1;0;0;0
30143;Calla Vinyes;7;Islas Baleares;577;Concierge;1;16;16;16
30153;San Jorge de ses Salines;7;Islas Baleares;23;Administrative;1;2;2;2
30153;San Jorge de ses Salines;7;Islas Baleares;26;Administrative Assistant;1;75;75;75
30153;San Jorge de ses Salines;7;Islas Baleares;32;Amusement Park Staff;1;21;21;21
30114;Pla de l'Ermita;25;Lleida;584;Hotel Receptionist;1;29;29;29
30114;Pla de l'Ermita;25;Lleida;669;Waiter;1;36;36;36
30122;Puerto Nous;7;Islas Baleares;218;Chef;1;34;34;34
30122;Puerto Nous;7;Islas Baleares;242;Sushiman;1;21;21;21
30122;Puerto Nous;7;Islas Baleares;669;Waiter;1;47;47;47
29935;San Juan Bautista;7;Islas Baleares;148;MiniClub Animator;1;16;16;16
29935;San Juan Bautista;7;Islas Baleares;164;Fitness Supervisor;1;6;6;6
29935;San Juan Bautista;7;Islas Baleares;177;GEX - Guest Experience Assistant;1;14;14;14
29935;San Juan Bautista;7;Islas Baleares;203;Quality Department Internship;1;7;7;7
29935;San Juan Bautista;7;Islas Baleares;492;Maintenance Assistant;1;16;16;16
29935;San Juan Bautista;7;Islas Baleares;494;Maintenance Technician;1;21;21;21
29935;San Juan Bautista;7;Islas Baleares;496;Plumber;1;4;4;4
29935;San Juan Bautista;7;Islas Baleares;498;Swimming Pool Maintenance;1;12;12;12
29935;San Juan Bautista;7;Islas Baleares;274;Marketing and Sales Director;1;20;20;20
29935;San Juan Bautista;7;Islas Baleares;415;Conference & Events Trainee;1;23;23;23
29935;San Juan Bautista;7;Islas Baleares;436;Groups & Events Coordinator;1;27;27;27
29935;San Juan Bautista;7;Islas Baleares;437;Groups & Events Manager;1;5;5;5
29935;San Juan Bautista;7;Islas Baleares;597;Intern in Reception;1;12;12;12
29935;San Juan Bautista;7;Islas Baleares;611;Human Resources Coordinator;1;4;4;4
29935;San Juan Bautista;7;Islas Baleares;613;Human Resources Manager;1;7;7;7
29935;San Juan Bautista;7;Islas Baleares;636;Barback;1;4;4;4
29935;San Juan Bautista;7;Islas Baleares;647;Food and Beverage Assistant;1;13;13;13
29935;San Juan Bautista;7;Islas Baleares;533;Marketing Intern;1;14;14;14
29935;San Juan Bautista;7;Islas Baleares;248;Pastry Chef;1;13;13;13
29935;San Juan Bautista;7;Islas Baleares;557;Executive Housekeeper;1;16;16;16
29920;ses Illetes;7;Islas Baleares;26;Administrative Assistant;1;94;94;94
29920;ses Illetes;7;Islas Baleares;218;Chef;1;69;69;69
29920;ses Illetes;7;Islas Baleares;257;Chef de Partie;1;42;42;42
29920;ses Illetes;7;Islas Baleares;551;Assistant Executive Housekeeper;1;91;91;91
29920;ses Illetes;7;Islas Baleares;552;Chambermaid;1;109;109;109
29914;Magaluf;7;Islas Baleares;650;Food and Beverage Manager;1;45;45;45
29914;Magaluf;7;Islas Baleares;580;Front Office Manager;1;36;36;36
29914;Magaluf;7;Islas Baleares;561;Housekeeping Staff;1;0;0;0
29912;Maspalomas;35;Las Palmas;591;Receptionist;1;78;78;78
29912;Maspalomas;35;Las Palmas;608;Human Resources Assistant;1;27;27;27
29914;Magaluf;7;Islas Baleares;150;Multifunctional Animator;1;66;66;66
29914;Magaluf;7;Islas Baleares;218;Chef;1;30;30;30
29914;Magaluf;7;Islas Baleares;221;Cook;1;111;111;111
29914;Magaluf;7;Islas Baleares;254;Sous Chef;1;27;27;27
29935;San Juan Bautista;7;Islas Baleares;79;Hotel Director;1;33;33;33
29925;Luz;460;Luz;724;Nightwatchman;1;18;18;18
29920;ses Illetes;7;Islas Baleares;731;Pool Attendant;1;47;47;47
29925;Luz;460;Luz;557;Executive Housekeeper;1;18;18;18
29934;Cala Llonga;7;Islas Baleares;346;Supply Department Manager;1;22;22;22
29934;Cala Llonga;7;Islas Baleares;552;Chambermaid;1;18;18;18
29934;Cala Llonga;7;Islas Baleares;590;Reception Assistant;1;19;19;19
29934;Cala Llonga;7;Islas Baleares;668;Waiter Assistant;1;21;21;21
29934;Cala Llonga;7;Islas Baleares;762;Technologist brewing;1;13;13;13
29935;San Juan Bautista;7;Islas Baleares;22;Accounts Receivable Technician;1;6;6;6
29935;San Juan Bautista;7;Islas Baleares;46;Chief Financial Officer (CFO);1;10;10;10
29947;Alvor;137;Faro;577;Concierge;1;14;14;14
29947;Alvor;137;Faro;580;Front Office Manager;1;6;6;6
29947;Alvor;137;Faro;615;Human Resources Technician;1;16;16;16
29947;Alvor;137;Faro;650;Food and Beverage Manager;1;6;6;6
29947;Alvor;137;Faro;550;Assistant Hotel Manager;1;0;0;0
29947;Alvor;137;Faro;278;National Sales Executive;1;13;13;13
29947;Alvor;137;Faro;243;Kitchen Assistant;1;1;1;1
29935;San Juan Bautista;7;Islas Baleares;668;Waiter Assistant;1;11;11;11
29947;Alvor;137;Faro;45;Chief Executive Officer (CEO);1;41;41;41
29947;Alvor;137;Faro;213;Event Chef;1;11;11;11
29935;San Juan Bautista;7;Islas Baleares;711;Spa Assistant;1;7;7;7
29935;San Juan Bautista;7;Islas Baleares;718;Wellness Advisor;1;19;19;19
29935;San Juan Bautista;7;Islas Baleares;722;Bodyguard;1;0;0;0
29935;San Juan Bautista;7;Islas Baleares;741;Head of Information Technology;1;7;7;7
29935;San Juan Bautista;7;Islas Baleares;755;IT Manager;1;22;22;22
29942;El Bajo Ampurdán;17;Girona;494;Maintenance Technician;1;27;27;27
29947;Alvor;137;Faro;1;Accountant;1;4;4;4
29947;Alvor;137;Faro;28;Administrative Intern;1;18;18;18
29950;Can Picafort;7;Islas Baleares;345;Supply Department Assistant;1;41;41;41
29950;Can Picafort;7;Islas Baleares;346;Supply Department Manager;1;45;45;45
29950;Can Picafort;7;Islas Baleares;501;Technical Services Officer;1;12;12;12
29950;Can Picafort;7;Islas Baleares;503;Warehouse Stock Handler;1;21;21;21
29950;Can Picafort;7;Islas Baleares;49;Revenue Manager;1;17;17;17
29950;Can Picafort;7;Islas Baleares;159;Tourist Animator;1;0;0;0
29950;Can Picafort;7;Islas Baleares;254;Sous Chef;1;40;40;40
29950;Can Picafort;7;Islas Baleares;584;Hotel Receptionist;1;99;99;99
29950;Can Picafort;7;Islas Baleares;591;Receptionist;1;43;43;43
29950;Can Picafort;7;Islas Baleares;614;Human Resources Specialist;1;10;10;10
29950;Can Picafort;7;Islas Baleares;628;Assistant Bar Manager;1;17;17;17
29950;Can Picafort;7;Islas Baleares;652;Head Waiter;1;30;30;30
29950;Can Picafort;7;Islas Baleares;653;Host/Hostess;1;42;42;42
29950;Can Picafort;7;Islas Baleares;657;Bartender;1;28;28;28
29953;Caniçal;182;Madeira;177;GEX - Guest Experience Assistant;1;24;24;24
29953;Caniçal;182;Madeira;180;GEX - Guest Experience Manager;1;20;20;20
29953;Caniçal;182;Madeira;221;Cook;1;14;14;14
29950;Can Picafort;7;Islas Baleares;753;Head of Technical Services;1;12;12;12
29953;Caniçal;182;Madeira;55;Controller;1;3;3;3
29953;Caniçal;182;Madeira;67;Financial Assistant;1;16;16;16
29991;Fátima;338;Santarém District;221;Cook;1;12;12;12
30005;São João da Madeira;453;São João da Madeira;243;Kitchen Assistant;1;33;33;33
30005;São João da Madeira;453;São João da Madeira;552;Chambermaid;1;61;61;61
30005;São João da Madeira;453;São João da Madeira;591;Receptionist;1;76;76;76
30005;São João da Madeira;453;São João da Madeira;669;Waiter;1;45;45;45
30009;Sant Antoni de Portmany;445;São Gonçalo de Lagos;396;Sommelier Consultant;1;13;13;13
30009;Sant Antoni de Portmany;445;São Gonçalo de Lagos;557;Executive Housekeeper;1;32;32;32
30009;Sant Antoni de Portmany;445;São Gonçalo de Lagos;580;Front Office Manager;1;24;24;24
30009;Sant Antoni de Portmany;445;São Gonçalo de Lagos;631;Assistant Restaurant Manager;1;16;16;16
30009;Sant Antoni de Portmany;445;São Gonçalo de Lagos;634;Bar Manager;1;16;16;16
30009;Sant Antoni de Portmany;445;São Gonçalo de Lagos;652;Head Waiter;1;18;18;18
30019;Bahía de Palma;447;Santa Marinha;10;Accounts Manager;1;15;15;15
30026;Palmanova;7;Islas Baleares;120;Reservations Manager;1;53;53;53
30026;Palmanova;7;Islas Baleares;123;Activities Supervisor;1;4;4;4
30026;Palmanova;7;Islas Baleares;180;GEX - Guest Experience Manager;1;41;41;41
29985;Mallorca;419;Mallorca;654;Ice Cream Shop Attendant;1;8;8;8
29985;Mallorca;419;Mallorca;686;Esthetician;1;70;70;70
29985;Mallorca;419;Mallorca;692;Lifesaver;1;74;74;74
29985;Mallorca;419;Mallorca;593;Human Resources Intern;1;14;14;14
29985;Mallorca;419;Mallorca;615;Human Resources Technician;1;12;12;12
29985;Mallorca;419;Mallorca;580;Front Office Manager;1;0;0;0
29985;Mallorca;419;Mallorca;590;Reception Assistant;1;127;127;127
29985;Mallorca;419;Mallorca;561;Housekeeping Staff;1;82;82;82
29985;Mallorca;419;Mallorca;570;Assistant Head of Reception;1;21;21;21
30053;Vizcaya;48;Vizcaya;221;Cook;1;60;60;60
30053;Vizcaya;48;Vizcaya;572;Bellboy;1;18;18;18
30053;Vizcaya;48;Vizcaya;584;Hotel Receptionist;1;17;17;17
30053;Vizcaya;48;Vizcaya;669;Waiter;1;10;10;10
30060;Illes Balears;419;Mallorca;159;Tourist Animator;1;12;12;12
30060;Illes Balears;419;Mallorca;177;GEX - Guest Experience Assistant;1;21;21;21
30060;Illes Balears;419;Mallorca;214;Catering Assistant;1;13;13;13
30060;Illes Balears;419;Mallorca;218;Chef;1;84;84;84
30060;Illes Balears;419;Mallorca;221;Cook;1;119;119;119
30060;Illes Balears;419;Mallorca;257;Chef de Partie;1;46;46;46
30060;Illes Balears;419;Mallorca;293;Sales Agent;1;5;5;5
30060;Illes Balears;419;Mallorca;316;Store Sales Assistant;1;168;168;168
30060;Illes Balears;419;Mallorca;552;Chambermaid;1;16;16;16
30060;Illes Balears;419;Mallorca;560;Cleaning Manager;1;34;34;34
30038;Playa del Carmen;121;Quintana Roo;228;Executive Chef;1;3;3;3
30038;Playa del Carmen;121;Quintana Roo;300;Sales Host;1;1;1;1
30038;Playa del Carmen;121;Quintana Roo;437;Groups & Events Manager;1;12;12;12
30038;Playa del Carmen;121;Quintana Roo;565;Laundry Manager;1;0;0;0
30038;Playa del Carmen;121;Quintana Roo;661;Restaurant Manager;1;8;8;8
30038;Playa del Carmen;121;Quintana Roo;665;Sommelier;1;4;4;4
30038;Playa del Carmen;121;Quintana Roo;725;Security Guard;1;2;2;2
30044;Artá;7;Islas Baleares;221;Cook;1;22;22;22
30044;Artá;7;Islas Baleares;226;Dishwasher;1;47;47;47
30044;Artá;7;Islas Baleares;257;Chef de Partie;1;18;18;18
30026;Palmanova;7;Islas Baleares;495;Mason;1;16;16;16
30026;Palmanova;7;Islas Baleares;501;Technical Services Officer;1;16;16;16
30026;Palmanova;7;Islas Baleares;550;Assistant Hotel Manager;1;24;24;24
30026;Palmanova;7;Islas Baleares;293;Sales Agent;1;6;6;6
30026;Palmanova;7;Islas Baleares;376;Hospitality Consultant;1;64;64;64
30026;Palmanova;7;Islas Baleares;493;Maintenance Officer;1;36;36;36
30026;Palmanova;7;Islas Baleares;697;Masseur;1;76;76;76
30026;Palmanova;7;Islas Baleares;761;Technical Services Assistant;1;6;6;6
30030;Alfredo V. Bonfil;121;Quintana Roo;293;Sales Agent;1;38;38;38
30038;Playa del Carmen;121;Quintana Roo;79;Hotel Director;1;14;14;14
30038;Playa del Carmen;121;Quintana Roo;80;Hotel Manager;1;5;5;5
30038;Playa del Carmen;121;Quintana Roo;120;Reservations Manager;1;6;6;6
30038;Playa del Carmen;121;Quintana Roo;141;Entertainment Manager;1;16;16;16
29977;Tenerife;333;Islas Canarias;570;Assistant Head of Reception;1;129;129;129
29977;Tenerife;333;Islas Canarias;577;Concierge;1;48;48;48
29977;Tenerife;333;Islas Canarias;587;Night Auditor;1;8;8;8
29977;Tenerife;333;Islas Canarias;247;Pastry Assistant;1;9;9;9
29977;Tenerife;333;Islas Canarias;254;Sous Chef;1;10;10;10
29977;Tenerife;333;Islas Canarias;302;Sales Manager;1;31;31;31
29977;Tenerife;333;Islas Canarias;482;Electrical Maintenance Technician;1;18;18;18
29977;Tenerife;333;Islas Canarias;226;Dishwasher;1;18;18;18
29953;Caniçal;182;Madeira;631;Assistant Restaurant Manager;1;21;21;21
29953;Caniçal;182;Madeira;254;Sous Chef;1;20;20;20
29953;Caniçal;182;Madeira;507;Advertising Manager;1;16;16;16
29953;Caniçal;182;Madeira;551;Assistant Executive Housekeeper;1;10;10;10
29956;Mazagón;21;Huelva;552;Chambermaid;1;70;70;70
29968;La Jonquera;17;Girona;221;Cook;1;40;40;40
29971;Guia;137;Faro;218;Chef;1;18;18;18
29971;Guia;137;Faro;483;Electrician;1;13;13;13
29971;Guia;137;Faro;580;Front Office Manager;1;12;12;12
29971;Guia;137;Faro;657;Bartender;1;21;21;21
29971;Guia;137;Faro;665;Sommelier;1;19;19;19
29973;Sa Coma;7;Islas Baleares;159;Tourist Animator;1;46;46;46
29976;Famões;132;Lisboa;293;Sales Agent;1;97;97;97
29977;Tenerife;333;Islas Canarias;79;Hotel Director;1;217;217;217
29977;Tenerife;333;Islas Canarias;80;Hotel Manager;1;15;15;15
29977;Tenerife;333;Islas Canarias;124;Actor;1;60;60;60
29977;Tenerife;333;Islas Canarias;142;Events Coordinator;1;10;10;10
29977;Tenerife;333;Islas Canarias;177;GEX - Guest Experience Assistant;1;10;10;10
29953;Caniçal;182;Madeira;653;Host/Hostess;1;26;26;26
29953;Caniçal;182;Madeira;657;Bartender;1;16;16;16
29953;Caniçal;182;Madeira;665;Sommelier;1;10;10;10
29953;Caniçal;182;Madeira;669;Waiter;1;15;15;15
29953;Caniçal;182;Madeira;680;Body Treatment Specialist;1;20;20;20
29953;Caniçal;182;Madeira;714;Spa Receptionist;1;9;9;9
29953;Caniçal;182;Madeira;715;Spa Therapist;1;15;15;15
29977;Tenerife;333;Islas Canarias;661;Restaurant Manager;1;24;24;24
29977;Tenerife;333;Islas Canarias;493;Maintenance Officer;1;28;28;28
29977;Tenerife;333;Islas Canarias;494;Maintenance Technician;1;23;23;23
29977;Tenerife;333;Islas Canarias;617;Learning and Talent Development Specialist;1;4;4;4
29977;Tenerife;333;Islas Canarias;618;Occupational Risk Prevention Technician;1;106;106;106
29977;Tenerife;333;Islas Canarias;630;Assistant Head Waiter;1;10;10;10
29977;Tenerife;333;Islas Canarias;634;Bar Manager;1;15;15;15
29985;Mallorca;419;Mallorca;226;Dishwasher;1;122;122;122
29985;Mallorca;419;Mallorca;228;Executive Chef;1;43;43;43
29985;Mallorca;419;Mallorca;243;Kitchen Assistant;1;35;35;35
29985;Mallorca;419;Mallorca;254;Sous Chef;1;22;22;22
29985;Mallorca;419;Mallorca;282;Partners Specialist;1;17;17;17
29985;Mallorca;419;Mallorca;535;Marketing Specialist;1;15;15;15
29985;Mallorca;419;Mallorca;550;Assistant Hotel Manager;1;68;68;68
29985;Mallorca;419;Mallorca;492;Maintenance Assistant;1;22;22;22
29985;Mallorca;419;Mallorca;432;Events Sales Executive;1;28;28;28
29985;Mallorca;419;Mallorca;471;Tour Guide;1;18;18;18
29985;Mallorca;419;Mallorca;482;Electrical Maintenance Technician;1;17;17;17
29985;Mallorca;419;Mallorca;117;Travel guide;1;33;33;33
29985;Mallorca;419;Mallorca;22;Accounts Receivable Technician;1;8;8;8
29985;Mallorca;419;Mallorca;26;Administrative Assistant;1;31;31;31
29985;Mallorca;419;Mallorca;61;Finance Manager;1;29;29;29
29812;València;46;Valencia;664;Restaurant Section Head;1;18;18;18
29812;València;46;Valencia;713;Spa Manager;1;42;42;42
29812;València;46;Valencia;760;Product Development Manager;1;33;33;33
29812;València;46;Valencia;773;Cabin Crew;1;0;0;0
29812;València;46;Valencia;798;Onboard Casino Host;1;29;29;29
29813;Playas de Muro;7;Islas Baleares;47;Chief Operations Officer (COO);1;48;48;48
29813;Playas de Muro;7;Islas Baleares;165;Customer Service Advisor;1;0;0;0
29813;Playas de Muro;7;Islas Baleares;345;Supply Department Assistant;1;0;0;0
29813;Playas de Muro;7;Islas Baleares;557;Executive Housekeeper;1;48;48;48
29813;Playas de Muro;7;Islas Baleares;572;Bellboy;1;4;4;4
29813;Playas de Muro;7;Islas Baleares;584;Hotel Receptionist;1;0;0;0
29815;Calviá;7;Islas Baleares;130;Children's Animator;1;46;46;46
29815;Calviá;7;Islas Baleares;163;Fitness Animator;1;41;41;41
29815;Calviá;7;Islas Baleares;166;Customer Service Agent;1;65;65;65
29813;Playas de Muro;7;Islas Baleares;653;Host/Hostess;1;124;124;124
29813;Playas de Muro;7;Islas Baleares;634;Bar Manager;1;23;23;23
29815;Calviá;7;Islas Baleares;2;Accounting Assistant;1;28;28;28
29815;Calviá;7;Islas Baleares;26;Administrative Assistant;1;0;0;0
29815;Calviá;7;Islas Baleares;28;Administrative Intern;1;10;10;10
29815;Calviá;7;Islas Baleares;75;Head of Administration;1;18;18;18
29815;Calviá;7;Islas Baleares;76;Head of Finance;1;14;14;14
29815;Calviá;7;Islas Baleares;79;Hotel Director;1;14;14;14
29815;Calviá;7;Islas Baleares;89;Valet Parking;1;17;17;17
29815;Calviá;7;Islas Baleares;125;Animation Assistant;1;63;63;63
29815;Calviá;7;Islas Baleares;493;Maintenance Officer;1;18;18;18
29815;Calviá;7;Islas Baleares;275;Marketing and Sales Manager;1;56;56;56
29815;Calviá;7;Islas Baleares;293;Sales Agent;1;23;23;23
29815;Calviá;7;Islas Baleares;301;Sales Intern;1;10;10;10
29815;Calviá;7;Islas Baleares;315;Store Manager;1;7;7;7
29815;Calviá;7;Islas Baleares;346;Supply Department Manager;1;17;17;17
29815;Calviá;7;Islas Baleares;438;Groups & Events Sales Manager;1;44;44;44
29815;Calviá;7;Islas Baleares;482;Electrical Maintenance Technician;1;7;7;7
29815;Calviá;7;Islas Baleares;572;Bellboy;1;73;73;73
29815;Calviá;7;Islas Baleares;587;Night Auditor;1;40;40;40
29815;Calviá;7;Islas Baleares;563;Ironing Staff;1;28;28;28
29815;Calviá;7;Islas Baleares;564;Laundry Attendant;1;26;26;26
29815;Calviá;7;Islas Baleares;501;Technical Services Officer;1;33;33;33
29815;Calviá;7;Islas Baleares;502;Technical Services Specialist;1;35;35;35
29815;Calviá;7;Islas Baleares;503;Warehouse Stock Handler;1;50;50;50
29815;Calviá;7;Islas Baleares;540;Public Relations Manager;1;29;29;29
29815;Calviá;7;Islas Baleares;550;Assistant Hotel Manager;1;21;21;21
29812;València;46;Valencia;600;Revenue Agent;1;2;2;2
29812;València;46;Valencia;610;Human Resources Consultant;1;16;16;16
29812;València;46;Valencia;611;Human Resources Coordinator;1;19;19;19
29812;València;46;Valencia;624;Talent Acquisition Assistant;1;78;78;78
29812;València;46;Valencia;628;Assistant Bar Manager;1;41;41;41
29812;València;46;Valencia;631;Assistant Restaurant Manager;1;41;41;41
29812;València;46;Valencia;640;Cashier;1;27;27;27
29812;València;46;Valencia;593;Human Resources Intern;1;4;4;4
29812;València;46;Valencia;595;Recruitment Manager;1;9;9;9
29812;València;46;Valencia;577;Concierge;1;34;34;34
29812;València;46;Valencia;538;Public Relations Assistant;1;1;1;1
29812;València;46;Valencia;473;Tourism Agent;1;101;101;101
29812;València;46;Valencia;479;Window Cleaner;1;16;16;16
29812;València;46;Valencia;485;Facilities Assistant;1;44;44;44
29812;València;46;Valencia;493;Maintenance Officer;1;25;25;25
29812;València;46;Valencia;502;Technical Services Specialist;1;17;17;17
29812;València;46;Valencia;201;Head of Quality;1;37;37;37
29812;València;46;Valencia;117;Travel guide;1;35;35;35
29812;València;46;Valencia;220;Commis Chef;1;16;16;16
29812;València;46;Valencia;165;Customer Service Advisor;1;0;0;0
29812;València;46;Valencia;166;Customer Service Agent;1;0;0;0
29812;València;46;Valencia;170;Customer Service Manager;1;0;0;0
29812;València;46;Valencia;171;Customer Service Specialist;1;0;0;0
29812;València;46;Valencia;177;GEX - Guest Experience Assistant;1;48;48;48
29812;València;46;Valencia;180;GEX - Guest Experience Manager;1;57;57;57
29812;València;46;Valencia;181;GEX - Guest Experience Coordinator;1;2;2;2
29812;València;46;Valencia;302;Sales Manager;1;69;69;69
29812;València;46;Valencia;314;Salesperson Call Center;1;8;8;8
29812;València;46;Valencia;316;Store Sales Assistant;1;307;307;307
29812;València;46;Valencia;376;Hospitality Consultant;1;87;87;87
29812;València;46;Valencia;378;Hotel Management Consultant;1;30;30;30
29812;València;46;Valencia;439;Groups and MICE Coordinator;1;32;32;32
29812;València;46;Valencia;300;Sales Host;1;16;16;16
29812;València;46;Valencia;267;Commercial Manager;1;8;8;8
29812;València;46;Valencia;270;Group Sales Manager;1;64;64;64
29812;València;46;Valencia;274;Marketing and Sales Director;1;43;43;43
29826;Cascaes;417;Cascais;572;Bellboy;1;23;23;23
29826;Cascaes;417;Cascais;580;Front Office Manager;1;17;17;17
29826;Cascaes;417;Cascais;243;Kitchen Assistant;1;30;30;30
29826;Cascaes;417;Cascais;257;Chef de Partie;1;9;9;9
29826;Cascaes;417;Cascais;489;Maintenance Manager;1;6;6;6
29826;Cascaes;417;Cascais;493;Maintenance Officer;1;20;20;20
29828;Playa Blanca;35;Las Palmas;23;Administrative;1;1;1;1
29828;Playa Blanca;35;Las Palmas;125;Animation Assistant;1;92;92;92
29826;Cascaes;417;Cascais;632;Bakery Attendant;1;18;18;18
29826;Cascaes;417;Cascais;652;Head Waiter;1;10;10;10
29815;Calviá;7;Islas Baleares;630;Assistant Head Waiter;1;20;20;20
29815;Calviá;7;Islas Baleares;634;Bar Manager;1;109;109;109
29815;Calviá;7;Islas Baleares;596;Recruitment Technician;1;32;32;32
29815;Calviá;7;Islas Baleares;605;Employee Relations Specialist;1;9;9;9
29815;Calviá;7;Islas Baleares;611;Human Resources Coordinator;1;12;12;12
29815;Calviá;7;Islas Baleares;615;Human Resources Technician;1;3;3;3
29826;Cascaes;417;Cascais;119;Reservation Agent;1;27;27;27
29826;Cascaes;417;Cascais;218;Chef;1;20;20;20
29815;Calviá;7;Islas Baleares;697;Masseur;1;14;14;14
29815;Calviá;7;Islas Baleares;761;Technical Services Assistant;1;8;8;8
29815;Calviá;7;Islas Baleares;664;Restaurant Section Head;1;27;27;27
29830;Lanzarote;35;Las Palmas;181;GEX - Guest Experience Coordinator;1;19;19;19
29830;Lanzarote;35;Las Palmas;489;Maintenance Manager;1;81;81;81
29830;Lanzarote;35;Las Palmas;494;Maintenance Technician;1;28;28;28
29830;Lanzarote;35;Las Palmas;502;Technical Services Specialist;1;1;1;1
29830;Lanzarote;35;Las Palmas;247;Pastry Assistant;1;18;18;18
29830;Lanzarote;35;Las Palmas;254;Sous Chef;1;13;13;13
29830;Lanzarote;35;Las Palmas;257;Chef de Partie;1;15;15;15
29830;Lanzarote;35;Las Palmas;266;Commercial and Marketing Manager;1;6;6;6
29828;Playa Blanca;35;Las Palmas;637;Barista;1;22;22;22
29828;Playa Blanca;35;Las Palmas;664;Restaurant Section Head;1;11;11;11
29828;Playa Blanca;35;Las Palmas;557;Executive Housekeeper;1;10;10;10
29828;Playa Blanca;35;Las Palmas;572;Bellboy;1;22;22;22
29828;Playa Blanca;35;Las Palmas;584;Hotel Receptionist;1;74;74;74
29828;Playa Blanca;35;Las Palmas;488;Gardening Assistant;1;15;15;15
29828;Playa Blanca;35;Las Palmas;489;Maintenance Manager;1;36;36;36
29828;Playa Blanca;35;Las Palmas;494;Maintenance Technician;1;19;19;19
29828;Playa Blanca;35;Las Palmas;497;Building Repairer;1;11;11;11
29839;Vila Nova de Cacela;137;Faro;572;Bellboy;1;18;18;18
29839;Vila Nova de Cacela;137;Faro;634;Bar Manager;1;17;17;17
29839;Vila Nova de Cacela;137;Faro;657;Bartender;1;19;19;19
29839;Vila Nova de Cacela;137;Faro;669;Waiter;1;16;16;16
29841;Melides;135;Setúbal;218;Chef;1;31;31;31
29841;Melides;135;Setúbal;572;Bellboy;1;10;10;10
29841;Melides;135;Setúbal;580;Front Office Manager;1;1;1;1
29841;Melides;135;Setúbal;590;Reception Assistant;1;21;21;21
29841;Melides;135;Setúbal;591;Receptionist;1;33;33;33
29841;Melides;135;Setúbal;628;Assistant Bar Manager;1;14;14;14
29841;Melides;135;Setúbal;631;Assistant Restaurant Manager;1;2;2;2
29841;Melides;135;Setúbal;636;Barback;1;3;3;3
29841;Melides;135;Setúbal;650;Food and Beverage Manager;1;13;13;13
29841;Melides;135;Setúbal;652;Head Waiter;1;30;30;30
29841;Melides;135;Setúbal;653;Host/Hostess;1;20;20;20
29842;Estartit;17;Girona;474;Tourist Information Guide;1;28;28;28
29842;Estartit;17;Girona;490;Air Conditioning Maintenance Technician;1;9;9;9
29842;Estartit;17;Girona;492;Maintenance Assistant;1;24;24;24
29842;Estartit;17;Girona;496;Plumber;1;9;9;9
29842;Estartit;17;Girona;552;Chambermaid;1;37;37;37
29842;Estartit;17;Girona;561;Housekeeping Staff;1;69;69;69
29842;Estartit;17;Girona;647;Food and Beverage Assistant;1;63;63;63
29842;Estartit;17;Girona;159;Tourist Animator;1;50;50;50
29842;Estartit;17;Girona;221;Cook;1;23;23;23
29841;Melides;135;Setúbal;228;Executive Chef;1;25;25;25
29831;San Antonio Abad;7;Islas Baleares;715;Spa Therapist;1;27;27;27
29841;Melides;135;Setúbal;396;Sommelier Consultant;1;9;9;9
29831;San Antonio Abad;7;Islas Baleares;552;Chambermaid;1;133;133;133
29831;San Antonio Abad;7;Islas Baleares;557;Executive Housekeeper;1;44;44;44
29831;San Antonio Abad;7;Islas Baleares;561;Housekeeping Staff;1;12;12;12
29831;San Antonio Abad;7;Islas Baleares;570;Assistant Head of Reception;1;34;34;34
29831;San Antonio Abad;7;Islas Baleares;630;Assistant Head Waiter;1;20;20;20
29831;San Antonio Abad;7;Islas Baleares;584;Hotel Receptionist;1;19;19;19
29831;San Antonio Abad;7;Islas Baleares;587;Night Auditor;1;29;29;29
29831;San Antonio Abad;7;Islas Baleares;550;Assistant Hotel Manager;1;87;87;87
29831;San Antonio Abad;7;Islas Baleares;48;Operations Manager;1;17;17;17
29831;San Antonio Abad;7;Islas Baleares;140;Entertainment Coordinator;1;7;7;7
29831;San Antonio Abad;7;Islas Baleares;286;Rental Sales Consultant;1;15;15;15
29831;San Antonio Abad;7;Islas Baleares;346;Supply Department Manager;1;33;33;33
29831;San Antonio Abad;7;Islas Baleares;439;Groups and MICE Coordinator;1;17;17;17
29831;San Antonio Abad;7;Islas Baleares;443;Maitre in Charge of Room and Events;1;16;16;16
29831;San Antonio Abad;7;Islas Baleares;489;Maintenance Manager;1;22;22;22
29830;Lanzarote;35;Las Palmas;653;Host/Hostess;1;24;24;24
29830;Lanzarote;35;Las Palmas;665;Sommelier;1;19;19;19
29830;Lanzarote;35;Las Palmas;668;Waiter Assistant;1;118;118;118
29831;San Antonio Abad;7;Islas Baleares;228;Executive Chef;1;37;37;37
29830;Lanzarote;35;Las Palmas;557;Executive Housekeeper;1;27;27;27
29830;Lanzarote;35;Las Palmas;570;Assistant Head of Reception;1;28;28;28
29831;San Antonio Abad;7;Islas Baleares;8;Accounting Technician;1;19;19;19
29858;Menorca;7;Islas Baleares;179;GEX - Guest Experience Director;1;15;15;15
29858;Menorca;7;Islas Baleares;180;GEX - Guest Experience Manager;1;6;6;6
29858;Menorca;7;Islas Baleares;181;GEX - Guest Experience Coordinator;1;12;12;12
29858;Menorca;7;Islas Baleares;218;Chef;1;45;45;45
29856;La Manga;30;Murcia;591;Receptionist;1;69;69;69
29856;La Manga;30;Murcia;687;First aid attendant;1;4;4;4
29858;Menorca;7;Islas Baleares;80;Hotel Manager;1;22;22;22
29858;Menorca;7;Islas Baleares;163;Fitness Animator;1;88;88;88
29856;La Manga;30;Murcia;257;Chef de Partie;1;15;15;15
29856;La Manga;30;Murcia;346;Supply Department Manager;1;11;11;11
29855;Santa Ponsa;7;Islas Baleares;657;Bartender;1;46;46;46
29858;Menorca;7;Islas Baleares;248;Pastry Chef;1;25;25;25
29858;Menorca;7;Islas Baleares;226;Dishwasher;1;24;24;24
29858;Menorca;7;Islas Baleares;439;Groups and MICE Coordinator;1;7;7;7
29858;Menorca;7;Islas Baleares;485;Facilities Assistant;1;12;12;12
29858;Menorca;7;Islas Baleares;486;Facilities Technician;1;9;9;9
29858;Menorca;7;Islas Baleares;492;Maintenance Assistant;1;9;9;9
29858;Menorca;7;Islas Baleares;494;Maintenance Technician;1;6;6;6
29858;Menorca;7;Islas Baleares;505;Car Washer;1;12;12;12
29858;Menorca;7;Islas Baleares;632;Bakery Attendant;1;7;7;7
29858;Menorca;7;Islas Baleares;653;Host/Hostess;1;74;74;74
29858;Menorca;7;Islas Baleares;570;Assistant Head of Reception;1;33;33;33
29858;Menorca;7;Islas Baleares;584;Hotel Receptionist;1;30;30;30
29858;Menorca;7;Islas Baleares;590;Reception Assistant;1;13;13;13
29864;Porto Cristo;7;Islas Baleares;580;Front Office Manager;1;24;24;24
29864;Porto Cristo;7;Islas Baleares;589;Night Receptionist;1;71;71;71
29864;Porto Cristo;7;Islas Baleares;591;Receptionist;1;77;77;77
29864;Porto Cristo;7;Islas Baleares;652;Head Waiter;1;39;39;39
29873;Colonia de Sant Jordi;7;Islas Baleares;23;Administrative;1;19;19;19
29873;Colonia de Sant Jordi;7;Islas Baleares;79;Hotel Director;1;93;93;93
29873;Colonia de Sant Jordi;7;Islas Baleares;119;Reservation Agent;1;25;25;25
29873;Colonia de Sant Jordi;7;Islas Baleares;125;Animation Assistant;1;13;13;13
29873;Colonia de Sant Jordi;7;Islas Baleares;210;Assistant Baker;1;8;8;8
29873;Colonia de Sant Jordi;7;Islas Baleares;257;Chef de Partie;1;5;5;5
29873;Colonia de Sant Jordi;7;Islas Baleares;439;Groups and MICE Coordinator;1;8;8;8
29873;Colonia de Sant Jordi;7;Islas Baleares;446;MICE Manager;1;9;9;9
29873;Colonia de Sant Jordi;7;Islas Baleares;482;Electrical Maintenance Technician;1;16;16;16
29873;Colonia de Sant Jordi;7;Islas Baleares;489;Maintenance Manager;1;17;17;17
29861;San José;7;Islas Baleares;413;Catering Manager;1;11;11;11
29864;Porto Cristo;7;Islas Baleares;26;Administrative Assistant;1;66;66;66
29864;Porto Cristo;7;Islas Baleares;218;Chef;1;50;50;50
29864;Porto Cristo;7;Islas Baleares;489;Maintenance Manager;1;18;18;18
29864;Porto Cristo;7;Islas Baleares;494;Maintenance Technician;1;29;29;29
29860;Peguera;7;Islas Baleares;159;Tourist Animator;1;0;0;0
29860;Peguera;7;Islas Baleares;226;Dishwasher;1;122;122;122
29859;Fatima;133;Leiria;584;Hotel Receptionist;1;13;13;13
29860;Peguera;7;Islas Baleares;634;Bar Manager;1;0;0;0
29860;Peguera;7;Islas Baleares;661;Restaurant Manager;1;31;31;31
29860;Peguera;7;Islas Baleares;668;Waiter Assistant;1;36;36;36
29844;Camp de Mar;7;Islas Baleares;564;Laundry Attendant;1;21;21;21
29844;Camp de Mar;7;Islas Baleares;577;Concierge;1;26;26;26
29844;Camp de Mar;7;Islas Baleares;596;Recruitment Technician;1;13;13;13
29844;Camp de Mar;7;Islas Baleares;630;Assistant Head Waiter;1;16;16;16
29844;Camp de Mar;7;Islas Baleares;636;Barback;1;28;28;28
29842;Estartit;17;Girona;692;Lifesaver;1;31;31;31
29842;Estartit;17;Girona;724;Nightwatchman;1;32;32;32
29842;Estartit;17;Girona;771;Bus Driver;1;12;12;12
29844;Camp de Mar;7;Islas Baleares;26;Administrative Assistant;1;25;25;25
29844;Camp de Mar;7;Islas Baleares;221;Cook;1;12;12;12
29844;Camp de Mar;7;Islas Baleares;492;Maintenance Assistant;1;4;4;4
29844;Camp de Mar;7;Islas Baleares;494;Maintenance Technician;1;20;20;20
29844;Camp de Mar;7;Islas Baleares;501;Technical Services Officer;1;16;16;16
29849;Puigpuñent;7;Islas Baleares;652;Head Waiter;1;168;168;168
29849;Puigpuñent;7;Islas Baleares;665;Sommelier;1;78;78;78
29849;Puigpuñent;7;Islas Baleares;715;Spa Therapist;1;56;56;56
29850;Matalascañas;21;Huelva;218;Chef;1;18;18;18
29849;Puigpuñent;7;Islas Baleares;487;Gardener;1;12;12;12
29849;Puigpuñent;7;Islas Baleares;552;Chambermaid;1;110;110;110
29849;Puigpuñent;7;Islas Baleares;564;Laundry Attendant;1;43;43;43
29844;Camp de Mar;7;Islas Baleares;677;Babysitter;1;4;4;4
29855;Santa Ponsa;7;Islas Baleares;551;Assistant Executive Housekeeper;1;34;34;34
29855;Santa Ponsa;7;Islas Baleares;552;Chambermaid;1;124;124;124
29855;Santa Ponsa;7;Islas Baleares;580;Front Office Manager;1;69;69;69
29855;Santa Ponsa;7;Islas Baleares;584;Hotel Receptionist;1;80;80;80
29851;L'Hospitalet de Llobregat;8;Barcelona;628;Assistant Bar Manager;1;20;20;20
29851;L'Hospitalet de Llobregat;8;Barcelona;632;Bakery Attendant;1;19;19;19
29851;L'Hospitalet de Llobregat;8;Barcelona;637;Barista;1;96;96;96
29851;L'Hospitalet de Llobregat;8;Barcelona;650;Food and Beverage Manager;1;49;49;49
29851;L'Hospitalet de Llobregat;8;Barcelona;652;Head Waiter;1;26;26;26
29851;L'Hospitalet de Llobregat;8;Barcelona;668;Waiter Assistant;1;181;181;181
29851;L'Hospitalet de Llobregat;8;Barcelona;771;Bus Driver;1;51;51;51
29854;Pêra;137;Faro;591;Receptionist;1;19;19;19
29855;Santa Ponsa;7;Islas Baleares;61;Finance Manager;1;27;27;27
29855;Santa Ponsa;7;Islas Baleares;79;Hotel Director;1;116;116;116
29855;Santa Ponsa;7;Islas Baleares;221;Cook;1;0;0;0
29855;Santa Ponsa;7;Islas Baleares;441;Head Waiter for Catering & Events;1;0;0;0
29855;Santa Ponsa;7;Islas Baleares;498;Swimming Pool Maintenance;1;25;25;25
29851;L'Hospitalet de Llobregat;8;Barcelona;494;Maintenance Technician;1;40;40;40
29851;L'Hospitalet de Llobregat;8;Barcelona;503;Warehouse Stock Handler;1;0;0;0
29851;L'Hospitalet de Llobregat;8;Barcelona;551;Assistant Executive Housekeeper;1;74;74;74
29850;Matalascañas;21;Huelva;257;Chef de Partie;1;27;27;27
29851;L'Hospitalet de Llobregat;8;Barcelona;26;Administrative Assistant;1;2;2;2
29851;L'Hospitalet de Llobregat;8;Barcelona;142;Events Coordinator;1;31;31;31
29851;L'Hospitalet de Llobregat;8;Barcelona;243;Kitchen Assistant;1;193;193;193
29851;L'Hospitalet de Llobregat;8;Barcelona;286;Rental Sales Consultant;1;4;4;4
29851;L'Hospitalet de Llobregat;8;Barcelona;334;Purchasing Assistant;1;15;15;15
29851;L'Hospitalet de Llobregat;8;Barcelona;357;English Teacher;1;12;12;12
29851;L'Hospitalet de Llobregat;8;Barcelona;432;Events Sales Executive;1;30;30;30
29897;Corralejo;35;Las Palmas;560;Cleaning Manager;1;1;1;1
29897;Corralejo;35;Las Palmas;572;Bellboy;1;11;11;11
29897;Corralejo;35;Las Palmas;580;Front Office Manager;1;35;35;35
29897;Corralejo;35;Las Palmas;584;Hotel Receptionist;1;0;0;0
29897;Corralejo;35;Las Palmas;590;Reception Assistant;1;71;71;71
29897;Corralejo;35;Las Palmas;606;Head of Human Resources;1;27;27;27
29897;Corralejo;35;Las Palmas;611;Human Resources Coordinator;1;8;8;8
29900;Cala Rajada;7;Islas Baleares;218;Chef;1;42;42;42
29900;Cala Rajada;7;Islas Baleares;557;Executive Housekeeper;1;6;6;6
29900;Cala Rajada;7;Islas Baleares;561;Housekeeping Staff;1;4;4;4
29900;Cala Rajada;7;Islas Baleares;628;Assistant Bar Manager;1;3;3;3
29900;Cala Rajada;7;Islas Baleares;630;Assistant Head Waiter;1;10;10;10
29893;Es Pujols;7;Islas Baleares;254;Sous Chef;1;44;44;44
29897;Corralejo;35;Las Palmas;250;Pastry Shop Manager;1;7;7;7
29897;Corralejo;35;Las Palmas;257;Chef de Partie;1;8;8;8
29897;Corralejo;35;Las Palmas;489;Maintenance Manager;1;16;16;16
29897;Corralejo;35;Las Palmas;501;Technical Services Officer;1;8;8;8
29897;Corralejo;35;Las Palmas;550;Assistant Hotel Manager;1;78;78;78
29894;Cala en Bosc;7;Islas Baleares;580;Front Office Manager;1;61;61;61
29897;Corralejo;35;Las Palmas;23;Administrative;1;14;14;14
29897;Corralejo;35;Las Palmas;165;Customer Service Advisor;1;0;0;0
29893;Es Pujols;7;Islas Baleares;531;Marketing Consultant;1;18;18;18
29893;Es Pujols;7;Islas Baleares;591;Receptionist;1;94;94;94
29893;Es Pujols;7;Islas Baleares;642;Cocktail Bar Manager;1;50;50;50
29912;Maspalomas;35;Las Palmas;226;Dishwasher;1;30;30;30
29900;Cala Rajada;7;Islas Baleares;243;Kitchen Assistant;1;16;16;16
29900;Cala Rajada;7;Islas Baleares;248;Pastry Chef;1;17;17;17
29901;Playa de la Américas;38;Santa Cruz de Tenerife;113;Travel Agent;1;23;23;23
29901;Playa de la Américas;38;Santa Cruz de Tenerife;119;Reservation Agent;1;0;0;0
29901;Playa de la Américas;38;Santa Cruz de Tenerife;218;Chef;1;27;27;27
29901;Playa de la Américas;38;Santa Cruz de Tenerife;551;Assistant Executive Housekeeper;1;17;17;17
29901;Playa de la Américas;38;Santa Cruz de Tenerife;584;Hotel Receptionist;1;73;73;73
29901;Playa de la Américas;38;Santa Cruz de Tenerife;804;Ship Captain;1;7;7;7
29901;Playa de la Américas;38;Santa Cruz de Tenerife;809;Skipper;1;13;13;13
29903;Costa del Silencio;38;Santa Cruz de Tenerife;243;Kitchen Assistant;1;18;18;18
29903;Costa del Silencio;38;Santa Cruz de Tenerife;493;Maintenance Officer;1;19;19;19
29912;Maspalomas;35;Las Palmas;23;Administrative;1;38;38;38
29912;Maspalomas;35;Las Palmas;89;Valet Parking;1;7;7;7
29912;Maspalomas;35;Las Palmas;130;Children's Animator;1;0;0;0
29912;Maspalomas;35;Las Palmas;572;Bellboy;1;49;49;49
29912;Maspalomas;35;Las Palmas;729;Coastguard;1;12;12;12
29914;Magaluf;7;Islas Baleares;80;Hotel Manager;1;23;23;23
29912;Maspalomas;35;Las Palmas;293;Sales Agent;1;20;20;20
29912;Maspalomas;35;Las Palmas;313;Sales Assistant;1;1;1;1
29912;Maspalomas;35;Las Palmas;493;Maintenance Officer;1;9;9;9
29912;Maspalomas;35;Las Palmas;494;Maintenance Technician;1;24;24;24
29912;Maspalomas;35;Las Palmas;498;Swimming Pool Maintenance;1;36;36;36
29912;Maspalomas;35;Las Palmas;550;Assistant Hotel Manager;1;43;43;43
29912;Maspalomas;35;Las Palmas;551;Assistant Executive Housekeeper;1;28;28;28
29883;Portocolom;7;Islas Baleares;634;Bar Manager;1;23;23;23
29883;Portocolom;7;Islas Baleares;692;Lifesaver;1;9;9;9
29883;Portocolom;7;Islas Baleares;731;Pool Attendant;1;31;31;31
29883;Portocolom;7;Islas Baleares;590;Reception Assistant;1;101;101;101
29883;Portocolom;7;Islas Baleares;346;Supply Department Manager;1;67;67;67
29883;Portocolom;7;Islas Baleares;218;Chef;1;36;36;36
29881;Costa Calma;35;Las Palmas;589;Night Receptionist;1;32;32;32
29881;Costa Calma;35;Las Palmas;591;Receptionist;1;36;36;36
29881;Costa Calma;35;Las Palmas;668;Waiter Assistant;1;42;42;42
29881;Costa Calma;35;Las Palmas;669;Waiter;1;42;42;42
29883;Portocolom;7;Islas Baleares;74;Head of Accounting;1;11;11;11
29886;Canyamel;7;Islas Baleares;494;Maintenance Technician;1;17;17;17
29886;Canyamel;7;Islas Baleares;565;Laundry Manager;1;15;15;15
29885;Maliaño;39;Cantabria;166;Customer Service Agent;1;29;29;29
29886;Canyamel;7;Islas Baleares;248;Pastry Chef;1;17;17;17
29886;Canyamel;7;Islas Baleares;591;Receptionist;1;46;46;46
29886;Canyamel;7;Islas Baleares;634;Bar Manager;1;34;34;34
29886;Canyamel;7;Islas Baleares;714;Spa Receptionist;1;10;10;10
29887;Eja;147;Porto;591;Receptionist;1;90;90;90
29887;Eja;147;Porto;653;Host/Hostess;1;37;37;37
29873;Colonia de Sant Jordi;7;Islas Baleares;722;Bodyguard;1;6;6;6
29877;El Prat de Llobregat;8;Barcelona;26;Administrative Assistant;1;51;51;51
29877;El Prat de Llobregat;8;Barcelona;96;Supply Chain Manager;1;88;88;88
29877;El Prat de Llobregat;8;Barcelona;286;Rental Sales Consultant;1;19;19;19
29877;El Prat de Llobregat;8;Barcelona;425;Event Promoter;1;1;1;1
29877;El Prat de Llobregat;8;Barcelona;492;Maintenance Assistant;1;16;16;16
29877;El Prat de Llobregat;8;Barcelona;590;Reception Assistant;1;105;105;105
29877;El Prat de Llobregat;8;Barcelona;591;Receptionist;1;12;12;12
29877;El Prat de Llobregat;8;Barcelona;637;Barista;1;3;3;3
29877;El Prat de Llobregat;8;Barcelona;669;Waiter;1;22;22;22
29881;Costa Calma;35;Las Palmas;221;Cook;1;39;39;39
29881;Costa Calma;35;Las Palmas;226;Dishwasher;1;29;29;29
29881;Costa Calma;35;Las Palmas;243;Kitchen Assistant;1;45;45;45
29881;Costa Calma;35;Las Palmas;550;Assistant Hotel Manager;1;40;40;40
29873;Colonia de Sant Jordi;7;Islas Baleares;226;Dishwasher;1;300;300;300
29873;Colonia de Sant Jordi;7;Islas Baleares;565;Laundry Manager;1;10;10;10
29873;Colonia de Sant Jordi;7;Islas Baleares;587;Night Auditor;1;21;21;21
29873;Colonia de Sant Jordi;7;Islas Baleares;590;Reception Assistant;1;5;5;5
29873;Colonia de Sant Jordi;7;Islas Baleares;593;Human Resources Intern;1;7;7;7
29873;Colonia de Sant Jordi;7;Islas Baleares;630;Assistant Head Waiter;1;6;6;6
29873;Colonia de Sant Jordi;7;Islas Baleares;551;Assistant Executive Housekeeper;1;17;17;17
29873;Colonia de Sant Jordi;7;Islas Baleares;657;Bartender;1;30;30;30
29873;Colonia de Sant Jordi;7;Islas Baleares;668;Waiter Assistant;1;18;18;18
29873;Colonia de Sant Jordi;7;Islas Baleares;690;Holistic Therapist;1;20;20;20
